{
    "predicted_boxes": [
        [
            622.34375,
            653.1509399414062,
            656.9196166992188,
            684.158935546875
        ],
        [
            1119.937744140625,
            665.3989868164062,
            1198.677490234375,
            680.2258911132812
        ],
        [
            636.1807250976562,
            660.166015625,
            703.3430786132812,
            681.2023315429688
        ],
        [
            635.6480102539062,
            672.65380859375,
            703.2313842773438,
            687.3601684570312
        ],
        [
            765.8295288085938,
            650.4453125,
            802.0523071289062,
            676.66455078125
        ],
        [
            741.6505126953125,
            626.026123046875,
            778.8765258789062,
            656.9827270507812
        ],
        [
            1038.6204833984375,
            625.1564331054688,
            1063.771240234375,
            648.5216674804688
        ],
        [
            646.0161743164062,
            668.12109375,
            699.7409057617188,
            682.82666015625
        ],
        [
            621.6483154296875,
            655.5111694335938,
            715.2820434570312,
            686.73291015625
        ],
        [
            1123.21923828125,
            666.8428955078125,
            1158.9090576171875,
            679.012451171875
        ]
    ],
    "scores": [
        0.975471019744873,
        0.9684393405914307,
        0.8722959756851196,
        0.766028642654419,
        0.6525920629501343,
        0.537194013595581,
        0.3854198157787323,
        0.3208218812942505,
        0.08927109837532043,
        0.05777326226234436
    ]
}