{
    "predicted_boxes": [
        [
            1313.703125,
            50.76143264770508,
            1384.2259521484375,
            109.38965606689453
        ],
        [
            1317.5938720703125,
            109.48052215576172,
            1368.43212890625,
            130.57742309570312
        ],
        [
            480.2672424316406,
            664.6559448242188,
            618.2800903320312,
            725.954345703125
        ],
        [
            1796.009765625,
            174.1958465576172,
            1853.74267578125,
            200.1126708984375
        ]
    ],
    "scores": [
        0.9969108700752258,
        0.9248774647712708,
        0.6918209195137024,
        0.09762219339609146
    ]
}