{
    "predicted_boxes": [
        [
            1081.9080810546875,
            658.2743530273438,
            1121.7296142578125,
            686.9024658203125
        ],
        [
            588.7522583007812,
            658.5797729492188,
            627.5103149414062,
            688.1333618164062
        ],
        [
            163.66265869140625,
            458.6530456542969,
            194.11761474609375,
            482.9248352050781
        ]
    ],
    "scores": [
        0.9846033453941345,
        0.9402260184288025,
        0.4957085847854614
    ]
}