{
    "predicted_boxes": [
        [
            1064.79150390625,
            671.1793212890625,
            1096.2987060546875,
            697.152587890625
        ],
        [
            1092.007568359375,
            723.843994140625,
            1103.9031982421875,
            735.8536987304688
        ]
    ],
    "scores": [
        0.6039093136787415,
        0.08145514130592346
    ]
}