{
    "predicted_boxes": [
        [
            1161.63525390625,
            644.7930908203125,
            1260.4892578125,
            663.1844482421875
        ],
        [
            672.7440185546875,
            627.8745727539062,
            740.4459838867188,
            661.2334594726562
        ],
        [
            1041.23681640625,
            598.6760864257812,
            1070.233154296875,
            625.0366821289062
        ],
        [
            653.8618774414062,
            628.4893798828125,
            674.150634765625,
            663.9349975585938
        ],
        [
            624.5095825195312,
            583.4542236328125,
            679.9544067382812,
            629.1865844726562
        ],
        [
            1115.869873046875,
            628.6257934570312,
            1122.6558837890625,
            647.9308471679688
        ],
        [
            639.8346557617188,
            626.1493530273438,
            671.5048828125,
            644.3917236328125
        ],
        [
            1109.9788818359375,
            596.5902709960938,
            1122.2357177734375,
            619.4170532226562
        ],
        [
            1047.5711669921875,
            623.5232543945312,
            1061.702880859375,
            633.107421875
        ],
        [
            1028.3536376953125,
            645.3626708984375,
            1034.4993896484375,
            654.1492309570312
        ]
    ],
    "scores": [
        0.9916982650756836,
        0.9842889904975891,
        0.607661247253418,
        0.5827884674072266,
        0.3247006833553314,
        0.23673780262470245,
        0.12366412580013275,
        0.0652461051940918,
        0.05938854068517685,
        0.05905325338244438
    ]
}