{
    "predicted_boxes": [
        [
            139.7823944091797,
            351.81475830078125,
            178.78982543945312,
            387.41583251953125
        ]
    ],
    "scores": [
        0.9512414336204529
    ]
}