{
    "predicted_boxes": [
        [
            1186.615966796875,
            599.543701171875,
            1265.2840576171875,
            660.3314208984375
        ],
        [
            227.56219482421875,
            607.2050170898438,
            303.8701171875,
            664.2085571289062
        ],
        [
            1435.353759765625,
            643.9584350585938,
            1448.3984375,
            669.1845092773438
        ],
        [
            464.84332275390625,
            418.7248229980469,
            496.1941833496094,
            448.68212890625
        ],
        [
            606.5823974609375,
            725.6920776367188,
            618.2342529296875,
            741.5560302734375
        ]
    ],
    "scores": [
        0.9977515339851379,
        0.9968041181564331,
        0.7551594972610474,
        0.2972842752933502,
        0.09820722788572311
    ]
}