{
    "predicted_boxes": [
        [
            1101.4903564453125,
            600.8275756835938,
            1166.6563720703125,
            655.244384765625
        ],
        [
            1116.2078857421875,
            654.893798828125,
            1149.0257568359375,
            671.6929931640625
        ],
        [
            1826.0069580078125,
            655.729736328125,
            1918.5989990234375,
            735.89990234375
        ],
        [
            1659.409423828125,
            383.9061279296875,
            1720.599365234375,
            516.1825561523438
        ],
        [
            98.91998291015625,
            875.3365478515625,
            108.49861145019531,
            892.4569702148438
        ],
        [
            98.76255798339844,
            884.01708984375,
            107.61286926269531,
            893.6055297851562
        ],
        [
            1351.5172119140625,
            648.0670166015625,
            1365.2633056640625,
            699.1677856445312
        ],
        [
            99.4020767211914,
            871.05712890625,
            108.38021850585938,
            884.9329833984375
        ],
        [
            1546.389892578125,
            101.34603881835938,
            1551.6055908203125,
            114.352294921875
        ],
        [
            1351.2301025390625,
            571.1487426757812,
            1393.9549560546875,
            631.1522216796875
        ],
        [
            1059.814453125,
            670.6021728515625,
            1077.1796875,
            687.6539306640625
        ],
        [
            96.51533508300781,
            880.8184814453125,
            104.39977264404297,
            892.75732421875
        ]
    ],
    "scores": [
        0.9950307607650757,
        0.9902978539466858,
        0.9301803112030029,
        0.8175773620605469,
        0.4841635525226593,
        0.2823326885700226,
        0.2165280282497406,
        0.1923789232969284,
        0.12279916554689407,
        0.11067307740449905,
        0.08504738658666611,
        0.05812358483672142
    ]
}