{
    "predicted_boxes": [
        [
            935.8839721679688,
            293.1774597167969,
            979.2603759765625,
            331.59417724609375
        ],
        [
            937.2318725585938,
            298.37139892578125,
            961.7546997070312,
            328.7447204589844
        ],
        [
            583.9234619140625,
            742.3828735351562,
            596.8403930664062,
            757.8023681640625
        ],
        [
            62.59079360961914,
            695.4705810546875,
            90.57901000976562,
            722.7667236328125
        ]
    ],
    "scores": [
        0.9669173955917358,
        0.6052968502044678,
        0.40029147267341614,
        0.21384471654891968
    ]
}