{
    "predicted_boxes": [
        [
            25.77621078491211,
            660.1231689453125,
            53.8532829284668,
            681.2022094726562
        ]
    ],
    "scores": [
        0.9953861832618713
    ]
}