{
    "predicted_boxes": [
        [
            1173.4266357421875,
            650.2256469726562,
            1525.5013427734375,
            715.8298950195312
        ],
        [
            1170.2625732421875,
            650.7593994140625,
            1527.0816650390625,
            780.4588623046875
        ],
        [
            1146.3134765625,
            762.2513427734375,
            1493.4771728515625,
            833.568603515625
        ],
        [
            1242.344970703125,
            728.6602783203125,
            1265.373291015625,
            754.6738891601562
        ],
        [
            1252.6829833984375,
            667.54833984375,
            1275.0399169921875,
            697.883056640625
        ],
        [
            1156.220703125,
            696.04638671875,
            1516.2900390625,
            829.8892822265625
        ]
    ],
    "scores": [
        0.9425157904624939,
        0.7268372774124146,
        0.6722806692123413,
        0.1786295771598816,
        0.13967612385749817,
        0.1125824823975563
    ]
}