{
    "predicted_boxes": [
        [
            1192.6295166015625,
            667.1993408203125,
            1232.9998779296875,
            700.5792236328125
        ],
        [
            573.9267578125,
            667.6673583984375,
            618.2498168945312,
            699.9566040039062
        ],
        [
            1185.2437744140625,
            621.1641235351562,
            1241.62841796875,
            663.5814208984375
        ],
        [
            572.1556396484375,
            707.2012939453125,
            620.6572265625,
            742.812255859375
        ],
        [
            567.9456787109375,
            620.8824462890625,
            622.3052368164062,
            663.0347290039062
        ],
        [
            833.9049072265625,
            660.8052978515625,
            885.1419677734375,
            697.8434448242188
        ],
        [
            568.8963623046875,
            645.2958984375,
            622.3319091796875,
            697.9718017578125
        ],
        [
            419.4176025390625,
            738.9910888671875,
            437.22052001953125,
            760.7030029296875
        ],
        [
            1186.246826171875,
            708.703857421875,
            1230.1458740234375,
            746.7000122070312
        ],
        [
            764.7849731445312,
            682.7969970703125,
            823.1344604492188,
            703.51318359375
        ],
        [
            1156.7974853515625,
            731.006591796875,
            1162.62353515625,
            765.9945068359375
        ],
        [
            849.7617797851562,
            660.6416015625,
            879.68212890625,
            688.0596923828125
        ],
        [
            1185.6575927734375,
            641.8589477539062,
            1241.047119140625,
            702.9345703125
        ]
    ],
    "scores": [
        0.9835196137428284,
        0.9817461967468262,
        0.9647790193557739,
        0.9245019555091858,
        0.8944516777992249,
        0.8571454286575317,
        0.3856121003627777,
        0.36487963795661926,
        0.21740058064460754,
        0.1638813614845276,
        0.09546169638633728,
        0.06675690412521362,
        0.06146286427974701
    ]
}