{
    "predicted_boxes": [
        [
            1778.67626953125,
            647.0173950195312,
            1920.0,
            722.6727905273438
        ],
        [
            1113.3310546875,
            646.3666381835938,
            1146.6951904296875,
            663.239501953125
        ],
        [
            1100.3494873046875,
            591.0005493164062,
            1162.7384033203125,
            646.7465209960938
        ],
        [
            1340.081298828125,
            639.1248779296875,
            1354.94775390625,
            689.173583984375
        ],
        [
            1615.2010498046875,
            396.4407653808594,
            1671.7906494140625,
            514.8408813476562
        ],
        [
            1059.9913330078125,
            662.4549560546875,
            1077.04150390625,
            682.7755126953125
        ]
    ],
    "scores": [
        0.9965266585350037,
        0.9890150427818298,
        0.9834207892417908,
        0.9716164469718933,
        0.7657445669174194,
        0.35251739621162415
    ]
}