{
    "predicted_boxes": [
        [
            1355.5157470703125,
            668.82080078125,
            1575.9368896484375,
            709.8365478515625
        ],
        [
            258.74603271484375,
            645.0424194335938,
            277.9419860839844,
            693.081787109375
        ],
        [
            1064.540283203125,
            619.6704711914062,
            1110.637939453125,
            659.5228881835938
        ],
        [
            1075.7916259765625,
            658.1782836914062,
            1096.992919921875,
            672.358154296875
        ],
        [
            1049.2625732421875,
            665.361083984375,
            1063.7320556640625,
            695.7374877929688
        ],
        [
            1209.686279296875,
            657.7341918945312,
            1218.47021484375,
            690.3502197265625
        ],
        [
            1257.042724609375,
            561.841552734375,
            1283.12646484375,
            615.9118041992188
        ],
        [
            1049.882568359375,
            665.4872436523438,
            1062.080078125,
            681.8834228515625
        ],
        [
            1050.12353515625,
            680.2991333007812,
            1062.5228271484375,
            699.5880737304688
        ],
        [
            939.6864013671875,
            678.3526611328125,
            982.171875,
            693.6683959960938
        ],
        [
            932.3817138671875,
            695.7120361328125,
            987.754150390625,
            716.5353393554688
        ],
        [
            1432.5616455078125,
            673.2230224609375,
            1543.4405517578125,
            704.304443359375
        ],
        [
            1248.02880859375,
            611.1436767578125,
            1281.3531494140625,
            628.743408203125
        ],
        [
            1051.3111572265625,
            687.8696899414062,
            1061.2611083984375,
            700.6341552734375
        ],
        [
            1212.9669189453125,
            661.9996337890625,
            1220.115966796875,
            687.3882446289062
        ]
    ],
    "scores": [
        0.9995087385177612,
        0.9916030764579773,
        0.9898041486740112,
        0.9354979395866394,
        0.8951807618141174,
        0.8371458053588867,
        0.7359513640403748,
        0.5714331865310669,
        0.33450376987457275,
        0.2697448432445526,
        0.1992182731628418,
        0.16065983474254608,
        0.09677472710609436,
        0.09469407051801682,
        0.05423716828227043
    ]
}