{
    "predicted_boxes": [
        [
            497.88427734375,
            687.7235717773438,
            504.9390869140625,
            702.13330078125
        ],
        [
            392.3255615234375,
            659.8602294921875,
            412.31536865234375,
            686.2389526367188
        ],
        [
            499.19683837890625,
            706.9691772460938,
            506.1949462890625,
            722.0031127929688
        ],
        [
            405.63873291015625,
            703.89990234375,
            412.0492248535156,
            714.268310546875
        ],
        [
            499.6971130371094,
            715.2421875,
            506.2598876953125,
            723.3997802734375
        ],
        [
            357.12188720703125,
            716.6736450195312,
            365.4359130859375,
            727.3844604492188
        ],
        [
            404.6396484375,
            700.8095703125,
            411.3821105957031,
            711.8186645507812
        ],
        [
            498.69378662109375,
            718.479736328125,
            504.92449951171875,
            726.4310302734375
        ]
    ],
    "scores": [
        0.7355209589004517,
        0.67117840051651,
        0.5726794004440308,
        0.16295404732227325,
        0.11463046073913574,
        0.08082354068756104,
        0.07595831900835037,
        0.05664653703570366
    ]
}