{
    "predicted_boxes": [
        [
            1147.553466796875,
            636.7420043945312,
            1198.015869140625,
            681.3955078125
        ],
        [
            1142.76513671875,
            696.824951171875,
            1170.530517578125,
            723.072021484375
        ],
        [
            1154.81396484375,
            680.5975341796875,
            1187.5753173828125,
            698.9290771484375
        ],
        [
            1770.738037109375,
            70.81903076171875,
            1801.9010009765625,
            102.56116485595703
        ],
        [
            1777.701416015625,
            98.248291015625,
            1797.367919921875,
            111.63689422607422
        ],
        [
            1144.95556640625,
            682.2196044921875,
            1185.234619140625,
            725.255126953125
        ]
    ],
    "scores": [
        0.9968886971473694,
        0.9943138360977173,
        0.5689038634300232,
        0.39185988903045654,
        0.15746952593326569,
        0.0954427495598793
    ]
}