{
    "predicted_boxes": [
        [
            1682.763427734375,
            347.4358825683594,
            1916.4755859375,
            544.8480224609375
        ]
    ],
    "scores": [
        0.9013584852218628
    ]
}