{
    "predicted_boxes": [
        [
            402.6363220214844,
            361.0196533203125,
            439.0251159667969,
            393.8263854980469
        ],
        [
            163.4351806640625,
            361.6850891113281,
            201.86715698242188,
            393.603271484375
        ]
    ],
    "scores": [
        0.8973926901817322,
        0.8374965786933899
    ]
}