{
    "predicted_boxes": [
        [
            1816.6060791015625,
            83.20909118652344,
            1843.6473388671875,
            106.30908966064453
        ],
        [
            1913.034423828125,
            756.50146484375,
            1918.6619873046875,
            782.546875
        ],
        [
            1815.5849609375,
            85.56698608398438,
            1830.2164306640625,
            106.43708038330078
        ],
        [
            1827.7469482421875,
            84.07417297363281,
            1842.44873046875,
            105.0531234741211
        ]
    ],
    "scores": [
        0.8554547429084778,
        0.10027804225683212,
        0.09985967725515366,
        0.08320922404527664
    ]
}