{
    "predicted_boxes": [
        [
            507.4504089355469,
            601.1813354492188,
            569.084228515625,
            650.2349243164062
        ],
        [
            511.5164794921875,
            652.3626708984375,
            565.4993896484375,
            698.4900512695312
        ],
        [
            1211.19677734375,
            602.373046875,
            1276.23876953125,
            649.5304565429688
        ],
        [
            1218.4722900390625,
            653.3475952148438,
            1269.6400146484375,
            694.112060546875
        ],
        [
            511.20770263671875,
            701.8554077148438,
            568.037841796875,
            743.9225463867188
        ],
        [
            1214.7838134765625,
            701.3456420898438,
            1267.13134765625,
            746.4091186523438
        ],
        [
            1062.5479736328125,
            644.4498901367188,
            1081.677490234375,
            661.3837890625
        ]
    ],
    "scores": [
        0.9840952754020691,
        0.9600996971130371,
        0.8174509406089783,
        0.7914220690727234,
        0.7110872268676758,
        0.08261759579181671,
        0.05848502740263939
    ]
}