{
    "predicted_boxes": [
        [
            1171.24072265625,
            555.2533569335938,
            1285.40185546875,
            647.5908813476562
        ],
        [
            1206.0220947265625,
            650.117919921875,
            1255.6026611328125,
            680.19140625
        ],
        [
            1092.9114990234375,
            698.3466186523438,
            1146.5418701171875,
            739.9539184570312
        ],
        [
            978.57421875,
            26.165618896484375,
            1024.8565673828125,
            71.8593978881836
        ],
        [
            990.103271484375,
            68.10626220703125,
            1013.8799438476562,
            82.48661804199219
        ],
        [
            1115.94580078125,
            65.63460540771484,
            1123.8829345703125,
            87.3294906616211
        ]
    ],
    "scores": [
        0.99704509973526,
        0.9955304265022278,
        0.9950933456420898,
        0.9939247965812683,
        0.6423687934875488,
        0.6356746554374695
    ]
}