{
    "predicted_boxes": [
        [
            1101.50537109375,
            644.7410278320312,
            1469.756591796875,
            707.3922729492188
        ],
        [
            1088.3656005859375,
            644.5331420898438,
            1467.41455078125,
            786.7088623046875
        ],
        [
            1073.6434326171875,
            757.7042236328125,
            1430.0040283203125,
            826.9937744140625
        ],
        [
            1075.9251708984375,
            694.7450561523438,
            1462.96533203125,
            823.3741455078125
        ]
    ],
    "scores": [
        0.98856121301651,
        0.9435810446739197,
        0.6124233603477478,
        0.23329631984233856
    ]
}