{
    "predicted_boxes": [
        [
            1179.316650390625,
            633.8443603515625,
            1232.4595947265625,
            671.65478515625
        ],
        [
            1187.42529296875,
            675.3629150390625,
            1223.943115234375,
            705.54736328125
        ],
        [
            606.2160034179688,
            673.7848510742188,
            647.574951171875,
            708.8714599609375
        ],
        [
            601.2146606445312,
            633.045654296875,
            651.2543334960938,
            673.8400268554688
        ],
        [
            605.1900634765625,
            713.2179565429688,
            649.0582275390625,
            748.634033203125
        ],
        [
            1182.97119140625,
            714.5515747070312,
            1221.78271484375,
            747.6573486328125
        ],
        [
            1181.49755859375,
            655.7632446289062,
            1230.638916015625,
            728.8400268554688
        ],
        [
            601.44921875,
            657.0165405273438,
            652.9500122070312,
            728.271484375
        ]
    ],
    "scores": [
        0.9854896068572998,
        0.9603539109230042,
        0.8673927187919617,
        0.8248298764228821,
        0.8193546533584595,
        0.17378796637058258,
        0.1364552080631256,
        0.06909551471471786
    ]
}