{
    "predicted_boxes": [
        [
            1241.0557861328125,
            3.6433098316192627,
            1311.82666015625,
            65.92317962646484
        ],
        [
            1000.19140625,
            437.8741455078125,
            1032.9691162109375,
            464.2900085449219
        ],
        [
            42.1463623046875,
            870.734375,
            60.97939682006836,
            889.9197387695312
        ]
    ],
    "scores": [
        0.9984381794929504,
        0.3512172996997833,
        0.18322165310382843
    ]
}