{
    "predicted_boxes": [
        [
            1577.1043701171875,
            638.6383666992188,
            1627.1453857421875,
            681.349609375
        ],
        [
            1175.79931640625,
            675.8759155273438,
            1275.314208984375,
            717.8851928710938
        ]
    ],
    "scores": [
        0.9946788549423218,
        0.1654723733663559
    ]
}