{
    "predicted_boxes": [
        [
            1122.2718505859375,
            664.3782958984375,
            1159.3387451171875,
            682.8231811523438
        ],
        [
            1232.574951171875,
            31.093217849731445,
            1293.243408203125,
            78.7436752319336
        ],
        [
            1108.798583984375,
            606.27734375,
            1174.6041259765625,
            664.4296875
        ],
        [
            0.008544006384909153,
            654.3001708984375,
            182.09901428222656,
            759.3881225585938
        ],
        [
            1383.1375732421875,
            653.7904663085938,
            1401.2982177734375,
            710.13134765625
        ],
        [
            97.63819885253906,
            878.3605346679688,
            108.01251983642578,
            893.6408081054688
        ],
        [
            2.8444342613220215,
            659.4940795898438,
            179.91111755371094,
            702.570556640625
        ],
        [
            1814.0557861328125,
            323.1273498535156,
            1892.459716796875,
            480.53973388671875
        ],
        [
            1336.640380859375,
            134.10862731933594,
            1347.2415771484375,
            162.64266967773438
        ],
        [
            1112.5443115234375,
            719.6569213867188,
            1119.2562255859375,
            733.337890625
        ],
        [
            1054.9285888671875,
            720.5728759765625,
            1062.7139892578125,
            745.8856811523438
        ],
        [
            98.97534942626953,
            876.4432983398438,
            106.88018798828125,
            888.429443359375
        ],
        [
            1066.1072998046875,
            711.14892578125,
            1078.6363525390625,
            725.5262451171875
        ],
        [
            1062.830322265625,
            683.4873657226562,
            1077.568359375,
            698.7178955078125
        ]
    ],
    "scores": [
        0.9971703886985779,
        0.9950878024101257,
        0.9893342852592468,
        0.9891517162322998,
        0.9836582541465759,
        0.9390789270401001,
        0.5697556138038635,
        0.5022119879722595,
        0.14991480112075806,
        0.1144653782248497,
        0.10207174718379974,
        0.07721739262342453,
        0.07629705965518951,
        0.07320410013198853
    ]
}