{
    "predicted_boxes": [
        [
            430.88330078125,
            633.6538696289062,
            495.8507080078125,
            696.5042114257812
        ],
        [
            1258.0283203125,
            633.9148559570312,
            1324.6339111328125,
            696.5492553710938
        ],
        [
            432.9479675292969,
            699.810302734375,
            495.4190368652344,
            744.664794921875
        ],
        [
            426.1330871582031,
            583.4256591796875,
            496.622802734375,
            636.5887451171875
        ],
        [
            1256.349365234375,
            584.64208984375,
            1325.777099609375,
            636.6155395507812
        ],
        [
            1256.9830322265625,
            699.2467651367188,
            1323.537841796875,
            745.4671020507812
        ],
        [
            437.41461181640625,
            646.5650024414062,
            490.0552673339844,
            684.4474487304688
        ],
        [
            1267.3143310546875,
            646.1134643554688,
            1316.3955078125,
            684.1845703125
        ],
        [
            426.4109802246094,
            592.2095947265625,
            497.2473449707031,
            671.6511840820312
        ],
        [
            830.6920776367188,
            647.8216552734375,
            874.391845703125,
            681.1878051757812
        ],
        [
            1468.185302734375,
            746.229248046875,
            1493.39404296875,
            776.4015502929688
        ],
        [
            1255.47021484375,
            596.9200439453125,
            1326.6224365234375,
            733.9805908203125
        ]
    ],
    "scores": [
        0.9884656667709351,
        0.98825603723526,
        0.9846903681755066,
        0.9759424328804016,
        0.9552547931671143,
        0.8863590359687805,
        0.7672576308250427,
        0.49732422828674316,
        0.17372725903987885,
        0.08592041581869125,
        0.08422555774450302,
        0.07847421616315842
    ]
}