{
    "predicted_boxes": [
        [
            683.1898803710938,
            691.4591674804688,
            706.850830078125,
            710.5567626953125
        ],
        [
            687.9362182617188,
            668.3548583984375,
            725.60546875,
            685.8583374023438
        ]
    ],
    "scores": [
        0.7357520461082458,
        0.131252720952034
    ]
}