{
    "predicted_boxes": [
        [
            1534.8826904296875,
            464.78155517578125,
            1685.00537109375,
            584.8200073242188
        ],
        [
            1296.65673828125,
            89.93623352050781,
            1352.6192626953125,
            134.1499786376953
        ],
        [
            820.1542358398438,
            721.2354125976562,
            829.8511962890625,
            736.2694702148438
        ],
        [
            1154.9349365234375,
            731.6893310546875,
            1161.5194091796875,
            758.3695068359375
        ]
    ],
    "scores": [
        0.9980952143669128,
        0.9932244420051575,
        0.2740350365638733,
        0.052413009107112885
    ]
}