{
    "predicted_boxes": [
        [
            1123.217529296875,
            664.159912109375,
            1158.4439697265625,
            683.3822631835938
        ],
        [
            1108.3067626953125,
            607.072998046875,
            1176.476806640625,
            664.1038818359375
        ],
        [
            1234.1888427734375,
            31.572751998901367,
            1292.5765380859375,
            76.73921966552734
        ],
        [
            1383.61376953125,
            657.576416015625,
            1399.8775634765625,
            710.8834228515625
        ],
        [
            1063.7039794921875,
            682.9198608398438,
            1077.1240234375,
            697.4791259765625
        ],
        [
            96.66773223876953,
            878.4257202148438,
            107.21937561035156,
            891.8177490234375
        ],
        [
            1065.952392578125,
            711.1967163085938,
            1079.943115234375,
            727.10400390625
        ],
        [
            1812.78857421875,
            322.9367370605469,
            1892.1968994140625,
            481.0682678222656
        ],
        [
            1063.0299072265625,
            689.64453125,
            1078.7783203125,
            713.4888916015625
        ],
        [
            1053.927978515625,
            719.6902465820312,
            1062.2222900390625,
            730.9014892578125
        ],
        [
            1112.5003662109375,
            719.8471069335938,
            1118.9522705078125,
            732.5567016601562
        ],
        [
            1067.09814453125,
            706.329833984375,
            1077.9652099609375,
            722.36279296875
        ],
        [
            1064.0999755859375,
            697.2680053710938,
            1078.2762451171875,
            720.03369140625
        ],
        [
            0.0,
            661.5300903320312,
            183.97010803222656,
            711.6560668945312
        ],
        [
            6.437312126159668,
            664.4242553710938,
            205.6651611328125,
            744.6157836914062
        ],
        [
            1066.3875732421875,
            715.7886352539062,
            1075.9014892578125,
            727.9918212890625
        ],
        [
            1237.1636962890625,
            678.5758666992188,
            1254.961669921875,
            703.1028442382812
        ]
    ],
    "scores": [
        0.9974306225776672,
        0.9934934973716736,
        0.9922109842300415,
        0.9389299750328064,
        0.7406203150749207,
        0.6852924823760986,
        0.5493693947792053,
        0.48260268568992615,
        0.47091159224510193,
        0.43238115310668945,
        0.3226048946380615,
        0.27061864733695984,
        0.23566102981567383,
        0.17484232783317566,
        0.1718437820672989,
        0.1449006199836731,
        0.14312608540058136
    ]
}