{
    "predicted_boxes": [
        [
            682.16748046875,
            777.79833984375,
            719.2340087890625,
            808.1959228515625
        ],
        [
            1146.4287109375,
            802.1699829101562,
            1151.9620361328125,
            825.5215454101562
        ],
        [
            1145.77099609375,
            810.7494506835938,
            1150.9720458984375,
            823.4523315429688
        ],
        [
            1591.1248779296875,
            827.1407470703125,
            1622.1376953125,
            865.4147338867188
        ],
        [
            801.716064453125,
            755.8154296875,
            861.036865234375,
            771.826904296875
        ]
    ],
    "scores": [
        0.9216439723968506,
        0.1332787424325943,
        0.08089955151081085,
        0.06360068172216415,
        0.06000841408967972
    ]
}