{
    "predicted_boxes": [
        [
            0.7333009839057922,
            646.543701171875,
            225.6836700439453,
            746.3373413085938
        ],
        [
            1121.794921875,
            653.6681518554688,
            1153.4998779296875,
            672.090087890625
        ],
        [
            1102.6925048828125,
            598.3690185546875,
            1167.848388671875,
            654.4437255859375
        ],
        [
            1362.0574951171875,
            646.520263671875,
            1377.7103271484375,
            698.0308837890625
        ],
        [
            1707.731689453125,
            361.6251220703125,
            1772.987060546875,
            502.4852294921875
        ],
        [
            1212.35693359375,
            38.89717483520508,
            1265.921630859375,
            85.72100830078125
        ],
        [
            7.755990505218506,
            650.32275390625,
            224.6609649658203,
            700.8897705078125
        ]
    ],
    "scores": [
        0.9961801767349243,
        0.9930691719055176,
        0.9842281341552734,
        0.9837213158607483,
        0.7620039582252502,
        0.11108320951461792,
        0.10424573719501495
    ]
}