{
    "predicted_boxes": [
        [
            1662.427001953125,
            128.15267944335938,
            1708.2938232421875,
            151.0099334716797
        ]
    ],
    "scores": [
        0.050380680710077286
    ]
}