{
    "predicted_boxes": [
        [
            1716.3944091796875,
            82.77021026611328,
            1742.774169921875,
            105.4459457397461
        ],
        [
            1716.809326171875,
            84.71514892578125,
            1730.1083984375,
            104.49126434326172
        ],
        [
            1731.408447265625,
            84.87055969238281,
            1744.1114501953125,
            103.77751159667969
        ]
    ],
    "scores": [
        0.8901997804641724,
        0.13039371371269226,
        0.06471098214387894
    ]
}