{
    "predicted_boxes": [
        [
            1573.8736572265625,
            421.35113525390625,
            1741.00634765625,
            547.7742309570312
        ],
        [
            1582.3670654296875,
            677.5457763671875,
            1715.8837890625,
            774.2145385742188
        ],
        [
            1587.6767578125,
            554.6718139648438,
            1719.12158203125,
            655.9365234375
        ],
        [
            1140.69970703125,
            671.6007690429688,
            1212.5059814453125,
            684.2789306640625
        ],
        [
            803.2897338867188,
            636.8838500976562,
            837.5614013671875,
            665.9439086914062
        ],
        [
            1071.4290771484375,
            631.37744140625,
            1092.766357421875,
            649.5709838867188
        ],
        [
            1577.841796875,
            444.04791259765625,
            1734.4173583984375,
            678.5689086914062
        ],
        [
            1323.4495849609375,
            735.600341796875,
            1336.8052978515625,
            752.793212890625
        ],
        [
            449.9791564941406,
            733.036376953125,
            461.5654296875,
            754.9296264648438
        ],
        [
            796.0975952148438,
            658.6519775390625,
            811.0460815429688,
            680.9691162109375
        ],
        [
            1324.160400390625,
            735.7080688476562,
            1335.697509765625,
            773.7086791992188
        ]
    ],
    "scores": [
        0.9975558519363403,
        0.9969037175178528,
        0.9780837893486023,
        0.9036367535591125,
        0.6999601721763611,
        0.4414826035499573,
        0.18271709978580475,
        0.18126557767391205,
        0.14892858266830444,
        0.11665160953998566,
        0.10395404696464539
    ]
}