{
    "predicted_boxes": [
        [
            89.47736358642578,
            335.4566955566406,
            129.06275939941406,
            367.5613708496094
        ],
        [
            1201.2674560546875,
            37.6988525390625,
            1229.443115234375,
            80.19451904296875
        ],
        [
            349.80047607421875,
            333.7248840332031,
            388.50909423828125,
            368.6455383300781
        ]
    ],
    "scores": [
        0.8988215327262878,
        0.771172046661377,
        0.6007569432258606
    ]
}