{
    "predicted_boxes": [
        [
            317.8011779785156,
            305.3414001464844,
            359.7313232421875,
            342.152099609375
        ],
        [
            1410.278076171875,
            731.8550415039062,
            1438.79541015625,
            788.2990112304688
        ],
        [
            603.3519287109375,
            305.9946594238281,
            642.9614868164062,
            341.4908142089844
        ],
        [
            1413.43115234375,
            769.7890625,
            1436.6671142578125,
            789.2095947265625
        ],
        [
            1493.2823486328125,
            766.1556396484375,
            1550.4456787109375,
            783.4071655273438
        ],
        [
            36.018428802490234,
            39.687232971191406,
            68.37713623046875,
            61.14012145996094
        ],
        [
            1413.117431640625,
            742.5277709960938,
            1438.2247314453125,
            771.4371948242188
        ],
        [
            1644.4158935546875,
            752.7561645507812,
            1670.6138916015625,
            782.1395874023438
        ]
    ],
    "scores": [
        0.9448718428611755,
        0.9329546093940735,
        0.8678318858146667,
        0.3917492628097534,
        0.22924132645130157,
        0.2240675538778305,
        0.05173096805810928,
        0.05121050775051117
    ]
}