{
    "predicted_boxes": [
        [
            1312.2977294921875,
            69.52098083496094,
            1355.0157470703125,
            105.38365936279297
        ],
        [
            1598.28173828125,
            711.4627685546875,
            1611.0030517578125,
            726.4947509765625
        ]
    ],
    "scores": [
        0.9407871961593628,
        0.4495731294155121
    ]
}