{
    "predicted_boxes": [
        [
            750.6600952148438,
            782.3919677734375,
            778.98046875,
            806.3868408203125
        ],
        [
            835.8510131835938,
            765.0634155273438,
            906.1033935546875,
            782.7943725585938
        ],
        [
            749.2431640625,
            754.7874145507812,
            778.8165893554688,
            778.5909423828125
        ],
        [
            1163.4219970703125,
            784.2088012695312,
            1181.4920654296875,
            809.1805419921875
        ],
        [
            745.6333618164062,
            728.3840942382812,
            783.429443359375,
            792.0784912109375
        ],
        [
            843.1166381835938,
            767.8029174804688,
            889.2752075195312,
            778.560302734375
        ]
    ],
    "scores": [
        0.9423864483833313,
        0.8453009724617004,
        0.7125332355499268,
        0.3524649739265442,
        0.0721311941742897,
        0.0606197752058506
    ]
}