{
    "predicted_boxes": [
        [
            1550.4381103515625,
            673.7828979492188,
            1897.5311279296875,
            733.6489868164062
        ],
        [
            1083.4620361328125,
            620.0686645507812,
            1140.0927734375,
            667.4628295898438
        ],
        [
            183.42974853515625,
            664.1454467773438,
            394.0130310058594,
            722.4048461914062
        ],
        [
            0.0,
            871.9886474609375,
            11.880163192749023,
            890.0306396484375
        ],
        [
            1057.0750732421875,
            676.8652954101562,
            1070.6700439453125,
            692.2686767578125
        ],
        [
            1413.085693359375,
            503.8258056640625,
            1451.3223876953125,
            583.6761474609375
        ],
        [
            1097.210693359375,
            666.7789306640625,
            1124.912109375,
            683.1021118164062
        ],
        [
            1280.3924560546875,
            663.6331787109375,
            1292.085693359375,
            702.9645385742188
        ],
        [
            94.8110580444336,
            880.545654296875,
            102.3599853515625,
            894.1744384765625
        ],
        [
            1686.0216064453125,
            676.814697265625,
            1820.8682861328125,
            728.8700561523438
        ],
        [
            727.732666015625,
            713.142578125,
            733.887939453125,
            733.8554077148438
        ],
        [
            1414.693603515625,
            558.60693359375,
            1448.2286376953125,
            581.8839721679688
        ],
        [
            96.5498046875,
            867.8198852539062,
            104.64411926269531,
            877.9248046875
        ],
        [
            1607.9781494140625,
            677.2208251953125,
            1670.1502685546875,
            723.72705078125
        ]
    ],
    "scores": [
        0.9963327646255493,
        0.9752678275108337,
        0.9668847322463989,
        0.9251768589019775,
        0.8239012956619263,
        0.8146933913230896,
        0.8033990859985352,
        0.7735705375671387,
        0.10977423191070557,
        0.10654930025339127,
        0.09872358292341232,
        0.09633953124284744,
        0.06785493344068527,
        0.06443203240633011
    ]
}