{
    "predicted_boxes": [
        [
            1174.5111083984375,
            638.17138671875,
            1285.8211669921875,
            659.8005981445312
        ],
        [
            1122.834228515625,
            587.4724731445312,
            1138.37548828125,
            610.4168090820312
        ],
        [
            602.1221923828125,
            618.5226440429688,
            630.06005859375,
            630.7515869140625
        ],
        [
            1045.5325927734375,
            591.3766479492188,
            1078.0107421875,
            622.2391967773438
        ],
        [
            1031.1866455078125,
            637.2565307617188,
            1038.449462890625,
            655.041259765625
        ],
        [
            641.9863891601562,
            623.2653198242188,
            724.2813720703125,
            653.0889892578125
        ],
        [
            584.3024291992188,
            566.0615844726562,
            648.1828002929688,
            618.6002197265625
        ],
        [
            1034.1270751953125,
            637.6295166015625,
            1039.5101318359375,
            652.9348754882812
        ],
        [
            1121.4595947265625,
            586.2535400390625,
            1139.0377197265625,
            600.1854858398438
        ],
        [
            1173.345458984375,
            637.75732421875,
            1288.2041015625,
            681.9793701171875
        ],
        [
            634.6709594726562,
            626.72314453125,
            652.60009765625,
            647.80810546875
        ],
        [
            1027.050537109375,
            636.7474975585938,
            1036.5933837890625,
            654.8998413085938
        ],
        [
            1029.870849609375,
            639.188720703125,
            1035.7515869140625,
            653.8803100585938
        ]
    ],
    "scores": [
        0.9922641515731812,
        0.9626004099845886,
        0.9513362646102905,
        0.9446954131126404,
        0.7615227103233337,
        0.738609790802002,
        0.5592844486236572,
        0.3464527130126953,
        0.13545112311840057,
        0.12188014388084412,
        0.0808689221739769,
        0.06642527133226395,
        0.051677264273166656
    ]
}