{
    "predicted_boxes": [
        [
            732.1967163085938,
            365.46868896484375,
            763.23779296875,
            395.580810546875
        ],
        [
            1556.3582763671875,
            741.605712890625,
            1578.4932861328125,
            765.4741821289062
        ],
        [
            1716.1146240234375,
            754.0209350585938,
            1726.1363525390625,
            773.7210083007812
        ],
        [
            489.8109130859375,
            364.4154968261719,
            523.4443969726562,
            394.64959716796875
        ],
        [
            1559.634033203125,
            762.5704956054688,
            1572.5284423828125,
            789.3005981445312
        ],
        [
            1576.6597900390625,
            763.3583374023438,
            1593.4271240234375,
            782.5132446289062
        ],
        [
            1716.7889404296875,
            775.1871948242188,
            1725.5946044921875,
            794.5156860351562
        ]
    ],
    "scores": [
        0.8824347853660583,
        0.6228256225585938,
        0.568618893623352,
        0.11235971748828888,
        0.11005042493343353,
        0.1099577248096466,
        0.0731222853064537
    ]
}