{
    "predicted_boxes": [
        [
            535.2424926757812,
            729.9801635742188,
            555.5582885742188,
            756.527587890625
        ]
    ],
    "scores": [
        0.4445142149925232
    ]
}