{
    "predicted_boxes": [
        [
            1021.9730224609375,
            772.434326171875,
            1047.5003662109375,
            792.5693359375
        ],
        [
            1020.1983032226562,
            745.5923461914062,
            1049.1676025390625,
            771.8516235351562
        ],
        [
            1450.534423828125,
            779.052978515625,
            1461.909912109375,
            793.5386962890625
        ],
        [
            1087.3360595703125,
            764.4275512695312,
            1147.0587158203125,
            782.4843139648438
        ],
        [
            1447.950927734375,
            780.3980712890625,
            1460.9820556640625,
            835.46923828125
        ],
        [
            749.8482666015625,
            758.045654296875,
            762.3530883789062,
            774.6329956054688
        ],
        [
            1369.4779052734375,
            733.9481201171875,
            1396.289794921875,
            758.5586547851562
        ],
        [
            1369.965087890625,
            758.3369140625,
            1391.2357177734375,
            781.0494995117188
        ],
        [
            986.5979614257812,
            783.7254638671875,
            992.3597412109375,
            811.2180786132812
        ],
        [
            1447.0543212890625,
            804.2882690429688,
            1459.1094970703125,
            832.6548461914062
        ],
        [
            1019.5747680664062,
            730.8536987304688,
            1049.9100341796875,
            789.3465576171875
        ],
        [
            1367.1484375,
            734.7412719726562,
            1398.740478515625,
            777.5596313476562
        ]
    ],
    "scores": [
        0.9964062571525574,
        0.9913191199302673,
        0.7821838855743408,
        0.43066564202308655,
        0.3918696641921997,
        0.34275710582733154,
        0.31790152192115784,
        0.15014243125915527,
        0.13662396371364594,
        0.09000293910503387,
        0.07953531295061111,
        0.050857063382864
    ]
}