{
    "predicted_boxes": [
        [
            1824.966796875,
            549.9012451171875,
            1918.96435546875,
            631.684326171875
        ],
        [
            958.0862426757812,
            647.07275390625,
            1121.3321533203125,
            707.3807983398438
        ],
        [
            951.5869140625,
            696.6498413085938,
            1109.3189697265625,
            728.46240234375
        ],
        [
            979.7021484375,
            706.7685546875,
            1081.06201171875,
            726.4164428710938
        ],
        [
            1014.9000244140625,
            709.8707885742188,
            1053.560302734375,
            725.419189453125
        ],
        [
            981.9744262695312,
            649.0739135742188,
            1094.424560546875,
            675.8975219726562
        ],
        [
            963.7137451171875,
            671.114013671875,
            1111.0341796875,
            704.4056396484375
        ],
        [
            54.331417083740234,
            898.64013671875,
            96.94139099121094,
            921.7603149414062
        ],
        [
            1015.7699584960938,
            652.2293701171875,
            1071.604736328125,
            672.3148193359375
        ]
    ],
    "scores": [
        0.9982660412788391,
        0.9914931654930115,
        0.9271582365036011,
        0.454642117023468,
        0.28475162386894226,
        0.25134336948394775,
        0.1720825582742691,
        0.10908885300159454,
        0.0739307850599289
    ]
}