{
    "predicted_boxes": [
        [
            1188.107177734375,
            627.9148559570312,
            1306.0657958984375,
            649.9627075195312
        ],
        [
            1048.955810546875,
            580.2543334960938,
            1080.8399658203125,
            613.9624633789062
        ],
        [
            570.6752319335938,
            605.1039428710938,
            599.2429809570312,
            619.7442626953125
        ],
        [
            1054.3382568359375,
            604.7513427734375,
            1076.5609130859375,
            617.7107543945312
        ],
        [
            627.526123046875,
            614.3556518554688,
            713.40771484375,
            633.0808715820312
        ],
        [
            1133.98828125,
            613.7388305664062,
            1140.773681640625,
            636.1365356445312
        ],
        [
            553.5836181640625,
            549.198486328125,
            618.8456420898438,
            605.7737426757812
        ],
        [
            0.1916666477918625,
            547.9450073242188,
            9.22849178314209,
            581.4020385742188
        ]
    ],
    "scores": [
        0.9905537962913513,
        0.9046428799629211,
        0.8544284701347351,
        0.5363956689834595,
        0.5169264674186707,
        0.49211636185646057,
        0.0892360657453537,
        0.06109745055437088
    ]
}