{
    "predicted_boxes": [
        [
            1236.6754150390625,
            651.1914672851562,
            1582.6197509765625,
            716.65625
        ],
        [
            1222.6024169921875,
            651.1840209960938,
            1583.9749755859375,
            786.674560546875
        ],
        [
            1204.193603515625,
            753.8938598632812,
            1557.9788818359375,
            826.1380004882812
        ],
        [
            1337.285400390625,
            673.8212280273438,
            1354.3734130859375,
            696.3609619140625
        ],
        [
            1311.6781005859375,
            667.6834716796875,
            1333.01025390625,
            696.8744506835938
        ],
        [
            1357.4276123046875,
            673.2831420898438,
            1375.9056396484375,
            695.25341796875
        ],
        [
            1400.3663330078125,
            672.3124389648438,
            1419.8931884765625,
            696.2694702148438
        ],
        [
            1436.3970947265625,
            674.8302612304688,
            1454.175537109375,
            701.1160278320312
        ],
        [
            1380.220458984375,
            670.8507690429688,
            1397.05322265625,
            696.3118896484375
        ],
        [
            1299.150390625,
            726.5104370117188,
            1322.822021484375,
            753.6582641601562
        ]
    ],
    "scores": [
        0.9597597122192383,
        0.8320834636688232,
        0.44349801540374756,
        0.11991113424301147,
        0.11182253807783127,
        0.10844597220420837,
        0.10002948343753815,
        0.09924760460853577,
        0.07772573828697205,
        0.07023295760154724
    ]
}