{
    "predicted_boxes": [
        [
            1122.3485107421875,
            661.7570190429688,
            1159.1943359375,
            679.515380859375
        ],
        [
            1231.7225341796875,
            34.10738754272461,
            1293.833984375,
            81.47404479980469
        ],
        [
            1109.0830078125,
            603.8950805664062,
            1176.034423828125,
            662.2509155273438
        ],
        [
            1383.2342529296875,
            654.5384521484375,
            1400.4033203125,
            708.2169799804688
        ],
        [
            1812.36767578125,
            320.2256164550781,
            1892.0400390625,
            481.2638244628906
        ],
        [
            1063.9599609375,
            677.8739624023438,
            1076.9271240234375,
            693.7489013671875
        ],
        [
            0.0,
            652.8078002929688,
            185.5049285888672,
            714.2513427734375
        ],
        [
            97.8578872680664,
            878.61669921875,
            107.64144134521484,
            893.0642700195312
        ],
        [
            1112.4227294921875,
            718.1355590820312,
            1118.994873046875,
            730.7774658203125
        ],
        [
            1067.1319580078125,
            708.705810546875,
            1078.0458984375,
            722.2128295898438
        ],
        [
            1054.12890625,
            715.9830322265625,
            1062.69970703125,
            740.418701171875
        ]
    ],
    "scores": [
        0.9967859983444214,
        0.9900435209274292,
        0.9832860231399536,
        0.9602774977684021,
        0.3159100115299225,
        0.2655807435512543,
        0.215354785323143,
        0.19056621193885803,
        0.17564022541046143,
        0.07680577039718628,
        0.051977284252643585
    ]
}