{
    "predicted_boxes": [
        [
            1031.863525390625,
            614.0625610351562,
            1059.2242431640625,
            638.9605712890625
        ],
        [
            1121.7540283203125,
            655.7899780273438,
            1201.18896484375,
            672.8526611328125
        ],
        [
            1082.0787353515625,
            619.2957153320312,
            1092.434326171875,
            641.3645629882812
        ],
        [
            732.866943359375,
            642.9935913085938,
            793.8433837890625,
            670.3057861328125
        ],
        [
            724.81103515625,
            614.7406616210938,
            769.4681396484375,
            646.471923828125
        ],
        [
            591.4777221679688,
            641.8718872070312,
            634.9215698242188,
            675.455810546875
        ],
        [
            1076.380859375,
            616.689453125,
            1095.5150146484375,
            643.78662109375
        ],
        [
            725.44384765625,
            647.357666015625,
            752.9851684570312,
            669.499755859375
        ],
        [
            723.8617553710938,
            622.6804809570312,
            792.8311157226562,
            672.3429565429688
        ],
        [
            1121.716796875,
            657.4329223632812,
            1151.1629638671875,
            670.2058715820312
        ]
    ],
    "scores": [
        0.9602379202842712,
        0.8738809823989868,
        0.8206918835639954,
        0.6592422127723694,
        0.4843410551548004,
        0.23788532614707947,
        0.10306749492883682,
        0.07230259478092194,
        0.06113296002149582,
        0.060439832508563995
    ]
}