{
    "predicted_boxes": [
        [
            1359.4344482421875,
            642.13623046875,
            1420.77001953125,
            672.4882202148438
        ],
        [
            1326.9752197265625,
            530.6034545898438,
            1456.5389404296875,
            633.94384765625
        ],
        [
            1236.652099609375,
            27.985477447509766,
            1282.5135498046875,
            71.20512390136719
        ],
        [
            1832.0859375,
            74.66413879394531,
            1847.6640625,
            124.22872161865234
        ],
        [
            1221.573486328125,
            695.459228515625,
            1279.4002685546875,
            741.900634765625
        ],
        [
            1833.528564453125,
            79.24071502685547,
            1845.6865234375,
            110.59387969970703
        ],
        [
            1833.6614990234375,
            91.15001678466797,
            1845.19921875,
            121.76941680908203
        ]
    ],
    "scores": [
        0.9987572431564331,
        0.997565507888794,
        0.9862242937088013,
        0.8858866691589355,
        0.5022465586662292,
        0.3400827646255493,
        0.07674398273229599
    ]
}