{
    "predicted_boxes": [
        [
            1065.8192138671875,
            703.6657104492188,
            1100.369140625,
            733.8004760742188
        ],
        [
            591.6158447265625,
            701.9691772460938,
            626.5208740234375,
            733.6254272460938
        ],
        [
            1087.046630859375,
            762.6982421875,
            1096.4237060546875,
            779.951171875
        ],
        [
            705.08837890625,
            772.6663818359375,
            712.3480224609375,
            789.5737915039062
        ],
        [
            843.5525512695312,
            780.707763671875,
            848.060546875,
            796.6025390625
        ],
        [
            635.3955688476562,
            779.4035034179688,
            641.56640625,
            795.0960083007812
        ],
        [
            1323.872314453125,
            729.5482177734375,
            1344.393310546875,
            755.2632446289062
        ]
    ],
    "scores": [
        0.9827982783317566,
        0.9421428442001343,
        0.10855350643396378,
        0.0838506668806076,
        0.06850289553403854,
        0.06663729250431061,
        0.05160309374332428
    ]
}