{
    "predicted_boxes": [
        [
            1377.9425048828125,
            80.65560913085938,
            1418.730712890625,
            116.39500427246094
        ]
    ],
    "scores": [
        0.7014648914337158
    ]
}