{
    "predicted_boxes": [
        [
            0.40201058983802795,
            650.966064453125,
            22.662033081054688,
            671.4559326171875
        ]
    ],
    "scores": [
        0.9284461140632629
    ]
}