{
    "predicted_boxes": [
        [
            1122.6971435546875,
            658.9182739257812,
            1158.2919921875,
            678.68505859375
        ],
        [
            1233.36083984375,
            37.147789001464844,
            1292.6954345703125,
            80.58564758300781
        ],
        [
            1108.9915771484375,
            601.8154907226562,
            1177.06201171875,
            659.8515014648438
        ],
        [
            1383.71142578125,
            653.07861328125,
            1402.7523193359375,
            705.3671264648438
        ],
        [
            1111.7459716796875,
            712.84716796875,
            1118.25537109375,
            729.6365356445312
        ],
        [
            1063.6365966796875,
            675.9938354492188,
            1077.5772705078125,
            693.0106201171875
        ],
        [
            1812.0830078125,
            317.7997741699219,
            1891.983642578125,
            478.4289245605469
        ],
        [
            1054.3941650390625,
            713.9092407226562,
            1062.648193359375,
            735.2000122070312
        ],
        [
            1054.247314453125,
            714.0083618164062,
            1060.9443359375,
            724.2684936523438
        ]
    ],
    "scores": [
        0.9986881613731384,
        0.992046594619751,
        0.9874534010887146,
        0.7294636368751526,
        0.614501953125,
        0.5889865159988403,
        0.4887067973613739,
        0.28112590312957764,
        0.05720384791493416
    ]
}