{
    "predicted_boxes": [
        [
            1171.5078125,
            555.0634765625,
            1284.8704833984375,
            647.4210815429688
        ],
        [
            1206.2406005859375,
            649.7640380859375,
            1256.4605712890625,
            680.3682250976562
        ],
        [
            1093.6817626953125,
            698.6483764648438,
            1147.510009765625,
            740.1468505859375
        ],
        [
            977.8257446289062,
            25.81907844543457,
            1023.6591796875,
            70.89484405517578
        ],
        [
            1115.9605712890625,
            65.488037109375,
            1123.8990478515625,
            87.17051696777344
        ],
        [
            990.0220336914062,
            67.2315673828125,
            1013.9937133789062,
            82.6281967163086
        ],
        [
            1114.013916015625,
            65.39729309082031,
            1120.7662353515625,
            87.36051177978516
        ]
    ],
    "scores": [
        0.997245192527771,
        0.9955853223800659,
        0.995427131652832,
        0.994709849357605,
        0.5551325678825378,
        0.47781482338905334,
        0.051811181008815765
    ]
}