{
    "predicted_boxes": [
        [
            1205.998291015625,
            6.042792320251465,
            1278.3548583984375,
            68.25257873535156
        ],
        [
            1047.1656494140625,
            616.2352905273438,
            1106.96630859375,
            670.3995361328125
        ],
        [
            1220.0421142578125,
            68.46286010742188,
            1258.6593017578125,
            92.31678009033203
        ],
        [
            1061.6943359375,
            668.0254516601562,
            1090.31982421875,
            685.7018432617188
        ],
        [
            1037.5693359375,
            690.9135131835938,
            1069.4425048828125,
            716.6382446289062
        ],
        [
            1223.9512939453125,
            70.18647003173828,
            1244.9449462890625,
            90.54103088378906
        ],
        [
            1230.931884765625,
            67.47640228271484,
            1254.2562255859375,
            107.6196517944336
        ],
        [
            1047.43798828125,
            724.2672729492188,
            1058.7200927734375,
            738.5326538085938
        ],
        [
            1881.7078857421875,
            79.57362365722656,
            1914.232421875,
            112.3192138671875
        ]
    ],
    "scores": [
        0.990565836429596,
        0.9881553649902344,
        0.980749249458313,
        0.963921070098877,
        0.9577208757400513,
        0.4946138262748718,
        0.09483595192432404,
        0.09403333067893982,
        0.06319816410541534
    ]
}