{
    "predicted_boxes": [
        [
            1645.9498291015625,
            383.64080810546875,
            1839.551025390625,
            521.1350708007812
        ],
        [
            1656.6800537109375,
            672.0148315429688,
            1810.843994140625,
            784.4542846679688
        ],
        [
            1664.2359619140625,
            528.7823486328125,
            1815.4847412109375,
            650.3667602539062
        ],
        [
            1137.57763671875,
            669.1671142578125,
            1208.485107421875,
            683.6786499023438
        ],
        [
            1064.4952392578125,
            630.5349731445312,
            1087.064208984375,
            651.39208984375
        ],
        [
            1105.782958984375,
            634.0975952148438,
            1114.724365234375,
            649.7359619140625
        ],
        [
            405.614990234375,
            734.0122680664062,
            421.1282958984375,
            756.7088012695312
        ]
    ],
    "scores": [
        0.9910984635353088,
        0.9835419654846191,
        0.9777026772499084,
        0.9645881056785583,
        0.9312024712562561,
        0.26699814200401306,
        0.25497305393218994
    ]
}