{
    "predicted_boxes": [
        [
            1338.5513916015625,
            552.005615234375,
            1437.9522705078125,
            630.0905151367188
        ],
        [
            1206.4793701171875,
            81.28219604492188,
            1261.4522705078125,
            128.59640502929688
        ],
        [
            1124.0557861328125,
            729.3604736328125,
            1133.2359619140625,
            743.69287109375
        ],
        [
            363.2226867675781,
            317.24200439453125,
            388.2210693359375,
            359.9654235839844
        ],
        [
            1125.0919189453125,
            752.6300659179688,
            1132.628173828125,
            775.0220947265625
        ]
    ],
    "scores": [
        0.9971994161605835,
        0.9314732551574707,
        0.36554744839668274,
        0.12337061762809753,
        0.0947553887963295
    ]
}