{
    "predicted_boxes": [
        [
            1712.572265625,
            73.64439392089844,
            1742.5455322265625,
            97.8226089477539
        ],
        [
            1677.8712158203125,
            132.6102752685547,
            1686.07177734375,
            151.49649047851562
        ]
    ],
    "scores": [
        0.9881395101547241,
        0.05076278746128082
    ]
}