{
    "predicted_boxes": [
        [
            1138.6495361328125,
            684.2778930664062,
            1174.267822265625,
            716.1528930664062
        ],
        [
            1157.0272216796875,
            724.0164184570312,
            1178.103271484375,
            745.1614990234375
        ],
        [
            1178.5089111328125,
            660.1907958984375,
            1192.574462890625,
            683.297119140625
        ],
        [
            631.7701416015625,
            756.6734008789062,
            642.4573364257812,
            772.0045776367188
        ]
    ],
    "scores": [
        0.9839245080947876,
        0.3664107620716095,
        0.3035745620727539,
        0.126361683011055
    ]
}