{
    "predicted_boxes": [
        [
            1129.0738525390625,
            666.3433227539062,
            1204.7139892578125,
            681.6502685546875
        ],
        [
            1092.5489501953125,
            630.4096069335938,
            1102.78173828125,
            650.2388916015625
        ],
        [
            644.1679077148438,
            656.6738891601562,
            677.4677734375,
            685.04931640625
        ],
        [
            1046.1649169921875,
            625.7993774414062,
            1071.29931640625,
            647.712890625
        ],
        [
            647.1320190429688,
            660.0918579101562,
            714.6900634765625,
            685.0792236328125
        ],
        [
            757.16943359375,
            629.5640869140625,
            792.081298828125,
            656.8699340820312
        ],
        [
            659.2222900390625,
            671.20068359375,
            713.6834106445312,
            684.7041625976562
        ],
        [
            1136.49462890625,
            665.1273193359375,
            1199.0299072265625,
            674.92138671875
        ],
        [
            754.045654296875,
            636.6726684570312,
            793.3267211914062,
            674.6243286132812
        ],
        [
            1089.46435546875,
            627.785888671875,
            1108.6785888671875,
            653.3392944335938
        ]
    ],
    "scores": [
        0.9910485744476318,
        0.9769293665885925,
        0.9443402886390686,
        0.9150323867797852,
        0.8851948380470276,
        0.8816887140274048,
        0.2880222499370575,
        0.08767453581094742,
        0.07589753717184067,
        0.055927205830812454
    ]
}