{
    "predicted_boxes": [
        [
            325.0291748046875,
            431.4748229980469,
            355.41925048828125,
            456.95892333984375
        ],
        [
            745.9942626953125,
            734.01904296875,
            762.8756103515625,
            751.93212890625
        ]
    ],
    "scores": [
        0.6029109954833984,
        0.11813697963953018
    ]
}