{
    "predicted_boxes": [
        [
            1343.0814208984375,
            33.2680778503418,
            1378.9664306640625,
            69.2659912109375
        ],
        [
            1380.2291259765625,
            79.97541809082031,
            1461.342041015625,
            106.17131805419922
        ],
        [
            1787.8916015625,
            23.92725372314453,
            1842.1671142578125,
            64.12061309814453
        ],
        [
            1279.900634765625,
            84.63470458984375,
            1285.2706298828125,
            106.29469299316406
        ],
        [
            1381.0909423828125,
            67.78094482421875,
            1458.241943359375,
            87.81873321533203
        ],
        [
            1393.3245849609375,
            85.7503662109375,
            1446.9307861328125,
            103.48828125
        ]
    ],
    "scores": [
        0.8095434308052063,
        0.6851741671562195,
        0.3307902216911316,
        0.29225867986679077,
        0.0971461683511734,
        0.08216802775859833
    ]
}