{
    "predicted_boxes": [
        [
            1119.7955322265625,
            649.6069946289062,
            1153.1844482421875,
            666.70263671875
        ],
        [
            1369.568115234375,
            641.4249267578125,
            1384.7950439453125,
            694.759033203125
        ],
        [
            0.0,
            642.3656005859375,
            212.8148193359375,
            740.4049682617188
        ],
        [
            1105.7978515625,
            591.0243530273438,
            1170.7659912109375,
            650.420654296875
        ],
        [
            1739.644775390625,
            340.69110107421875,
            1811.4869384765625,
            487.98199462890625
        ],
        [
            1368.6944580078125,
            559.628662109375,
            1413.0860595703125,
            625.1499633789062
        ],
        [
            1062.336669921875,
            667.1784057617188,
            1077.4217529296875,
            685.078857421875
        ],
        [
            1217.864013671875,
            45.41164779663086,
            1275.523193359375,
            90.3911361694336
        ],
        [
            1120.796630859375,
            650.6701049804688,
            1137.45849609375,
            666.5521240234375
        ]
    ],
    "scores": [
        0.9983620047569275,
        0.9871925115585327,
        0.9829797744750977,
        0.9815046191215515,
        0.5296688675880432,
        0.4655478000640869,
        0.3187877833843231,
        0.20744174718856812,
        0.14420519769191742
    ]
}