{
    "predicted_boxes": [
        [
            1104.3023681640625,
            683.2431640625,
            1139.5208740234375,
            716.6970825195312
        ],
        [
            1122.7166748046875,
            721.1548461914062,
            1142.0234375,
            740.8236083984375
        ]
    ],
    "scores": [
        0.952529788017273,
        0.5582824349403381
    ]
}