{
    "predicted_boxes": [
        [
            1240.962646484375,
            603.5586547851562,
            1387.9678955078125,
            630.0629272460938
        ],
        [
            422.7957458496094,
            563.6171264648438,
            466.89208984375,
            581.5236206054688
        ],
        [
            553.8886108398438,
            590.4512939453125,
            664.3941040039062,
            632.0543212890625
        ],
        [
            403.2515563964844,
            486.6208190917969,
            486.6321716308594,
            564.9712524414062
        ],
        [
            1059.74072265625,
            557.6875,
            1096.49853515625,
            592.8998413085938
        ],
        [
            528.9596557617188,
            588.2606811523438,
            540.7993774414062,
            618.4444580078125
        ],
        [
            1060.319091796875,
            584.7056884765625,
            1089.7984619140625,
            599.30224609375
        ],
        [
            1163.78564453125,
            593.4126586914062,
            1172.0023193359375,
            612.5725708007812
        ],
        [
            1172.748046875,
            531.6915283203125,
            1190.0810546875,
            551.2242431640625
        ],
        [
            573.7044677734375,
            602.59716796875,
            645.184326171875,
            627.806396484375
        ],
        [
            1172.5906982421875,
            545.8062133789062,
            1189.4329833984375,
            561.6447143554688
        ]
    ],
    "scores": [
        0.9969357252120972,
        0.9930686950683594,
        0.9644895195960999,
        0.9506212472915649,
        0.9032871127128601,
        0.8582785725593567,
        0.7727820873260498,
        0.583249032497406,
        0.2615775763988495,
        0.10850179195404053,
        0.08775665611028671
    ]
}