{
    "predicted_boxes": [
        [
            1195.5035400390625,
            775.7318115234375,
            1220.682861328125,
            794.138671875
        ],
        [
            1195.10693359375,
            731.9384765625,
            1223.491455078125,
            776.6990966796875
        ],
        [
            1593.9632568359375,
            779.3076782226562,
            1604.078857421875,
            794.6958618164062
        ],
        [
            1594.8192138671875,
            778.519287109375,
            1603.3934326171875,
            808.4854736328125
        ],
        [
            949.8006591796875,
            757.2877807617188,
            959.5225219726562,
            774.2460327148438
        ],
        [
            1196.51708984375,
            753.1187744140625,
            1218.9332275390625,
            773.8678588867188
        ],
        [
            1196.86083984375,
            730.4747924804688,
            1223.258056640625,
            754.8199462890625
        ],
        [
            1593.2530517578125,
            783.8495483398438,
            1603.159423828125,
            828.0584106445312
        ],
        [
            1260.864990234375,
            769.1121215820312,
            1311.8135986328125,
            783.8812255859375
        ],
        [
            1159.44287109375,
            780.2108154296875,
            1172.834716796875,
            797.0905151367188
        ]
    ],
    "scores": [
        0.9877767562866211,
        0.9368588328361511,
        0.8277422189712524,
        0.6441956162452698,
        0.4960271418094635,
        0.3561030924320221,
        0.14272648096084595,
        0.08195366710424423,
        0.07359155267477036,
        0.056304361671209335
    ]
}