{
    "predicted_boxes": [
        [
            1081.087890625,
            619.48193359375,
            1093.2159423828125,
            641.744140625
        ],
        [
            727.98779296875,
            641.6799926757812,
            791.5992431640625,
            669.2107543945312
        ],
        [
            1030.5274658203125,
            614.635986328125,
            1057.79736328125,
            641.3709716796875
        ],
        [
            721.1729125976562,
            614.5519409179688,
            762.07177734375,
            646.8668212890625
        ],
        [
            720.7675170898438,
            642.2205200195312,
            756.1302490234375,
            668.5389404296875
        ],
        [
            729.1517333984375,
            645.168212890625,
            750.1270141601562,
            660.3425903320312
        ],
        [
            720.314697265625,
            616.5657348632812,
            789.7112426757812,
            671.649658203125
        ],
        [
            1121.4803466796875,
            656.2750244140625,
            1200.2325439453125,
            673.06201171875
        ],
        [
            742.0728149414062,
            644.7000732421875,
            789.5565185546875,
            662.5076904296875
        ],
        [
            1068.828125,
            617.4260864257812,
            1093.2049560546875,
            644.34423828125
        ],
        [
            1056.6373291015625,
            633.9175415039062,
            1074.7137451171875,
            645.5984497070312
        ]
    ],
    "scores": [
        0.9462805986404419,
        0.9358566403388977,
        0.9262318015098572,
        0.7604796290397644,
        0.24814200401306152,
        0.08568581938743591,
        0.07048492878675461,
        0.06498564034700394,
        0.062372997403144836,
        0.06035440415143967,
        0.05071860924363136
    ]
}