{
    "predicted_boxes": [
        [
            1251.1429443359375,
            55.473243713378906,
            1297.9344482421875,
            92.05789947509766
        ],
        [
            257.69384765625,
            275.97601318359375,
            295.26953125,
            311.7962646484375
        ]
    ],
    "scores": [
        0.9963650703430176,
        0.6107028126716614
    ]
}