{
    "predicted_boxes": [
        [
            1411.9757080078125,
            100.6716079711914,
            1454.05126953125,
            131.7955780029297
        ],
        [
            791.3158569335938,
            721.955078125,
            799.9537963867188,
            735.552490234375
        ]
    ],
    "scores": [
        0.894917905330658,
        0.3170410096645355
    ]
}