{
    "predicted_boxes": [
        [
            251.856201171875,
            673.5501708984375,
            275.0661315917969,
            693.3992919921875
        ],
        [
            370.5187683105469,
            711.8500366210938,
            376.9515075683594,
            728.831787109375
        ],
        [
            366.63775634765625,
            695.1124267578125,
            374.8847351074219,
            721.396728515625
        ],
        [
            366.1145324707031,
            695.5216674804688,
            373.4024963378906,
            711.5477905273438
        ],
        [
            365.8638610839844,
            696.9607543945312,
            370.9552307128906,
            707.6841430664062
        ],
        [
            366.7669677734375,
            695.0308837890625,
            372.67840576171875,
            704.6552734375
        ],
        [
            368.2004089355469,
            703.2546997070312,
            376.0126647949219,
            728.9970703125
        ]
    ],
    "scores": [
        0.4909813106060028,
        0.3082118034362793,
        0.22149433195590973,
        0.20984859764575958,
        0.09783639758825302,
        0.08722350746393204,
        0.07786298543214798
    ]
}