{
    "predicted_boxes": [
        [
            1041.62255859375,
            693.0499877929688,
            1066.3369140625,
            711.8717041015625
        ],
        [
            1072.8284912109375,
            737.14794921875,
            1079.9595947265625,
            761.097412109375
        ]
    ],
    "scores": [
        0.9438490867614746,
        0.44094544649124146
    ]
}