{
    "predicted_boxes": [
        [
            517.4430541992188,
            667.4367065429688,
            551.5421142578125,
            698.8588256835938
        ]
    ],
    "scores": [
        0.1296500563621521
    ]
}