{
    "predicted_boxes": [
        [
            1340.89013671875,
            233.67373657226562,
            1390.5390625,
            273.89825439453125
        ],
        [
            1078.8131103515625,
            659.5052490234375,
            1116.8916015625,
            688.2537841796875
        ],
        [
            1695.4908447265625,
            233.94874572753906,
            1740.4581298828125,
            277.2263488769531
        ]
    ],
    "scores": [
        0.9475311636924744,
        0.9272542595863342,
        0.5794172883033752
    ]
}