{
    "predicted_boxes": [
        [
            1911.014404296875,
            84.13443756103516,
            1920.0,
            102.2110366821289
        ]
    ],
    "scores": [
        0.10739880055189133
    ]
}