{
    "predicted_boxes": [
        [
            1618.4149169921875,
            422.651123046875,
            1798.4468994140625,
            566.6453857421875
        ],
        [
            1319.4100341796875,
            94.85692596435547,
            1371.184326171875,
            132.8489990234375
        ],
        [
            817.345703125,
            721.1276245117188,
            827.4607543945312,
            735.4525146484375
        ],
        [
            1161.4339599609375,
            731.90478515625,
            1173.1717529296875,
            746.8269653320312
        ],
        [
            819.0355834960938,
            739.0676879882812,
            825.7877807617188,
            749.0892944335938
        ],
        [
            1701.561767578125,
            460.9913635253906,
            1762.92724609375,
            523.2081909179688
        ]
    ],
    "scores": [
        0.9971119165420532,
        0.9126745462417603,
        0.6703686714172363,
        0.48035258054733276,
        0.16085128486156464,
        0.06161563843488693
    ]
}