{
    "predicted_boxes": [
        [
            1778.67041015625,
            647.0245971679688,
            1920.0,
            722.6727905273438
        ],
        [
            1113.3509521484375,
            646.376953125,
            1146.66748046875,
            663.2327270507812
        ],
        [
            1100.295654296875,
            590.994140625,
            1162.677734375,
            646.737060546875
        ],
        [
            1340.0841064453125,
            639.1542358398438,
            1354.938232421875,
            689.2025756835938
        ],
        [
            1615.217041015625,
            396.53424072265625,
            1671.7135009765625,
            514.8308715820312
        ],
        [
            1060.5968017578125,
            662.927978515625,
            1076.77197265625,
            680.0228881835938
        ],
        [
            1057.9537353515625,
            661.203369140625,
            1078.24169921875,
            689.7653198242188
        ]
    ],
    "scores": [
        0.9964615702629089,
        0.9891858100891113,
        0.9835563898086548,
        0.9696827530860901,
        0.7600069046020508,
        0.10929892957210541,
        0.08355197310447693
    ]
}