{
    "predicted_boxes": [
        [
            1123.578125,
            661.83447265625,
            1159.9954833984375,
            683.2343139648438
        ],
        [
            1232.4207763671875,
            31.147733688354492,
            1293.208984375,
            80.22105407714844
        ],
        [
            1108.899658203125,
            605.0497436523438,
            1175.836669921875,
            662.1807250976562
        ],
        [
            0.0,
            659.0465087890625,
            183.66058349609375,
            707.6841430664062
        ],
        [
            1383.200927734375,
            654.6671752929688,
            1400.3133544921875,
            710.523193359375
        ],
        [
            1053.9298095703125,
            718.3833618164062,
            1062.7977294921875,
            738.9310913085938
        ],
        [
            98.80595397949219,
            877.8258666992188,
            108.04822540283203,
            893.1090087890625
        ],
        [
            1814.569580078125,
            320.2516174316406,
            1892.327880859375,
            482.2353820800781
        ],
        [
            3.3298656940460205,
            655.0302124023438,
            196.0934295654297,
            755.500732421875
        ],
        [
            1111.3763427734375,
            716.485595703125,
            1118.479736328125,
            732.94384765625
        ],
        [
            1055.150146484375,
            718.7313842773438,
            1061.981689453125,
            730.9139404296875
        ],
        [
            100.20134735107422,
            878.3722534179688,
            106.8711166381836,
            888.907470703125
        ],
        [
            1064.1622314453125,
            685.5353393554688,
            1077.2535400390625,
            699.159423828125
        ],
        [
            1065.8094482421875,
            694.2545166015625,
            1078.2548828125,
            717.0595703125
        ],
        [
            1054.65966796875,
            731.1122436523438,
            1062.0494384765625,
            744.369873046875
        ],
        [
            1063.91357421875,
            681.8672485351562,
            1075.879638671875,
            694.7565307617188
        ],
        [
            193.1200714111328,
            878.2880859375,
            203.4343719482422,
            891.5220336914062
        ]
    ],
    "scores": [
        0.9981606602668762,
        0.9925419092178345,
        0.9912775754928589,
        0.9497381448745728,
        0.9464393258094788,
        0.9291552901268005,
        0.6066109538078308,
        0.5635161995887756,
        0.4635765552520752,
        0.41233882308006287,
        0.3485443592071533,
        0.33820340037345886,
        0.2661590278148651,
        0.14966735243797302,
        0.11292655020952225,
        0.06175969913601875,
        0.05001865699887276
    ]
}