{
    "predicted_boxes": [
        [
            1447.0675048828125,
            472.0583801269531,
            1595.0020751953125,
            591.1779174804688
        ],
        [
            35.327938079833984,
            903.9829711914062,
            40.632774353027344,
            917.2875366210938
        ]
    ],
    "scores": [
        0.9990600943565369,
        0.08473625034093857
    ]
}