{
    "predicted_boxes": [
        [
            829.8773193359375,
            582.268310546875,
            907.1946411132812,
            647.7431030273438
        ],
        [
            881.8805541992188,
            374.36505126953125,
            914.341064453125,
            404.84490966796875
        ],
        [
            841.8463134765625,
            595.7550659179688,
            870.136962890625,
            628.973388671875
        ],
        [
            837.4811401367188,
            588.5877685546875,
            889.87158203125,
            636.3067016601562
        ]
    ],
    "scores": [
        0.9961187839508057,
        0.9293097853660583,
        0.15290333330631256,
        0.06481039524078369
    ]
}