{
    "predicted_boxes": [
        [
            488.6744079589844,
            558.7147827148438,
            587.7444458007812,
            638.7582397460938
        ],
        [
            514.8455810546875,
            643.4309692382812,
            568.6469116210938,
            671.742431640625
        ],
        [
            426.21795654296875,
            684.8094482421875,
            476.8804016113281,
            722.92333984375
        ],
        [
            624.8026733398438,
            575.0173950195312,
            648.4567260742188,
            609.0645751953125
        ],
        [
            402.708740234375,
            135.06661987304688,
            411.695068359375,
            154.36802673339844
        ],
        [
            365.6110534667969,
            113.82457733154297,
            385.4786071777344,
            130.71051025390625
        ],
        [
            468.738525390625,
            744.5147705078125,
            481.8620300292969,
            760.47412109375
        ]
    ],
    "scores": [
        0.9960860013961792,
        0.9953047037124634,
        0.9801170229911804,
        0.6050145030021667,
        0.28539666533470154,
        0.12143190950155258,
        0.09975560754537582
    ]
}