{
    "predicted_boxes": [
        [
            105.69647216796875,
            587.2119140625,
            189.95726013183594,
            654.760498046875
        ],
        [
            1253.167724609375,
            590.385986328125,
            1333.4813232421875,
            655.9976196289062
        ],
        [
            1098.2122802734375,
            734.6142578125,
            1106.28857421875,
            747.1767578125
        ],
        [
            1099.258544921875,
            756.2081909179688,
            1105.803466796875,
            775.2813110351562
        ]
    ],
    "scores": [
        0.9978377223014832,
        0.9941950440406799,
        0.22402356564998627,
        0.08621209114789963
    ]
}