{
    "predicted_boxes": [
        [
            396.51739501953125,
            630.738037109375,
            456.4402160644531,
            676.1953735351562
        ],
        [
            1141.2467041015625,
            627.528076171875,
            1196.086181640625,
            672.54248046875
        ],
        [
            541.2415161132812,
            462.299072265625,
            568.548583984375,
            487.1331787109375
        ]
    ],
    "scores": [
        0.9984325766563416,
        0.9930607080459595,
        0.6543043255805969
    ]
}