{
    "predicted_boxes": [
        [
            715.1137084960938,
            786.5884399414062,
            747.7914428710938,
            811.4006958007812
        ],
        [
            716.8158569335938,
            756.3101196289062,
            746.2894897460938,
            783.5416870117188
        ],
        [
            1157.5462646484375,
            755.8280639648438,
            1179.8841552734375,
            783.35595703125
        ],
        [
            711.99755859375,
            726.6366577148438,
            752.400634765625,
            761.7490234375
        ],
        [
            1150.6304931640625,
            728.7841796875,
            1190.4263916015625,
            765.5198974609375
        ],
        [
            1156.1209716796875,
            788.5567626953125,
            1175.439697265625,
            811.3526000976562
        ],
        [
            713.2981567382812,
            739.9317626953125,
            749.7120971679688,
            784.4132690429688
        ],
        [
            1142.1412353515625,
            803.0294189453125,
            1148.6556396484375,
            833.0028076171875
        ],
        [
            1416.6614990234375,
            810.950927734375,
            1436.54443359375,
            839.62548828125
        ]
    ],
    "scores": [
        0.9867178201675415,
        0.9426848292350769,
        0.8243408799171448,
        0.7628869414329529,
        0.3499991297721863,
        0.3326525092124939,
        0.28512272238731384,
        0.08204272389411926,
        0.051833853125572205
    ]
}