{
    "predicted_boxes": [
        [
            1030.63134765625,
            385.824951171875,
            1063.615966796875,
            418.3509216308594
        ],
        [
            792.555908203125,
            384.9979248046875,
            831.6907348632812,
            416.8438720703125
        ],
        [
            1275.8953857421875,
            724.7504272460938,
            1288.5018310546875,
            740.1934814453125
        ]
    ],
    "scores": [
        0.9689956307411194,
        0.5511770844459534,
        0.07185953855514526
    ]
}