{
    "predicted_boxes": [
        [
            1384.3878173828125,
            658.6500244140625,
            1635.846435546875,
            703.1318969726562
        ],
        [
            1080.5357666015625,
            648.4395751953125,
            1105.175048828125,
            663.6717529296875
        ],
        [
            1068.8717041015625,
            607.926025390625,
            1116.669677734375,
            649.5372924804688
        ],
        [
            1052.367919921875,
            655.688232421875,
            1065.39794921875,
            675.4490356445312
        ],
        [
            187.96990966796875,
            630.6044311523438,
            209.9391326904297,
            683.7391967773438
        ],
        [
            1284.7940673828125,
            539.4307861328125,
            1310.770263671875,
            599.0219116210938
        ],
        [
            1224.50439453125,
            646.570068359375,
            1232.701171875,
            680.6779174804688
        ],
        [
            937.95166015625,
            669.0128784179688,
            981.7138671875,
            684.3599853515625
        ],
        [
            1052.37353515625,
            664.32470703125,
            1065.3092041015625,
            682.41015625
        ],
        [
            1053.1849365234375,
            671.873779296875,
            1064.5400390625,
            684.8837280273438
        ],
        [
            1241.5238037109375,
            588.1920776367188,
            1294.0849609375,
            623.6687622070312
        ],
        [
            749.9010620117188,
            690.5965576171875,
            755.5888671875,
            710.5344848632812
        ],
        [
            1202.4849853515625,
            652.3333740234375,
            1216.755126953125,
            671.2964477539062
        ],
        [
            748.7632446289062,
            689.1797485351562,
            756.833251953125,
            698.8165893554688
        ],
        [
            1285.458740234375,
            577.8260498046875,
            1308.7969970703125,
            597.80712890625
        ],
        [
            936.75,
            670.6043701171875,
            985.3197631835938,
            706.9059448242188
        ],
        [
            1047.653564453125,
            654.5357055664062,
            1067.30712890625,
            683.8478393554688
        ]
    ],
    "scores": [
        0.9993768334388733,
        0.9953546524047852,
        0.9916335344314575,
        0.9352350831031799,
        0.79497891664505,
        0.6910726428031921,
        0.4240501821041107,
        0.36276736855506897,
        0.36011603474617004,
        0.3517991304397583,
        0.3019711375236511,
        0.26972535252571106,
        0.13485300540924072,
        0.123353973031044,
        0.1225132867693901,
        0.11517523229122162,
        0.09778179973363876
    ]
}