{
    "predicted_boxes": [
        [
            1444.4632568359375,
            599.17333984375,
            1602.521484375,
            716.7521362304688
        ],
        [
            1636.2568359375,
            75.2928466796875,
            1665.5218505859375,
            104.94558715820312
        ]
    ],
    "scores": [
        0.9803848266601562,
        0.9693259596824646
    ]
}