{
    "predicted_boxes": [
        [
            362.13555908203125,
            597.3688354492188,
            384.4224548339844,
            617.853759765625
        ]
    ],
    "scores": [
        0.40062856674194336
    ]
}