{
    "predicted_boxes": [
        [
            1290.613037109375,
            48.47886276245117,
            1363.40869140625,
            110.19332122802734
        ],
        [
            1307.0186767578125,
            109.41703033447266,
            1344.3258056640625,
            130.99032592773438
        ]
    ],
    "scores": [
        0.9963772892951965,
        0.9837771654129028
    ]
}