{
    "predicted_boxes": [
        [
            1518.8665771484375,
            673.4832153320312,
            1897.2012939453125,
            729.5917358398438
        ],
        [
            229.13043212890625,
            662.1975708007812,
            402.3291320800781,
            732.8067016601562
        ],
        [
            1082.6693115234375,
            618.155517578125,
            1139.181640625,
            665.233642578125
        ],
        [
            1097.659912109375,
            665.2572631835938,
            1122.5677490234375,
            681.0001831054688
        ],
        [
            1403.167724609375,
            508.4532775878906,
            1439.9412841796875,
            584.5169067382812
        ],
        [
            1056.747314453125,
            677.87060546875,
            1071.220947265625,
            691.576416015625
        ],
        [
            1403.9423828125,
            560.9404907226562,
            1438.463134765625,
            584.8488159179688
        ],
        [
            1042.324462890625,
            712.23046875,
            1048.976806640625,
            733.3425903320312
        ],
        [
            93.61729431152344,
            878.9884033203125,
            101.89108276367188,
            894.4490966796875
        ],
        [
            1276.680908203125,
            664.3271484375,
            1288.056640625,
            699.6522216796875
        ],
        [
            1647.2152099609375,
            674.5426025390625,
            1794.86865234375,
            728.7994384765625
        ],
        [
            1043.5909423828125,
            715.6494750976562,
            1047.8548583984375,
            731.1757202148438
        ],
        [
            1546.734619140625,
            673.957763671875,
            1687.3863525390625,
            723.0372314453125
        ],
        [
            727.7711791992188,
            710.052734375,
            734.124755859375,
            719.34716796875
        ],
        [
            1043.2557373046875,
            708.7964477539062,
            1048.9656982421875,
            718.528564453125
        ],
        [
            1058.8602294921875,
            693.7661743164062,
            1069.7071533203125,
            711.3495483398438
        ]
    ],
    "scores": [
        0.989425778388977,
        0.9719300866127014,
        0.9651814103126526,
        0.9637933969497681,
        0.9220015406608582,
        0.6142133474349976,
        0.3823186457157135,
        0.3525916337966919,
        0.27666813135147095,
        0.18683373928070068,
        0.12573182582855225,
        0.11532353609800339,
        0.0794445276260376,
        0.07820826768875122,
        0.07399839162826538,
        0.07187934964895248
    ]
}