{
    "predicted_boxes": [
        [
            956.5933837890625,
            647.952392578125,
            1146.3096923828125,
            717.6705322265625
        ],
        [
            947.3523559570312,
            687.5594482421875,
            1140.5050048828125,
            742.2135009765625
        ]
    ],
    "scores": [
        0.9553548693656921,
        0.526496171951294
    ]
}