{
    "predicted_boxes": [
        [
            1626.5390625,
            598.013427734375,
            1705.982177734375,
            664.8994140625
        ],
        [
            957.9930419921875,
            670.89501953125,
            1098.0174560546875,
            739.3256225585938
        ],
        [
            984.31396484375,
            671.0792846679688,
            1058.654052734375,
            692.2395629882812
        ],
        [
            971.7243041992188,
            717.0203857421875,
            1087.701171875,
            739.7948608398438
        ],
        [
            992.4491577148438,
            673.4738159179688,
            1042.916748046875,
            686.739990234375
        ],
        [
            973.339599609375,
            685.6937255859375,
            1084.8143310546875,
            724.4571533203125
        ],
        [
            968.9976806640625,
            673.727294921875,
            1003.4764404296875,
            691.0001831054688
        ],
        [
            968.3233642578125,
            671.438232421875,
            1084.8116455078125,
            707.4620971679688
        ]
    ],
    "scores": [
        0.9992355108261108,
        0.9977830052375793,
        0.9525306820869446,
        0.37144383788108826,
        0.3571261167526245,
        0.12240946292877197,
        0.05986775830388069,
        0.055023953318595886
    ]
}