{
    "predicted_boxes": [
        [
            1755.1546630859375,
            567.766357421875,
            1854.8121337890625,
            646.2192993164062
        ],
        [
            953.0272216796875,
            655.4619750976562,
            1110.539794921875,
            734.6321411132812
        ],
        [
            960.297119140625,
            658.5640869140625,
            1109.7677001953125,
            699.7445068359375
        ],
        [
            985.0388793945312,
            660.3896484375,
            1074.614501953125,
            683.3983764648438
        ],
        [
            996.3568725585938,
            662.9522094726562,
            1036.2188720703125,
            678.7406616210938
        ],
        [
            1026.830322265625,
            664.3941040039062,
            1063.6251220703125,
            680.5137329101562
        ]
    ],
    "scores": [
        0.9991505146026611,
        0.998005211353302,
        0.769641637802124,
        0.5031421780586243,
        0.196014404296875,
        0.11969111859798431
    ]
}