{
    "predicted_boxes": [
        [
            1140.3519287109375,
            667.4774780273438,
            1201.11767578125,
            717.6911010742188
        ],
        [
            306.2760314941406,
            664.8084716796875,
            367.2142333984375,
            712.8278198242188
        ],
        [
            808.8641357421875,
            769.7288818359375,
            815.8836059570312,
            786.2778930664062
        ]
    ],
    "scores": [
        0.9968846440315247,
        0.9247292280197144,
        0.0647774189710617
    ]
}