{
    "predicted_boxes": [
        [
            1435.1368408203125,
            668.8099975585938,
            1712.341064453125,
            715.9521484375
        ],
        [
            1072.5933837890625,
            614.9495239257812,
            1123.273681640625,
            658.0162353515625
        ],
        [
            1085.761474609375,
            657.1444702148438,
            1112.1712646484375,
            671.1912841796875
        ],
        [
            1321.2935791015625,
            532.2635498046875,
            1350.8492431640625,
            598.883544921875
        ],
        [
            1053.5087890625,
            667.6697387695312,
            1067.370849609375,
            681.6229248046875
        ],
        [
            1204.427978515625,
            662.7405395507812,
            1223.0782470703125,
            680.8287963867188
        ],
        [
            1053.3388671875,
            670.2525024414062,
            1066.96337890625,
            697.3790283203125
        ],
        [
            1260.75341796875,
            591.9913330078125,
            1291.461669921875,
            630.9187622070312
        ],
        [
            1039.672607421875,
            701.9380493164062,
            1043.9012451171875,
            720.3453369140625
        ],
        [
            1053.71923828125,
            685.5936279296875,
            1067.185546875,
            702.8180541992188
        ],
        [
            1530.8624267578125,
            669.0682373046875,
            1659.2918701171875,
            713.545166015625
        ],
        [
            95.97282409667969,
            636.5872802734375,
            120.93949890136719,
            696.565185546875
        ],
        [
            1054.441162109375,
            678.6680908203125,
            1066.274658203125,
            693.1047973632812
        ],
        [
            1243.5140380859375,
            655.1614990234375,
            1252.0897216796875,
            690.5485229492188
        ],
        [
            1322.9564208984375,
            575.7373657226562,
            1347.380859375,
            597.0596313476562
        ],
        [
            1568.4031982421875,
            674.5897216796875,
            1633.91357421875,
            711.2532348632812
        ]
    ],
    "scores": [
        0.9992676377296448,
        0.9927639365196228,
        0.9856340289115906,
        0.8634156584739685,
        0.8260583877563477,
        0.6199356317520142,
        0.3640420138835907,
        0.2827902138233185,
        0.27128851413726807,
        0.2587403655052185,
        0.25775864720344543,
        0.24266326427459717,
        0.11940343677997589,
        0.11609628796577454,
        0.10996431112289429,
        0.05633646622300148
    ]
}