{
    "predicted_boxes": [
        [
            1713.7213134765625,
            576.3211669921875,
            1920.0,
            657.1109619140625
        ],
        [
            1910.0667724609375,
            599.4361572265625,
            1919.1143798828125,
            625.615966796875
        ],
        [
            1875.8880615234375,
            599.2577514648438,
            1900.9976806640625,
            627.2705078125
        ],
        [
            1829.009033203125,
            588.9414672851562,
            1872.08447265625,
            630.193115234375
        ]
    ],
    "scores": [
        0.4762335419654846,
        0.3759717643260956,
        0.3235595226287842,
        0.12877488136291504
    ]
}