{
    "predicted_boxes": [
        [
            679.3815307617188,
            730.4452514648438,
            685.3327026367188,
            748.1068725585938
        ]
    ],
    "scores": [
        0.10257087647914886
    ]
}