{
    "predicted_boxes": [
        [
            1123.1839599609375,
            661.7449951171875,
            1158.88427734375,
            680.85302734375
        ],
        [
            0.0,
            653.3757934570312,
            184.99789428710938,
            719.8217163085938
        ],
        [
            1108.9005126953125,
            604.9535522460938,
            1174.839599609375,
            663.77587890625
        ],
        [
            1231.257568359375,
            33.768226623535156,
            1293.39697265625,
            80.05416870117188
        ],
        [
            1383.7769775390625,
            654.3309326171875,
            1399.9505615234375,
            709.2999877929688
        ],
        [
            1814.09765625,
            320.70245361328125,
            1891.91015625,
            479.84979248046875
        ],
        [
            1066.237548828125,
            683.86669921875,
            1076.8658447265625,
            694.9248046875
        ],
        [
            1112.082763671875,
            716.4869995117188,
            1118.7149658203125,
            731.0086669921875
        ],
        [
            98.2444839477539,
            878.777099609375,
            107.05355072021484,
            892.3065185546875
        ],
        [
            1236.1019287109375,
            676.95458984375,
            1255.710693359375,
            696.6070556640625
        ],
        [
            793.418701171875,
            715.9358520507812,
            801.6204223632812,
            725.8568115234375
        ],
        [
            1054.1787109375,
            714.5526733398438,
            1062.3048095703125,
            728.3704223632812
        ],
        [
            1054.0052490234375,
            718.97265625,
            1060.5048828125,
            729.6520385742188
        ],
        [
            99.33989715576172,
            878.5142822265625,
            106.16606903076172,
            887.4402465820312
        ],
        [
            99.87324523925781,
            881.5962524414062,
            106.18682098388672,
            890.8029174804688
        ],
        [
            1236.401123046875,
            694.5606689453125,
            1256.1005859375,
            709.8004150390625
        ]
    ],
    "scores": [
        0.9969543218612671,
        0.9827268123626709,
        0.9797505736351013,
        0.972087562084198,
        0.9315987825393677,
        0.5538300275802612,
        0.5495090484619141,
        0.5228481292724609,
        0.4177028238773346,
        0.34304681420326233,
        0.304146945476532,
        0.13970947265625,
        0.0917903333902359,
        0.08508338034152985,
        0.0798226073384285,
        0.07814069092273712
    ]
}