{
    "predicted_boxes": [
        [
            1574.6390380859375,
            663.5926513671875,
            1590.5743408203125,
            690.095458984375
        ],
        [
            746.214111328125,
            730.532470703125,
            763.1543579101562,
            753.8468627929688
        ]
    ],
    "scores": [
        0.4379667043685913,
        0.11138997972011566
    ]
}