{
    "predicted_boxes": [
        [
            1155.1195068359375,
            632.0588989257812,
            1200.92041015625,
            673.1437377929688
        ],
        [
            383.5628662109375,
            625.1749877929688,
            439.15924072265625,
            667.6892700195312
        ],
        [
            1086.495849609375,
            721.2235107421875,
            1093.7998046875,
            735.079833984375
        ]
    ],
    "scores": [
        0.9949643611907959,
        0.9236148595809937,
        0.06896018236875534
    ]
}