{
    "predicted_boxes": [
        [
            523.2667236328125,
            716.2568359375,
            530.3863525390625,
            733.538330078125
        ]
    ],
    "scores": [
        0.11998949199914932
    ]
}