{
    "predicted_boxes": [
        [
            1134.5460205078125,
            636.6139526367188,
            1173.359619140625,
            680.5623168945312
        ],
        [
            450.9735412597656,
            636.12060546875,
            497.39208984375,
            670.901123046875
        ],
        [
            1031.9647216796875,
            717.2186279296875,
            1037.3193359375,
            732.7455444335938
        ]
    ],
    "scores": [
        0.9975785613059998,
        0.991612434387207,
        0.061156608164310455
    ]
}