{
    "predicted_boxes": [
        [
            1553.6195068359375,
            673.6514282226562,
            1915.233154296875,
            734.697998046875
        ],
        [
            1282.265869140625,
            665.406005859375,
            1296.6085205078125,
            706.2387084960938
        ],
        [
            174.05496215820312,
            660.2050170898438,
            385.4188537597656,
            719.94482421875
        ],
        [
            1083.5340576171875,
            619.7280883789062,
            1139.34521484375,
            668.6398315429688
        ],
        [
            1424.2989501953125,
            498.6089172363281,
            1463.4674072265625,
            582.7050170898438
        ],
        [
            1100.2332763671875,
            668.3292846679688,
            1126.1922607421875,
            683.052490234375
        ],
        [
            1425.183837890625,
            557.3670654296875,
            1461.3243408203125,
            582.3413696289062
        ],
        [
            1056.508544921875,
            678.2142333984375,
            1071.244384765625,
            692.6336059570312
        ],
        [
            1703.3153076171875,
            677.4488525390625,
            1843.372314453125,
            730.105712890625
        ],
        [
            1426.358642578125,
            516.2102661132812,
            1459.986328125,
            564.526123046875
        ],
        [
            1615.3341064453125,
            677.6594848632812,
            1678.9163818359375,
            724.9291381835938
        ],
        [
            189.92721557617188,
            689.499755859375,
            377.878662109375,
            741.34814453125
        ],
        [
            1042.11328125,
            710.7586059570312,
            1051.5322265625,
            727.6278076171875
        ]
    ],
    "scores": [
        0.9968640804290771,
        0.9925249218940735,
        0.9882373213768005,
        0.9697399139404297,
        0.8808721303939819,
        0.8691807985305786,
        0.6028202772140503,
        0.25192320346832275,
        0.19122853875160217,
        0.14041556417942047,
        0.08468885719776154,
        0.06676170974969864,
        0.05041639879345894
    ]
}