{
    "predicted_boxes": [
        [
            297.2115783691406,
            649.8985595703125,
            331.7851867675781,
            682.25830078125
        ]
    ],
    "scores": [
        0.9932054281234741
    ]
}