{
    "predicted_boxes": [
        [
            1683.36669921875,
            123.47956848144531,
            1725.9111328125,
            145.50347900390625
        ],
        [
            1683.47802734375,
            125.91889953613281,
            1723.6002197265625,
            137.5759735107422
        ]
    ],
    "scores": [
        0.22469648718833923,
        0.06120459362864494
    ]
}