{
    "predicted_boxes": [
        [
            1594.040771484375,
            117.11338806152344,
            1656.5933837890625,
            148.60595703125
        ]
    ],
    "scores": [
        0.13340508937835693
    ]
}