{
    "predicted_boxes": [
        [
            1841.9638671875,
            551.174560546875,
            1919.936279296875,
            630.3656005859375
        ],
        [
            957.6729125976562,
            647.2673950195312,
            1116.291015625,
            720.6053466796875
        ],
        [
            965.4296264648438,
            706.9476928710938,
            1093.108642578125,
            729.4487915039062
        ],
        [
            951.0782470703125,
            694.0709838867188,
            1113.9976806640625,
            729.9564208984375
        ],
        [
            985.2691650390625,
            652.1285400390625,
            1088.904052734375,
            678.5369262695312
        ],
        [
            1889.725830078125,
            574.2332763671875,
            1918.4412841796875,
            610.9739990234375
        ],
        [
            1878.98046875,
            553.720947265625,
            1918.789794921875,
            628.3643798828125
        ],
        [
            967.2116088867188,
            671.274169921875,
            1109.628173828125,
            705.0962524414062
        ],
        [
            1014.6640625,
            711.60546875,
            1053.427001953125,
            728.05517578125
        ]
    ],
    "scores": [
        0.9992939233779907,
        0.9938603639602661,
        0.809499979019165,
        0.7302988767623901,
        0.4472845792770386,
        0.2568269670009613,
        0.1516861766576767,
        0.1473236083984375,
        0.055178526788949966
    ]
}