{
    "predicted_boxes": [
        [
            949.7943725585938,
            726.0667724609375,
            959.9268188476562,
            741.509521484375
        ]
    ],
    "scores": [
        0.6112074255943298
    ]
}