{
    "predicted_boxes": [
        [
            1663.2259521484375,
            593.637451171875,
            1750.1416015625,
            659.3287963867188
        ],
        [
            966.2477416992188,
            666.9862670898438,
            1103.17724609375,
            741.0764770507812
        ],
        [
            978.5650024414062,
            719.1401977539062,
            1078.3203125,
            741.487548828125
        ],
        [
            985.0042724609375,
            671.2635498046875,
            1077.265869140625,
            696.3441772460938
        ],
        [
            966.2949829101562,
            688.1233520507812,
            1100.8309326171875,
            723.8465576171875
        ],
        [
            976.0219116210938,
            671.8974609375,
            1090.94775390625,
            711.6529541015625
        ],
        [
            992.749267578125,
            721.1096801757812,
            1043.494873046875,
            739.7796630859375
        ]
    ],
    "scores": [
        0.9992884397506714,
        0.9979518055915833,
        0.6507542133331299,
        0.18400517106056213,
        0.10006335377693176,
        0.050823792815208435,
        0.05034775286912918
    ]
}