{
    "predicted_boxes": [
        [
            1689.784423828125,
            648.7515869140625,
            1916.57080078125,
            714.9895629882812
        ],
        [
            1319.9085693359375,
            639.1309204101562,
            1333.4036865234375,
            686.2156372070312
        ],
        [
            1110.2779541015625,
            642.3988647460938,
            1140.9266357421875,
            661.3441162109375
        ],
        [
            1092.9444580078125,
            592.2213134765625,
            1155.6776123046875,
            643.9927368164062
        ],
        [
            1536.827392578125,
            429.21453857421875,
            1583.7161865234375,
            535.7871704101562
        ],
        [
            1057.250244140625,
            660.2890625,
            1074.6651611328125,
            676.5706176757812
        ],
        [
            1058.6949462890625,
            672.47705078125,
            1075.287353515625,
            694.6972045898438
        ],
        [
            1257.7159423828125,
            154.72581481933594,
            1269.8455810546875,
            194.6436309814453
        ]
    ],
    "scores": [
        0.9994390606880188,
        0.9867825508117676,
        0.9832559823989868,
        0.972838819026947,
        0.8078629970550537,
        0.1839500516653061,
        0.13990744948387146,
        0.060613151639699936
    ]
}