{
    "predicted_boxes": [
        [
            571.335693359375,
            684.4602661132812,
            589.251953125,
            702.8778686523438
        ]
    ],
    "scores": [
        0.9369356632232666
    ]
}