{
    "predicted_boxes": [
        [
            309.1834411621094,
            420.19891357421875,
            342.6130065917969,
            444.4534912109375
        ],
        [
            0.0,
            296.940673828125,
            13.866066932678223,
            320.5881042480469
        ]
    ],
    "scores": [
        0.6159911751747131,
        0.5841216444969177
    ]
}