{
    "predicted_boxes": [
        [
            1184.119140625,
            640.81640625,
            1231.9254150390625,
            679.2197875976562
        ],
        [
            1182.91748046875,
            693.034912109375,
            1209.073974609375,
            716.0435791015625
        ],
        [
            1188.04541015625,
            721.5294189453125,
            1197.5860595703125,
            735.1759033203125
        ],
        [
            424.91290283203125,
            732.7680053710938,
            439.8273620605469,
            752.272216796875
        ],
        [
            1718.938232421875,
            73.06172943115234,
            1753.299072265625,
            107.15911865234375
        ]
    ],
    "scores": [
        0.9895648956298828,
        0.9844279885292053,
        0.07509065419435501,
        0.07434969395399094,
        0.06570921838283539
    ]
}