{
    "predicted_boxes": [
        [
            952.8954467773438,
            649.5530395507812,
            1140.0230712890625,
            730.020263671875
        ],
        [
            948.928955078125,
            689.4297485351562,
            1133.4202880859375,
            739.8077392578125
        ],
        [
            962.138916015625,
            648.1099853515625,
            1136.3922119140625,
            683.1561889648438
        ],
        [
            969.2232666015625,
            709.6555786132812,
            1108.343017578125,
            739.2841186523438
        ],
        [
            982.0057373046875,
            650.20703125,
            1098.8782958984375,
            675.9904174804688
        ],
        [
            971.8563842773438,
            680.2696533203125,
            1120.9075927734375,
            708.060302734375
        ]
    ],
    "scores": [
        0.9345422983169556,
        0.9182062149047852,
        0.8522522449493408,
        0.12740406394004822,
        0.11745475977659225,
        0.08951118588447571
    ]
}