{
    "predicted_boxes": [
        [
            394.4158020019531,
            194.04115295410156,
            442.457763671875,
            239.8343048095703
        ],
        [
            1329.740966796875,
            743.2886962890625,
            1356.45361328125,
            770.2084350585938
        ],
        [
            1399.433837890625,
            765.406982421875,
            1460.4205322265625,
            782.876220703125
        ],
        [
            1330.9578857421875,
            770.0179443359375,
            1354.751708984375,
            790.066162109375
        ],
        [
            37.56077575683594,
            194.86460876464844,
            87.06717681884766,
            238.39096069335938
        ],
        [
            1090.71728515625,
            756.8729858398438,
            1104.1759033203125,
            770.4517822265625
        ],
        [
            1695.413330078125,
            762.5953979492188,
            1706.2364501953125,
            786.2901000976562
        ],
        [
            1328.4356689453125,
            731.6727905273438,
            1358.90478515625,
            779.7044067382812
        ],
        [
            1694.87158203125,
            789.388671875,
            1705.6707763671875,
            808.9644775390625
        ],
        [
            1399.6103515625,
            765.6192626953125,
            1419.019775390625,
            781.0560302734375
        ]
    ],
    "scores": [
        0.9722079634666443,
        0.9188716411590576,
        0.8024988770484924,
        0.6843671202659607,
        0.6804928779602051,
        0.6341326236724854,
        0.2984963059425354,
        0.21369412541389465,
        0.09329662472009659,
        0.07074760645627975
    ]
}