{
    "predicted_boxes": [
        [
            771.8217163085938,
            723.0126953125,
            781.7815551757812,
            736.0907592773438
        ],
        [
            1455.4554443359375,
            106.02599334716797,
            1490.5064697265625,
            130.4763946533203
        ]
    ],
    "scores": [
        0.46187490224838257,
        0.21787235140800476
    ]
}