{
    "predicted_boxes": [
        [
            1110.12353515625,
            747.31005859375,
            1137.188232421875,
            773.7487182617188
        ],
        [
            1110.3021240234375,
            774.9198608398438,
            1135.0816650390625,
            792.6696166992188
        ],
        [
            1108.5797119140625,
            730.4598999023438,
            1139.66748046875,
            771.1779174804688
        ],
        [
            1524.26318359375,
            779.9987182617188,
            1533.50244140625,
            796.153076171875
        ],
        [
            854.002685546875,
            757.0521850585938,
            863.4137573242188,
            773.7997436523438
        ],
        [
            1525.4202880859375,
            783.9174194335938,
            1532.730712890625,
            808.3734130859375
        ]
    ],
    "scores": [
        0.9805046916007996,
        0.9791980981826782,
        0.4850274622440338,
        0.3868345320224762,
        0.13683047890663147,
        0.057391583919525146
    ]
}