{
    "predicted_boxes": [
        [
            1581.193115234375,
            69.56082916259766,
            1615.2821044921875,
            98.57218170166016
        ]
    ],
    "scores": [
        0.07411593943834305
    ]
}