{
    "predicted_boxes": [
        [
            1173.0806884765625,
            637.9453125,
            1220.54296875,
            677.9694213867188
        ],
        [
            1170.3299560546875,
            691.7274169921875,
            1197.741455078125,
            715.3383178710938
        ],
        [
            1251.080078125,
            64.64302825927734,
            1261.50390625,
            99.48385620117188
        ]
    ],
    "scores": [
        0.9945600628852844,
        0.9787978529930115,
        0.48137426376342773
    ]
}