{
    "predicted_boxes": [
        [
            607.9857788085938,
            682.3541870117188,
            624.7776489257812,
            701.3108520507812
        ]
    ],
    "scores": [
        0.15482330322265625
    ]
}