{
    "predicted_boxes": [
        [
            1238.163330078125,
            609.4569091796875,
            1382.1153564453125,
            637.8538818359375
        ],
        [
            436.1533203125,
            570.5280151367188,
            478.32904052734375,
            589.67529296875
        ],
        [
            557.5161743164062,
            599.347412109375,
            667.4616088867188,
            636.60498046875
        ],
        [
            1058.50732421875,
            565.1918334960938,
            1095.3585205078125,
            599.4158325195312
        ],
        [
            958.124267578125,
            627.20068359375,
            1017.4992065429688,
            648.1260375976562
        ],
        [
            413.9852294921875,
            498.867431640625,
            500.45025634765625,
            572.5639038085938
        ],
        [
            962.1157836914062,
            607.3855590820312,
            1013.080810546875,
            625.2813720703125
        ],
        [
            564.12353515625,
            599.5543823242188,
            663.2076416015625,
            618.74755859375
        ],
        [
            559.2692260742188,
            618.2019653320312,
            666.4473266601562,
            636.423828125
        ],
        [
            1166.177490234375,
            597.6809692382812,
            1171.6822509765625,
            619.2268676757812
        ],
        [
            1170.1358642578125,
            549.2518920898438,
            1185.54248046875,
            576.2097778320312
        ],
        [
            534.30908203125,
            594.7999267578125,
            546.3309936523438,
            624.7300415039062
        ],
        [
            1065.930419921875,
            591.86669921875,
            1084.74560546875,
            606.1163330078125
        ],
        [
            1163.2850341796875,
            597.2392578125,
            1169.7393798828125,
            621.2572021484375
        ],
        [
            1170.8536376953125,
            540.8113403320312,
            1184.216552734375,
            560.4470825195312
        ]
    ],
    "scores": [
        0.9983831644058228,
        0.9933421015739441,
        0.9874754548072815,
        0.9510982036590576,
        0.8476426601409912,
        0.7890097498893738,
        0.7752800583839417,
        0.6815077066421509,
        0.63908851146698,
        0.34952592849731445,
        0.21531255543231964,
        0.15724880993366241,
        0.12449675053358078,
        0.080079086124897,
        0.07156743109226227
    ]
}