{
    "predicted_boxes": [
        [
            1210.2705078125,
            640.6487426757812,
            1255.2266845703125,
            679.5110473632812
        ],
        [
            1211.0108642578125,
            696.759765625,
            1232.7186279296875,
            716.4030151367188
        ],
        [
            1226.29150390625,
            696.1158447265625,
            1236.5350341796875,
            714.27099609375
        ],
        [
            1214.853759765625,
            697.6805419921875,
            1225.1805419921875,
            715.054443359375
        ],
        [
            490.46087646484375,
            730.5794677734375,
            503.2106018066406,
            751.6744995117188
        ],
        [
            1215.5450439453125,
            691.123291015625,
            1238.01708984375,
            715.1094360351562
        ],
        [
            1214.177001953125,
            719.0419921875,
            1222.6932373046875,
            733.2854614257812
        ],
        [
            1056.102294921875,
            639.9575805664062,
            1091.186279296875,
            656.251708984375
        ]
    ],
    "scores": [
        0.9978147745132446,
        0.8272154927253723,
        0.42611801624298096,
        0.3603338599205017,
        0.1865854114294052,
        0.0772152990102768,
        0.07030590623617172,
        0.05133385211229324
    ]
}