{
    "predicted_boxes": [
        [
            1099.7978515625,
            721.6239624023438,
            1144.156005859375,
            764.3291625976562
        ],
        [
            477.210205078125,
            726.2929077148438,
            521.771240234375,
            761.8634033203125
        ],
        [
            402.9224548339844,
            813.646484375,
            413.7245178222656,
            829.6322631835938
        ],
        [
            1031.177001953125,
            810.4088745117188,
            1036.3927001953125,
            829.0375366210938
        ],
        [
            1135.685302734375,
            809.6533203125,
            1147.715087890625,
            825.6494750976562
        ]
    ],
    "scores": [
        0.9931159615516663,
        0.9822470545768738,
        0.22669045627117157,
        0.1607191562652588,
        0.15162672102451324
    ]
}