{
    "predicted_boxes": [
        [
            418.45135498046875,
            666.9216918945312,
            453.2353210449219,
            698.3610229492188
        ]
    ],
    "scores": [
        0.4951883852481842
    ]
}