{
    "predicted_boxes": [
        [
            1117.9957275390625,
            714.9149169921875,
            1166.244384765625,
            754.526123046875
        ],
        [
            405.2620544433594,
            711.2681274414062,
            456.3230285644531,
            751.8486328125
        ],
        [
            623.69384765625,
            807.3505859375,
            630.2808837890625,
            817.7247924804688
        ],
        [
            565.0236206054688,
            804.6885986328125,
            570.9608154296875,
            827.0307006835938
        ],
        [
            1036.2200927734375,
            823.8416137695312,
            1044.1470947265625,
            838.2518920898438
        ],
        [
            820.697265625,
            805.5010375976562,
            827.523193359375,
            824.1856689453125
        ],
        [
            1168.9630126953125,
            814.1838989257812,
            1181.209716796875,
            831.0264892578125
        ],
        [
            1035.473876953125,
            805.3248291015625,
            1045.6796875,
            816.8089599609375
        ],
        [
            622.7108764648438,
            807.204345703125,
            627.7261962890625,
            820.7179565429688
        ],
        [
            563.3870239257812,
            805.4739379882812,
            569.0096435546875,
            826.3948364257812
        ]
    ],
    "scores": [
        0.985298752784729,
        0.9798965454101562,
        0.2528727352619171,
        0.21080715954303741,
        0.15275965631008148,
        0.1359274834394455,
        0.10106319934129715,
        0.08910544216632843,
        0.05621739476919174,
        0.054630350321531296
    ]
}