{
    "predicted_boxes": [
        [
            205.7935333251953,
            377.7229309082031,
            243.12579345703125,
            408.9837951660156
        ],
        [
            433.4839782714844,
            377.3048095703125,
            470.1507568359375,
            408.5239562988281
        ]
    ],
    "scores": [
        0.9486454725265503,
        0.44435828924179077
    ]
}