{
    "predicted_boxes": [
        [
            553.9417114257812,
            705.7557983398438,
            604.0814819335938,
            744.0997924804688
        ],
        [
            551.380859375,
            657.4851684570312,
            603.8402099609375,
            698.32421875
        ],
        [
            1196.562744140625,
            656.98486328125,
            1248.28466796875,
            698.9685668945312
        ],
        [
            1193.437255859375,
            706.2689819335938,
            1240.9478759765625,
            744.663330078125
        ]
    ],
    "scores": [
        0.9087702035903931,
        0.8695710301399231,
        0.48919904232025146,
        0.12005755305290222
    ]
}