{
    "predicted_boxes": [
        [
            1035.7095947265625,
            609.3214111328125,
            1062.9698486328125,
            636.659912109375
        ],
        [
            686.9102172851562,
            640.7548217773438,
            763.5441284179688,
            667.1004638671875
        ],
        [
            1138.14990234375,
            654.1397705078125,
            1233.4998779296875,
            671.4168701171875
        ],
        [
            672.6448364257812,
            601.2330932617188,
            718.4839477539062,
            642.1549682617188
        ],
        [
            1094.642578125,
            611.2201538085938,
            1105.5206298828125,
            630.3350830078125
        ],
        [
            1043.514404296875,
            634.166015625,
            1056.7008056640625,
            643.6956787109375
        ],
        [
            432.411376953125,
            730.6058349609375,
            444.39447021484375,
            754.8242797851562
        ],
        [
            1040.568115234375,
            629.2622680664062,
            1059.97802734375,
            640.1292724609375
        ],
        [
            446.3387451171875,
            622.7147827148438,
            502.8264465332031,
            666.73046875
        ]
    ],
    "scores": [
        0.9894494414329529,
        0.9388421177864075,
        0.7953348755836487,
        0.7535690665245056,
        0.5448259711265564,
        0.17678308486938477,
        0.14948149025440216,
        0.0931633785367012,
        0.051917899399995804
    ]
}