{
    "predicted_boxes": [
        [
            1893.924560546875,
            675.0322265625,
            1920.0,
            708.9672241210938
        ],
        [
            1904.46533203125,
            708.8746948242188,
            1918.3695068359375,
            724.9881591796875
        ],
        [
            1908.55126953125,
            713.2716064453125,
            1918.111572265625,
            724.700439453125
        ]
    ],
    "scores": [
        0.9745663404464722,
        0.23745623230934143,
        0.055001456290483475
    ]
}