{
    "predicted_boxes": [
        [
            446.69598388671875,
            276.1877746582031,
            493.98583984375,
            319.0483093261719
        ],
        [
            740.7440185546875,
            285.5924987792969,
            781.2030029296875,
            322.2771301269531
        ],
        [
            1800.1383056640625,
            55.207122802734375,
            1844.566162109375,
            94.76847839355469
        ]
    ],
    "scores": [
        0.9845975637435913,
        0.9756379127502441,
        0.9545350670814514
    ]
}