{
    "predicted_boxes": [
        [
            720.4177856445312,
            711.7998046875,
            732.8209228515625,
            732.0542602539062
        ]
    ],
    "scores": [
        0.2023485004901886
    ]
}