{
    "predicted_boxes": [
        [
            321.7347412109375,
            133.99623107910156,
            378.24444580078125,
            183.0140380859375
        ],
        [
            341.9125061035156,
            140.21510314941406,
            376.5618591308594,
            178.54112243652344
        ],
        [
            1255.9808349609375,
            732.1655883789062,
            1265.8631591796875,
            748.635009765625
        ]
    ],
    "scores": [
        0.9642746448516846,
        0.3891887962818146,
        0.08333291858434677
    ]
}