{
    "predicted_boxes": [
        [
            1472.27001953125,
            29.81161880493164,
            1527.476318359375,
            79.08042907714844
        ],
        [
            1073.244140625,
            394.1687316894531,
            1106.6365966796875,
            422.9555969238281
        ],
        [
            850.3989868164062,
            391.5863037109375,
            888.23095703125,
            421.97808837890625
        ],
        [
            641.4259033203125,
            622.0972290039062,
            659.1307373046875,
            644.393310546875
        ]
    ],
    "scores": [
        0.9967404007911682,
        0.9400700330734253,
        0.5902228355407715,
        0.056091003119945526
    ]
}