{
    "predicted_boxes": [
        [
            815.4187622070312,
            725.5044555664062,
            821.7932739257812,
            740.5305786132812
        ],
        [
            489.58551025390625,
            659.3652954101562,
            513.5313110351562,
            715.0872802734375
        ],
        [
            775.248291015625,
            733.6465454101562,
            780.5348510742188,
            749.1671142578125
        ],
        [
            774.4742431640625,
            727.5715942382812,
            781.7113647460938,
            742.9728393554688
        ]
    ],
    "scores": [
        0.11605122685432434,
        0.09421393275260925,
        0.09044188261032104,
        0.08390259742736816
    ]
}