{
    "predicted_boxes": [
        [
            1496.399658203125,
            632.846923828125,
            1557.2498779296875,
            679.0497436523438
        ],
        [
            1016.8359985351562,
            675.6729736328125,
            1122.5068359375,
            740.053955078125
        ],
        [
            256.62548828125,
            604.2221069335938,
            289.5920715332031,
            656.1121826171875
        ],
        [
            1033.0782470703125,
            678.493408203125,
            1106.1163330078125,
            717.373779296875
        ],
        [
            50.08797836303711,
            899.6806640625,
            124.72648620605469,
            917.9591674804688
        ]
    ],
    "scores": [
        0.9918743968009949,
        0.9538265466690063,
        0.33956125378608704,
        0.12151921540498734,
        0.11874159425497055
    ]
}