{
    "predicted_boxes": [
        [
            165.1532745361328,
            867.5735473632812,
            181.74642944335938,
            887.1942138671875
        ]
    ],
    "scores": [
        0.9763131141662598
    ]
}