{
    "predicted_boxes": [
        [
            1038.0498046875,
            689.030029296875,
            1063.2037353515625,
            708.1763305664062
        ],
        [
            1109.3153076171875,
            733.155029296875,
            1114.7425537109375,
            751.5221557617188
        ],
        [
            382.06121826171875,
            548.0077514648438,
            403.8123779296875,
            564.9852905273438
        ]
    ],
    "scores": [
        0.6740850210189819,
        0.25579309463500977,
        0.11242801696062088
    ]
}