{
    "predicted_boxes": [
        [
            1670.8681640625,
            570.6461791992188,
            1770.09716796875,
            619.4390258789062
        ],
        [
            1344.6441650390625,
            672.1028442382812,
            1425.391357421875,
            731.0142211914062
        ],
        [
            1608.286376953125,
            391.182861328125,
            1830.8385009765625,
            557.6747436523438
        ],
        [
            1407.1376953125,
            46.78568649291992,
            1449.13671875,
            83.62025451660156
        ],
        [
            1509.46533203125,
            77.32611083984375,
            1516.7835693359375,
            97.554931640625
        ],
        [
            1861.2718505859375,
            122.59375762939453,
            1870.3961181640625,
            139.18060302734375
        ],
        [
            1415.3184814453125,
            80.6427001953125,
            1440.551513671875,
            96.06195068359375
        ],
        [
            1507.5504150390625,
            76.97772979736328,
            1512.7506103515625,
            97.65349578857422
        ]
    ],
    "scores": [
        0.9985490441322327,
        0.9882388114929199,
        0.9779813885688782,
        0.97226881980896,
        0.7836987376213074,
        0.333040326833725,
        0.26643481850624084,
        0.2415502369403839
    ]
}