{
    "predicted_boxes": [
        [
            1232.2884521484375,
            588.4139404296875,
            1308.3193359375,
            658.575927734375
        ],
        [
            129.65585327148438,
            586.886474609375,
            215.94818115234375,
            650.0819702148438
        ]
    ],
    "scores": [
        0.9987180233001709,
        0.9930011034011841
    ]
}