{
    "predicted_boxes": [
        [
            1260.2744140625,
            40.396053314208984,
            1339.7093505859375,
            107.43023681640625
        ],
        [
            1275.626708984375,
            105.90302276611328,
            1322.7911376953125,
            129.47398376464844
        ],
        [
            1280.1837158203125,
            107.01485443115234,
            1299.99658203125,
            128.8866729736328
        ]
    ],
    "scores": [
        0.9961609840393066,
        0.9917203187942505,
        0.1653614640235901
    ]
}