{
    "predicted_boxes": [
        [
            1246.315673828125,
            606.73583984375,
            1405.8076171875,
            635.6572875976562
        ],
        [
            514.7490844726562,
            597.1953735351562,
            629.21240234375,
            636.8578491210938
        ],
        [
            1052.6639404296875,
            562.1675415039062,
            1090.7578125,
            597.92236328125
        ],
        [
            339.2414245605469,
            554.1160888671875,
            389.9771423339844,
            578.62109375
        ],
        [
            1047.810546875,
            597.5646362304688,
            1058.102783203125,
            609.3916015625
        ],
        [
            476.1983947753906,
            588.8582763671875,
            488.9725341796875,
            624.217041015625
        ],
        [
            1185.5709228515625,
            595.3695678710938,
            1197.7115478515625,
            616.7470092773438
        ],
        [
            1031.0169677734375,
            625.0980834960938,
            1035.808837890625,
            635.9868774414062
        ],
        [
            1065.081787109375,
            592.590087890625,
            1081.4549560546875,
            604.8020629882812
        ],
        [
            1165.748046875,
            592.8513793945312,
            1172.632568359375,
            619.2611694335938
        ],
        [
            313.0989990234375,
            474.90362548828125,
            414.58123779296875,
            554.8814086914062
        ],
        [
            1164.110595703125,
            593.6202392578125,
            1169.88330078125,
            618.3541870117188
        ],
        [
            1029.8741455078125,
            625.2548828125,
            1034.2259521484375,
            635.0684204101562
        ],
        [
            1031.853515625,
            623.1502075195312,
            1037.0242919921875,
            634.3908081054688
        ]
    ],
    "scores": [
        0.9976757168769836,
        0.9922796487808228,
        0.9516526460647583,
        0.49602919816970825,
        0.454235702753067,
        0.43015235662460327,
        0.33493572473526,
        0.2127057909965515,
        0.16190627217292786,
        0.13214759528636932,
        0.12816929817199707,
        0.08777663856744766,
        0.07302844524383545,
        0.06417637318372726
    ]
}