{
    "predicted_boxes": [
        [
            320.0383605957031,
            489.8451843261719,
            435.9798583984375,
            610.6863403320312
        ],
        [
            325.78155517578125,
            517.3524780273438,
            361.9166259765625,
            571.8654174804688
        ]
    ],
    "scores": [
        0.999235987663269,
        0.07900005578994751
    ]
}