{
    "predicted_boxes": [
        [
            714.3077392578125,
            602.3018188476562,
            773.1553955078125,
            653.1041870117188
        ],
        [
            757.8637084960938,
            405.5104064941406,
            788.9320068359375,
            434.4754943847656
        ]
    ],
    "scores": [
        0.9875946044921875,
        0.5713964700698853
    ]
}