{
    "predicted_boxes": [
        [
            653.925537109375,
            615.9932250976562,
            703.82861328125,
            659.8807983398438
        ],
        [
            687.0282592773438,
            427.3052062988281,
            718.0057983398438,
            455.57354736328125
        ]
    ],
    "scores": [
        0.9920749664306641,
        0.9866390228271484
    ]
}