{
    "predicted_boxes": [
        [
            1065.79833984375,
            669.0570068359375,
            1098.8624267578125,
            695.86376953125
        ],
        [
            655.5137939453125,
            671.0974731445312,
            683.6521606445312,
            695.5440673828125
        ],
        [
            1599.3248291015625,
            656.6997680664062,
            1918.60791015625,
            793.1807861328125
        ]
    ],
    "scores": [
        0.5043600797653198,
        0.12266124039888382,
        0.06392909586429596
    ]
}