{
    "predicted_boxes": [
        [
            1702.18310546875,
            49.4244499206543,
            1744.0323486328125,
            86.97923278808594
        ],
        [
            867.1082153320312,
            324.31060791015625,
            904.7266845703125,
            362.56121826171875
        ],
        [
            599.7576904296875,
            318.6131896972656,
            642.7667236328125,
            355.71881103515625
        ],
        [
            1649.490966796875,
            498.0020751953125,
            1673.1412353515625,
            516.2063598632812
        ]
    ],
    "scores": [
        0.9911413192749023,
        0.9702131152153015,
        0.5182956457138062,
        0.06338157504796982
    ]
}