{
    "predicted_boxes": [
        [
            468.43646240234375,
            671.7105102539062,
            490.8539123535156,
            696.5133666992188
        ],
        [
            291.9624938964844,
            589.1900024414062,
            311.1407165527344,
            614.881103515625
        ],
        [
            485.9267883300781,
            712.1119384765625,
            493.5387878417969,
            730.76953125
        ]
    ],
    "scores": [
        0.8155396580696106,
        0.5582073926925659,
        0.1602451056241989
    ]
}