{
    "predicted_boxes": [
        [
            1499.54638671875,
            479.727783203125,
            1644.23681640625,
            592.1127319335938
        ],
        [
            1287.92236328125,
            89.68151092529297,
            1342.712646484375,
            133.069580078125
        ],
        [
            822.4087524414062,
            723.5117797851562,
            830.5936279296875,
            738.3922119140625
        ],
        [
            1522.737548828125,
            498.0951232910156,
            1625.2633056640625,
            576.8916625976562
        ]
    ],
    "scores": [
        0.9976298809051514,
        0.9922020435333252,
        0.15084215998649597,
        0.09176699072122574
    ]
}