{
    "predicted_boxes": [
        [
            784.5345458984375,
            412.1102600097656,
            813.284423828125,
            436.0264892578125
        ]
    ],
    "scores": [
        0.15298038721084595
    ]
}