{
    "predicted_boxes": [
        [
            883.7376708984375,
            332.42047119140625,
            922.1227416992188,
            369.79534912109375
        ],
        [
            610.0753173828125,
            327.7774353027344,
            651.8429565429688,
            367.29461669921875
        ]
    ],
    "scores": [
        0.9524779915809631,
        0.9286003708839417
    ]
}