{
    "predicted_boxes": [
        [
            794.4747314453125,
            667.4221801757812,
            804.804443359375,
            681.8571166992188
        ],
        [
            359.6289367675781,
            662.393798828125,
            387.1129455566406,
            684.2618408203125
        ]
    ],
    "scores": [
        0.7030884027481079,
        0.304422527551651
    ]
}