{
    "predicted_boxes": [
        [
            1188.078369140625,
            627.9282836914062,
            1306.0294189453125,
            649.9754028320312
        ],
        [
            1048.6463623046875,
            580.3604125976562,
            1081.4295654296875,
            610.7997436523438
        ],
        [
            570.7042846679688,
            605.3564453125,
            599.0300903320312,
            620.1386108398438
        ],
        [
            1054.80712890625,
            606.5829467773438,
            1075.9111328125,
            618.4935913085938
        ],
        [
            627.4177856445312,
            614.3449096679688,
            713.3594970703125,
            633.191162109375
        ],
        [
            1133.3775634765625,
            614.90234375,
            1140.59423828125,
            635.3697509765625
        ],
        [
            1052.142578125,
            600.8155517578125,
            1078.1944580078125,
            616.4159545898438
        ],
        [
            553.56591796875,
            549.2533569335938,
            618.8311157226562,
            605.7464599609375
        ],
        [
            0.17787912487983704,
            547.9127807617188,
            9.170516967773438,
            581.4916381835938
        ]
    ],
    "scores": [
        0.9885894060134888,
        0.920082151889801,
        0.8692037463188171,
        0.5642134547233582,
        0.5246190428733826,
        0.4786570966243744,
        0.21952395141124725,
        0.09527233988046646,
        0.06462255120277405
    ]
}