{
    "predicted_boxes": [
        [
            1375.0360107421875,
            31.148847579956055,
            1411.4241943359375,
            62.373050689697266
        ],
        [
            1760.713623046875,
            40.27544403076172,
            1785.4384765625,
            55.668575286865234
        ],
        [
            1782.2196044921875,
            81.36837005615234,
            1794.6920166015625,
            96.37956237792969
        ],
        [
            1834.58203125,
            12.819703102111816,
            1893.939208984375,
            60.57965087890625
        ],
        [
            1294.1981201171875,
            81.7657470703125,
            1303.6146240234375,
            97.77334594726562
        ],
        [
            1785.969970703125,
            103.38700866699219,
            1793.6802978515625,
            115.53362274169922
        ],
        [
            1752.0941162109375,
            4.399728775024414,
            1799.7525634765625,
            48.942596435546875
        ]
    ],
    "scores": [
        0.65070641040802,
        0.47135788202285767,
        0.4517015516757965,
        0.3774774968624115,
        0.07399319112300873,
        0.0660465806722641,
        0.06156238168478012
    ]
}