{
    "predicted_boxes": [
        [
            1268.2164306640625,
            17.95880699157715,
            1299.791259765625,
            52.103946685791016
        ],
        [
            1697.7147216796875,
            10.816986083984375,
            1747.6279296875,
            49.74436569213867
        ],
        [
            1747.1087646484375,
            30.119943618774414,
            1770.4974365234375,
            60.64272689819336
        ],
        [
            1650.3521728515625,
            66.69113159179688,
            1659.5052490234375,
            83.25006103515625
        ],
        [
            1652.0255126953125,
            84.08610534667969,
            1659.5233154296875,
            96.93424224853516
        ],
        [
            1623.6375732421875,
            1.8153183460235596,
            1660.1527099609375,
            43.78729248046875
        ]
    ],
    "scores": [
        0.9623962044715881,
        0.9490952491760254,
        0.48954498767852783,
        0.22187140583992004,
        0.05691374093294144,
        0.05048983916640282
    ]
}