{
    "predicted_boxes": [
        [
            1384.062255859375,
            83.4512710571289,
            1416.62255859375,
            111.95755767822266
        ]
    ],
    "scores": [
        0.4507538080215454
    ]
}