{
    "predicted_boxes": [
        [
            624.8120727539062,
            678.6304931640625,
            630.9182739257812,
            693.2066650390625
        ],
        [
            625.505859375,
            700.0446166992188,
            631.1368408203125,
            714.689453125
        ],
        [
            537.748291015625,
            699.7344970703125,
            544.604248046875,
            719.0578002929688
        ],
        [
            623.407958984375,
            678.9470825195312,
            629.1785278320312,
            690.55078125
        ]
    ],
    "scores": [
        0.4082501232624054,
        0.20056267082691193,
        0.06630712002515793,
        0.059220876544713974
    ]
}