{
    "predicted_boxes": [
        [
            1642.718505859375,
            612.1571044921875,
            1686.728271484375,
            649.0061645507812
        ],
        [
            1286.612548828125,
            642.76171875,
            1380.2763671875,
            667.1964721679688
        ],
        [
            1302.6947021484375,
            645.4086303710938,
            1349.98974609375,
            662.724365234375
        ]
    ],
    "scores": [
        0.9621145129203796,
        0.9030505418777466,
        0.20835845172405243
    ]
}