{
    "predicted_boxes": [
        [
            679.3069458007812,
            730.4382934570312,
            685.503662109375,
            747.5394897460938
        ],
        [
            680.840576171875,
            737.3358154296875,
            686.0020141601562,
            748.2249145507812
        ]
    ],
    "scores": [
        0.16757525503635406,
        0.06326787173748016
    ]
}