{
    "predicted_boxes": [
        [
            1346.5450439453125,
            94.82364654541016,
            1392.986572265625,
            133.20680236816406
        ],
        [
            1811.091552734375,
            322.77862548828125,
            1920.0,
            515.611328125
        ],
        [
            811.6718139648438,
            720.4215087890625,
            819.828857421875,
            734.0993041992188
        ]
    ],
    "scores": [
        0.9971681237220764,
        0.9007818698883057,
        0.48522016406059265
    ]
}