{
    "predicted_boxes": [
        [
            580.892578125,
            682.052001953125,
            600.23828125,
            702.1953125
        ]
    ],
    "scores": [
        0.9540252089500427
    ]
}