{
    "predicted_boxes": [
        [
            958.1090698242188,
            643.5869750976562,
            1130.8626708984375,
            724.4639282226562
        ],
        [
            956.3624877929688,
            700.2650756835938,
            1112.1849365234375,
            726.735107421875
        ],
        [
            962.8585815429688,
            643.3069458007812,
            1122.83642578125,
            680.5537719726562
        ],
        [
            983.8888549804688,
            644.0856323242188,
            1086.7386474609375,
            669.1160278320312
        ],
        [
            977.5678100585938,
            664.5230102539062,
            1116.112060546875,
            703.4285278320312
        ],
        [
            1007.2903442382812,
            703.9857177734375,
            1089.0067138671875,
            725.1276245117188
        ],
        [
            1017.351806640625,
            646.22021484375,
            1067.8006591796875,
            665.0447387695312
        ]
    ],
    "scores": [
        0.9945471286773682,
        0.8087988495826721,
        0.52427077293396,
        0.422477126121521,
        0.29487136006355286,
        0.14233073592185974,
        0.06445339322090149
    ]
}