{
    "predicted_boxes": [
        [
            1294.790283203125,
            664.548583984375,
            1483.1781005859375,
            699.1884765625
        ],
        [
            1066.0443115234375,
            652.765625,
            1088.9307861328125,
            667.5437622070312
        ],
        [
            1056.4324951171875,
            618.1812744140625,
            1100.814697265625,
            653.6580810546875
        ],
        [
            1047.3839111328125,
            661.3902587890625,
            1059.159423828125,
            673.6223754882812
        ],
        [
            443.6142883300781,
            653.7410278320312,
            578.9802856445312,
            683.2645263671875
        ],
        [
            1211.021728515625,
            590.9976806640625,
            1233.502197265625,
            615.983154296875
        ],
        [
            1212.3800048828125,
            574.3893432617188,
            1232.781494140625,
            612.4738159179688
        ],
        [
            372.76556396484375,
            644.3958129882812,
            387.74200439453125,
            681.0263671875
        ],
        [
            1046.7674560546875,
            670.5528564453125,
            1059.130615234375,
            684.004638671875
        ],
        [
            76.03939056396484,
            876.9588012695312,
            85.15379333496094,
            893.5455322265625
        ],
        [
            1048.1533203125,
            673.7752685546875,
            1056.810791015625,
            685.8876953125
        ],
        [
            1209.7655029296875,
            601.5752563476562,
            1232.901123046875,
            618.2191162109375
        ],
        [
            1047.7984619140625,
            663.9049682617188,
            1059.2244873046875,
            680.510009765625
        ],
        [
            1170.6033935546875,
            591.625,
            1199.512939453125,
            620.0134887695312
        ],
        [
            1212.90869140625,
            574.6663208007812,
            1230.7735595703125,
            594.8640747070312
        ],
        [
            1183.78955078125,
            655.1090698242188,
            1194.7103271484375,
            683.8192138671875
        ]
    ],
    "scores": [
        0.9990361928939819,
        0.9608004093170166,
        0.9553142786026001,
        0.9140980839729309,
        0.5656391978263855,
        0.5531848073005676,
        0.41287457942962646,
        0.40199658274650574,
        0.2673322856426239,
        0.21892976760864258,
        0.20567214488983154,
        0.17289553582668304,
        0.15607967972755432,
        0.11143288761377335,
        0.10392638295888901,
        0.09916991740465164
    ]
}