{
    "predicted_boxes": [
        [
            1325.8323974609375,
            52.26823425292969,
            1395.165771484375,
            113.6439208984375
        ],
        [
            1341.6170654296875,
            113.26927185058594,
            1371.333251953125,
            130.7745361328125
        ],
        [
            1353.474609375,
            116.03104400634766,
            1370.1748046875,
            129.4837188720703
        ],
        [
            1340.733154296875,
            116.04093933105469,
            1360.940673828125,
            128.9687957763672
        ]
    ],
    "scores": [
        0.9960426092147827,
        0.51358962059021,
        0.16355480253696442,
        0.06668093055486679
    ]
}