{
    "predicted_boxes": [
        [
            1410.8983154296875,
            86.32455444335938,
            1466.1636962890625,
            138.89813232421875
        ],
        [
            240.49815368652344,
            626.3848876953125,
            510.3811340332031,
            748.4343872070312
        ]
    ],
    "scores": [
        0.988379716873169,
        0.21645645797252655
    ]
}