{
    "predicted_boxes": [
        [
            1313.5390625,
            657.4500732421875,
            1513.325439453125,
            692.5669555664062
        ],
        [
            1057.627685546875,
            608.1868286132812,
            1103.0064697265625,
            648.8458251953125
        ],
        [
            1223.4150390625,
            582.44970703125,
            1246.8896484375,
            604.8275756835938
        ],
        [
            1047.8531494140625,
            663.3430786132812,
            1060.1744384765625,
            685.0030517578125
        ],
        [
            1190.2860107421875,
            645.292724609375,
            1205.9832763671875,
            673.3606567382812
        ],
        [
            1225.220458984375,
            563.449951171875,
            1247.6209716796875,
            605.1841430664062
        ],
        [
            1049.91943359375,
            651.746337890625,
            1060.06005859375,
            663.2445678710938
        ],
        [
            78.61114501953125,
            880.9903564453125,
            86.3836669921875,
            895.285888671875
        ],
        [
            1049.103759765625,
            651.8770751953125,
            1059.7579345703125,
            677.67822265625
        ],
        [
            1222.7137451171875,
            593.51611328125,
            1245.5584716796875,
            606.9974975585938
        ],
        [
            1225.3792724609375,
            561.0023193359375,
            1246.208740234375,
            585.9760131835938
        ],
        [
            1065.833984375,
            646.18896484375,
            1092.409912109375,
            660.85498046875
        ],
        [
            421.9216613769531,
            644.7582397460938,
            566.213134765625,
            673.1326293945312
        ],
        [
            337.2229919433594,
            632.8982543945312,
            351.31158447265625,
            679.5581665039062
        ],
        [
            1212.4530029296875,
            593.385986328125,
            1234.1258544921875,
            614.3658447265625
        ],
        [
            1047.772705078125,
            651.9800415039062,
            1057.7445068359375,
            667.1947021484375
        ]
    ],
    "scores": [
        0.9988577365875244,
        0.9686080813407898,
        0.7551342248916626,
        0.6543934345245361,
        0.5981841683387756,
        0.5334797501564026,
        0.48445260524749756,
        0.3321140706539154,
        0.28957316279411316,
        0.22551453113555908,
        0.20089150965213776,
        0.17301315069198608,
        0.09673050045967102,
        0.09518887102603912,
        0.06471597403287888,
        0.05844941362738609
    ]
}