{
    "predicted_boxes": [
        [
            1646.1181640625,
            383.2948913574219,
            1838.9635009765625,
            521.0370483398438
        ],
        [
            1656.7333984375,
            672.0084838867188,
            1810.8304443359375,
            784.4558715820312
        ],
        [
            1137.598876953125,
            669.1920166015625,
            1208.503173828125,
            683.6121215820312
        ],
        [
            1664.189208984375,
            529.06640625,
            1815.56591796875,
            650.4361572265625
        ],
        [
            1064.1285400390625,
            630.3150634765625,
            1086.2857666015625,
            651.2699584960938
        ],
        [
            405.73626708984375,
            734.0538940429688,
            421.1614074707031,
            756.7103881835938
        ],
        [
            1105.5235595703125,
            633.09912109375,
            1114.7464599609375,
            649.0914916992188
        ],
        [
            1065.750732421875,
            644.4344482421875,
            1083.4154052734375,
            655.191162109375
        ],
        [
            1067.19873046875,
            648.5236206054688,
            1083.1236572265625,
            658.203125
        ]
    ],
    "scores": [
        0.9914930462837219,
        0.9829173684120178,
        0.9777073860168457,
        0.9773502349853516,
        0.9387889504432678,
        0.22606481611728668,
        0.2222488671541214,
        0.08972019702196121,
        0.07273595780134201
    ]
}