{
    "predicted_boxes": [
        [
            792.0807495117188,
            448.04730224609375,
            875.8817138671875,
            593.2587890625
        ],
        [
            795.733642578125,
            477.5613708496094,
            822.0557250976562,
            543.5407104492188
        ]
    ],
    "scores": [
        0.9991816878318787,
        0.08033491671085358
    ]
}