{
    "predicted_boxes": [
        [
            110.66981506347656,
            672.960205078125,
            139.1568145751953,
            696.6595458984375
        ]
    ],
    "scores": [
        0.647182047367096
    ]
}