{
    "predicted_boxes": [
        [
            449.6449890136719,
            636.4658203125,
            501.7624206542969,
            678.4472045898438
        ],
        [
            1128.295166015625,
            635.9085083007812,
            1175.5106201171875,
            674.7391967773438
        ],
        [
            1161.575927734375,
            723.3510131835938,
            1170.6385498046875,
            740.7106323242188
        ]
    ],
    "scores": [
        0.997916042804718,
        0.9961293935775757,
        0.18045870959758759
    ]
}