{
    "predicted_boxes": [
        [
            1392.0235595703125,
            89.51647186279297,
            1429.2113037109375,
            121.24142456054688
        ]
    ],
    "scores": [
        0.6934797763824463
    ]
}