{
    "predicted_boxes": [
        [
            309.6112365722656,
            646.0022583007812,
            350.7759704589844,
            681.2154541015625
        ]
    ],
    "scores": [
        0.9897200465202332
    ]
}