{
    "predicted_boxes": [
        [
            1001.4562377929688,
            654.3345947265625,
            1012.12109375,
            669.3228759765625
        ],
        [
            552.6911010742188,
            640.3634643554688,
            577.984375,
            660.1195678710938
        ],
        [
            895.7384033203125,
            635.2562255859375,
            927.25439453125,
            657.459228515625
        ],
        [
            86.28516387939453,
            550.3709106445312,
            187.88063049316406,
            621.4385375976562
        ],
        [
            405.1966552734375,
            662.83203125,
            414.68182373046875,
            679.76513671875
        ],
        [
            1002.8031616210938,
            681.495849609375,
            1009.8447875976562,
            698.7084350585938
        ],
        [
            912.4429321289062,
            634.6190795898438,
            929.2276000976562,
            656.2340698242188
        ]
    ],
    "scores": [
        0.9361003041267395,
        0.9313521981239319,
        0.8953796625137329,
        0.6610776782035828,
        0.5747843384742737,
        0.12178047746419907,
        0.07517398148775101
    ]
}