{
    "predicted_boxes": [
        [
            1122.720458984375,
            656.6793823242188,
            1159.860107421875,
            673.8343505859375
        ],
        [
            1234.24169921875,
            39.88982009887695,
            1291.7706298828125,
            85.5416030883789
        ],
        [
            1383.8553466796875,
            648.8134765625,
            1403.1531982421875,
            702.261962890625
        ],
        [
            1109.4415283203125,
            598.263916015625,
            1176.4810791015625,
            657.6763916015625
        ],
        [
            1111.6036376953125,
            709.0848388671875,
            1118.4140625,
            727.0225830078125
        ],
        [
            1062.1632080078125,
            674.5664672851562,
            1078.518798828125,
            691.70947265625
        ],
        [
            1812.68017578125,
            316.4261474609375,
            1895.4501953125,
            476.9009094238281
        ],
        [
            1054.2177734375,
            711.8035888671875,
            1062.6226806640625,
            733.9739990234375
        ],
        [
            1063.540771484375,
            688.8463745117188,
            1078.4486083984375,
            699.4111938476562
        ],
        [
            1065.0123291015625,
            691.2952270507812,
            1078.0325927734375,
            706.057861328125
        ],
        [
            1066.18603515625,
            702.4926147460938,
            1078.7891845703125,
            715.807861328125
        ],
        [
            1053.92724609375,
            709.94189453125,
            1061.312255859375,
            719.8300170898438
        ],
        [
            1066.0543212890625,
            697.0579223632812,
            1078.611083984375,
            711.477294921875
        ]
    ],
    "scores": [
        0.9984379410743713,
        0.9935247898101807,
        0.9888018369674683,
        0.985880970954895,
        0.6860832571983337,
        0.6842254996299744,
        0.416497141122818,
        0.19922232627868652,
        0.13554446399211884,
        0.08290357142686844,
        0.05868290737271309,
        0.05544901639223099,
        0.05317824333906174
    ]
}