{
    "predicted_boxes": [
        [
            1734.5919189453125,
            669.9781494140625,
            1775.937255859375,
            703.4429321289062
        ],
        [
            933.87744140625,
            648.6513061523438,
            948.9344482421875,
            677.642822265625
        ]
    ],
    "scores": [
        0.6627720594406128,
        0.21881160140037537
    ]
}