{
    "predicted_boxes": [
        [
            1679.215576171875,
            123.56761169433594,
            1708.9251708984375,
            130.67356872558594
        ],
        [
            1679.2330322265625,
            125.27294921875,
            1710.450439453125,
            136.79824829101562
        ],
        [
            1678.12939453125,
            124.61235046386719,
            1712.8724365234375,
            146.77273559570312
        ]
    ],
    "scores": [
        0.365606427192688,
        0.3049016296863556,
        0.24459031224250793
    ]
}