{
    "predicted_boxes": [
        [
            1123.173095703125,
            643.751220703125,
            1159.3447265625,
            663.61328125
        ],
        [
            1108.3919677734375,
            584.1586303710938,
            1174.784423828125,
            642.4301147460938
        ],
        [
            1384.567626953125,
            637.3592529296875,
            1401.94287109375,
            689.8516845703125
        ],
        [
            7.040843486785889,
            634.69580078125,
            183.6560516357422,
            680.10791015625
        ],
        [
            1111.501220703125,
            696.0463256835938,
            1119.4190673828125,
            712.4378051757812
        ],
        [
            1817.2413330078125,
            303.1770324707031,
            1896.6640625,
            463.7550048828125
        ],
        [
            1054.227294921875,
            698.6106567382812,
            1061.8687744140625,
            719.7318725585938
        ],
        [
            1054.061767578125,
            716.1451416015625,
            1060.8184814453125,
            725.055908203125
        ],
        [
            1124.45849609375,
            643.0103759765625,
            1142.273193359375,
            663.1751098632812
        ],
        [
            1238.2188720703125,
            53.856685638427734,
            1293.7320556640625,
            97.24314880371094
        ],
        [
            1054.8912353515625,
            710.7228393554688,
            1061.469970703125,
            722.8209838867188
        ],
        [
            1053.3883056640625,
            697.6975708007812,
            1060.55517578125,
            707.8346557617188
        ],
        [
            1065.29443359375,
            664.6843872070312,
            1076.7989501953125,
            676.348388671875
        ],
        [
            1068.7767333984375,
            688.7223510742188,
            1078.023193359375,
            702.6608276367188
        ]
    ],
    "scores": [
        0.9982056617736816,
        0.9905930161476135,
        0.9685260057449341,
        0.9279459118843079,
        0.7195390462875366,
        0.6681970953941345,
        0.5938631296157837,
        0.4036811292171478,
        0.35540449619293213,
        0.3115732967853546,
        0.2551138699054718,
        0.18680189549922943,
        0.08980769664049149,
        0.07389181852340698
    ]
}