{
    "predicted_boxes": [
        [
            1122.3038330078125,
            659.55615234375,
            1159.4947509765625,
            679.3934326171875
        ],
        [
            1232.6463623046875,
            33.511619567871094,
            1290.2913818359375,
            81.3244857788086
        ],
        [
            1108.861328125,
            602.5337524414062,
            1175.404296875,
            660.30126953125
        ],
        [
            1383.5469970703125,
            653.1226806640625,
            1399.96630859375,
            708.61572265625
        ],
        [
            1053.8719482421875,
            716.6288452148438,
            1062.3740234375,
            736.624267578125
        ],
        [
            1814.2047119140625,
            319.6791687011719,
            1891.697509765625,
            480.1872253417969
        ],
        [
            1064.95458984375,
            679.6964721679688,
            1077.0643310546875,
            694.6934204101562
        ],
        [
            98.31474304199219,
            880.5133666992188,
            109.001220703125,
            894.0785522460938
        ],
        [
            1111.2119140625,
            712.3598022460938,
            1118.1805419921875,
            730.1380615234375
        ],
        [
            694.2210083007812,
            718.4949951171875,
            700.740234375,
            733.3594970703125
        ],
        [
            1054.5673828125,
            715.3568115234375,
            1062.0445556640625,
            727.050537109375
        ]
    ],
    "scores": [
        0.9986475110054016,
        0.9933642148971558,
        0.9887102246284485,
        0.94381183385849,
        0.6753888130187988,
        0.5618700385093689,
        0.1282176375389099,
        0.11416135728359222,
        0.07036453485488892,
        0.06287909299135208,
        0.06085614114999771
    ]
}