{
    "predicted_boxes": [
        [
            824.6023559570312,
            384.3569030761719,
            855.0654907226562,
            413.1393737792969
        ],
        [
            1568.3681640625,
            746.6123657226562,
            1585.9091796875,
            766.64892578125
        ],
        [
            1512.1517333984375,
            746.83740234375,
            1537.4185791015625,
            768.7015380859375
        ],
        [
            599.0020751953125,
            380.77972412109375,
            632.4945068359375,
            409.4005126953125
        ],
        [
            1513.8897705078125,
            770.0011596679688,
            1535.454833984375,
            785.8167114257812
        ],
        [
            1512.76806640625,
            731.7012329101562,
            1536.8814697265625,
            750.38623046875
        ],
        [
            1573.0107421875,
            766.8101806640625,
            1583.4462890625,
            787.676513671875
        ]
    ],
    "scores": [
        0.9685238599777222,
        0.6265437602996826,
        0.41672977805137634,
        0.29910311102867126,
        0.22877103090286255,
        0.10493151843547821,
        0.09727895259857178
    ]
}