{
    "predicted_boxes": [
        [
            1135.6893310546875,
            730.2669067382812,
            1147.8692626953125,
            748.1305541992188
        ],
        [
            64.86210632324219,
            27.128625869750977,
            119.89862060546875,
            83.23974609375
        ]
    ],
    "scores": [
        0.17755043506622314,
        0.15759091079235077
    ]
}