{
    "predicted_boxes": [
        [
            1006.7640991210938,
            626.4779052734375,
            1025.494140625,
            648.291015625
        ]
    ],
    "scores": [
        0.12161138653755188
    ]
}