{
    "predicted_boxes": [
        [
            1379.846923828125,
            647.7708129882812,
            1741.3798828125,
            715.2096557617188
        ],
        [
            1373.4730224609375,
            648.7899169921875,
            1737.7659912109375,
            790.79345703125
        ],
        [
            1349.4190673828125,
            758.6130981445312,
            1718.9769287109375,
            829.6594848632812
        ],
        [
            1462.711181640625,
            660.75048828125,
            1485.201416015625,
            690.6083984375
        ],
        [
            1487.0123291015625,
            666.2832641601562,
            1508.35888671875,
            691.5048217773438
        ],
        [
            1589.0262451171875,
            670.4928588867188,
            1610.4051513671875,
            696.9591064453125
        ],
        [
            1352.7027587890625,
            723.9306030273438,
            1737.0552978515625,
            812.7667236328125
        ]
    ],
    "scores": [
        0.979188859462738,
        0.745360255241394,
        0.6981936693191528,
        0.5184450745582581,
        0.21378400921821594,
        0.12639395892620087,
        0.06666678190231323
    ]
}