{
    "predicted_boxes": [
        [
            1251.1246337890625,
            606.7437744140625,
            1410.029541015625,
            637.77880859375
        ],
        [
            1050.380859375,
            563.0548095703125,
            1091.0225830078125,
            597.6836547851562
        ],
        [
            465.2232971191406,
            592.3493041992188,
            477.8300476074219,
            624.1599731445312
        ],
        [
            508.1899108886719,
            599.5571899414062,
            620.8184204101562,
            639.2565307617188
        ],
        [
            1174.0965576171875,
            525.3563232421875,
            1196.523193359375,
            554.13134765625
        ],
        [
            1060.468017578125,
            597.026611328125,
            1083.037841796875,
            608.0618286132812
        ],
        [
            320.018310546875,
            555.272216796875,
            372.3956298828125,
            578.170166015625
        ],
        [
            301.6087646484375,
            474.8272705078125,
            395.4566345214844,
            555.868896484375
        ],
        [
            519.3809204101562,
            599.8660888671875,
            619.7864379882812,
            619.2404174804688
        ],
        [
            1175.646240234375,
            548.8250122070312,
            1196.64013671875,
            564.3778686523438
        ],
        [
            1047.3892822265625,
            598.0958862304688,
            1059.009033203125,
            610.8626098632812
        ],
        [
            1058.9281005859375,
            592.1453857421875,
            1084.5167236328125,
            605.8180541992188
        ]
    ],
    "scores": [
        0.9980342984199524,
        0.9817028641700745,
        0.9683294296264648,
        0.9258222579956055,
        0.6009486317634583,
        0.330785870552063,
        0.2972668707370758,
        0.2136128544807434,
        0.12428200244903564,
        0.07446982711553574,
        0.07051306962966919,
        0.06330634653568268
    ]
}