{
    "predicted_boxes": [
        [
            1422.760009765625,
            101.68580627441406,
            1456.8785400390625,
            130.4756317138672
        ]
    ],
    "scores": [
        0.3994015157222748
    ]
}