{
    "predicted_boxes": [
        [
            944.502197265625,
            623.0347290039062,
            1255.4476318359375,
            720.4244995117188
        ],
        [
            1022.9043579101562,
            629.268310546875,
            1041.728515625,
            653.6174926757812
        ],
        [
            1018.0930786132812,
            730.9086303710938,
            1050.2301025390625,
            761.5681762695312
        ],
        [
            957.0757446289062,
            719.2987060546875,
            1220.306640625,
            770.9345703125
        ],
        [
            927.7525634765625,
            678.0264282226562,
            1238.6954345703125,
            765.5587158203125
        ],
        [
            954.6981811523438,
            622.565185546875,
            1267.375732421875,
            670.6964721679688
        ]
    ],
    "scores": [
        0.7468031048774719,
        0.5264824032783508,
        0.3834417164325714,
        0.19097453355789185,
        0.158427432179451,
        0.0954761803150177
    ]
}