{
    "predicted_boxes": [
        [
            239.3607177734375,
            389.06109619140625,
            275.156982421875,
            420.20166015625
        ]
    ],
    "scores": [
        0.5773398876190186
    ]
}