{
    "predicted_boxes": [
        [
            1328.054931640625,
            104.23951721191406,
            1334.0462646484375,
            118.7917251586914
        ]
    ],
    "scores": [
        0.07757531106472015
    ]
}