{
    "predicted_boxes": [
        [
            962.67578125,
            519.9583740234375,
            1064.97265625,
            625.4998168945312
        ]
    ],
    "scores": [
        0.9994018077850342
    ]
}