{
    "predicted_boxes": [
        [
            1386.5628662109375,
            84.263671875,
            1447.3441162109375,
            134.9576416015625
        ],
        [
            1400.4647216796875,
            135.60122680664062,
            1430.353759765625,
            152.45376586914062
        ]
    ],
    "scores": [
        0.9941070079803467,
        0.48455849289894104
    ]
}