{
    "predicted_boxes": [
        [
            483.4697265625,
            642.2282104492188,
            532.066650390625,
            681.0802001953125
        ],
        [
            1114.74365234375,
            640.3612670898438,
            1167.6134033203125,
            676.7022094726562
        ]
    ],
    "scores": [
        0.9940392971038818,
        0.9890794157981873
    ]
}