{
    "predicted_boxes": [
        [
            854.6127319335938,
            651.053466796875,
            901.6556396484375,
            674.880126953125
        ],
        [
            827.0567626953125,
            561.4498291015625,
            927.2879028320312,
            646.227783203125
        ],
        [
            762.475341796875,
            692.7655639648438,
            812.5849609375,
            731.3562622070312
        ],
        [
            391.50408935546875,
            29.387311935424805,
            440.56494140625,
            74.61322021484375
        ],
        [
            1031.7847900390625,
            110.88764953613281,
            1045.7552490234375,
            129.2816925048828
        ],
        [
            1032.9954833984375,
            81.78903198242188,
            1049.7152099609375,
            99.86691284179688
        ],
        [
            1030.8636474609375,
            97.57637023925781,
            1048.0855712890625,
            130.75242614746094
        ]
    ],
    "scores": [
        0.9975491166114807,
        0.9960320591926575,
        0.9888474941253662,
        0.8830335140228271,
        0.823879063129425,
        0.12491954118013382,
        0.06551215052604675
    ]
}