{
    "predicted_boxes": [
        [
            718.9989013671875,
            690.9240112304688,
            739.1415405273438,
            709.9248657226562
        ],
        [
            466.796875,
            660.4733276367188,
            490.8834533691406,
            710.7347412109375
        ]
    ],
    "scores": [
        0.94617760181427,
        0.07398927211761475
    ]
}