{
    "predicted_boxes": [
        [
            1491.4520263671875,
            16.33768081665039,
            1546.1185302734375,
            82.03650665283203
        ]
    ],
    "scores": [
        0.05725661665201187
    ]
}