{
    "predicted_boxes": [
        [
            627.16162109375,
            676.0366821289062,
            671.6343994140625,
            719.5887451171875
        ],
        [
            628.8856201171875,
            720.9412231445312,
            669.6880493164062,
            753.7010498046875
        ],
        [
            624.5245361328125,
            658.8292236328125,
            675.4036865234375,
            735.8345947265625
        ],
        [
            625.0111083984375,
            644.7310791015625,
            673.4087524414062,
            682.13671875
        ],
        [
            513.2052001953125,
            748.5419921875,
            526.322021484375,
            765.2177734375
        ],
        [
            1182.894775390625,
            644.3374633789062,
            1229.0059814453125,
            679.1719360351562
        ],
        [
            1181.87060546875,
            657.1693725585938,
            1229.81787109375,
            716.8623657226562
        ],
        [
            786.0631713867188,
            696.5884399414062,
            850.1505737304688,
            717.8092041015625
        ]
    ],
    "scores": [
        0.9779662489891052,
        0.9237129092216492,
        0.6810614466667175,
        0.4632232189178467,
        0.3313583433628082,
        0.28367704153060913,
        0.21651798486709595,
        0.06451219320297241
    ]
}