{
    "predicted_boxes": [
        [
            1502.172119140625,
            671.8733520507812,
            1840.1507568359375,
            727.212890625
        ],
        [
            1093.845458984375,
            661.9362182617188,
            1118.109619140625,
            677.6155395507812
        ],
        [
            1079.595703125,
            615.9422607421875,
            1136.4144287109375,
            661.5744018554688
        ],
        [
            1042.5765380859375,
            708.0291748046875,
            1051.62646484375,
            728.6320190429688
        ],
        [
            1385.2559814453125,
            511.8674621582031,
            1417.6015625,
            583.0074462890625
        ],
        [
            1269.230224609375,
            663.3614501953125,
            1280.7076416015625,
            696.580322265625
        ],
        [
            1055.1949462890625,
            673.3635864257812,
            1071.0289306640625,
            689.357421875
        ],
        [
            936.3604736328125,
            686.5859985351562,
            977.0863037109375,
            704.46533203125
        ],
        [
            1058.5782470703125,
            698.729248046875,
            1070.73095703125,
            714.1688842773438
        ],
        [
            1628.045166015625,
            673.391357421875,
            1780.5767822265625,
            725.0713500976562
        ],
        [
            1043.6226806640625,
            707.0875854492188,
            1050.0211181640625,
            720.3400268554688
        ],
        [
            1045.3944091796875,
            709.5703735351562,
            1052.3438720703125,
            725.364013671875
        ],
        [
            332.6042785644531,
            664.3232421875,
            412.34136962890625,
            696.4686889648438
        ],
        [
            1056.8575439453125,
            690.398681640625,
            1070.4769287109375,
            708.888671875
        ]
    ],
    "scores": [
        0.9980944991111755,
        0.9742955565452576,
        0.9498817324638367,
        0.9243544340133667,
        0.6323910355567932,
        0.5987567901611328,
        0.4997669458389282,
        0.21556566655635834,
        0.1480020433664322,
        0.1448354870080948,
        0.1328885555267334,
        0.08914894610643387,
        0.060111723840236664,
        0.05912172794342041
    ]
}