{
    "predicted_boxes": [
        [
            1124.420166015625,
            626.2686767578125,
            1157.283935546875,
            645.6428833007812
        ],
        [
            0.0,
            613.289794921875,
            186.94956970214844,
            737.4322509765625
        ],
        [
            1108.4405517578125,
            568.863037109375,
            1176.5006103515625,
            627.5331420898438
        ],
        [
            1802.98828125,
            285.0616149902344,
            1885.0926513671875,
            450.72406005859375
        ],
        [
            1236.854736328125,
            641.1649169921875,
            1255.7149658203125,
            660.4865112304688
        ],
        [
            1384.3226318359375,
            620.5172729492188,
            1398.6717529296875,
            671.8976440429688
        ],
        [
            1233.6099853515625,
            70.04825592041016,
            1290.2269287109375,
            114.86312866210938
        ],
        [
            1054.5238037109375,
            680.5357055664062,
            1061.7783203125,
            708.6675415039062
        ],
        [
            1111.9769287109375,
            679.7836303710938,
            1118.452392578125,
            696.4051513671875
        ]
    ],
    "scores": [
        0.996192216873169,
        0.9653270244598389,
        0.963561475276947,
        0.6960374712944031,
        0.6940202713012695,
        0.645516574382782,
        0.2811661660671234,
        0.2466752529144287,
        0.12145620584487915
    ]
}