{
    "predicted_boxes": [
        [
            1240.541259765625,
            27.279809951782227,
            1332.9185791015625,
            102.69110870361328
        ],
        [
            1264.7413330078125,
            99.6417007446289,
            1302.13916015625,
            124.47637939453125
        ],
        [
            1647.8316650390625,
            128.64410400390625,
            1676.1890869140625,
            157.00570678710938
        ]
    ],
    "scores": [
        0.9956734776496887,
        0.9926183819770813,
        0.07307420670986176
    ]
}