{
    "predicted_boxes": [
        [
            242.49526977539062,
            859.9522705078125,
            265.17633056640625,
            883.9759521484375
        ]
    ],
    "scores": [
        0.4889940023422241
    ]
}