{
    "predicted_boxes": [
        [
            680.1083374023438,
            694.3651733398438,
            692.5943603515625,
            712.853515625
        ],
        [
            0.0,
            316.5072937011719,
            20.36871337890625,
            343.3146057128906
        ]
    ],
    "scores": [
        0.31060102581977844,
        0.11948258429765701
    ]
}