{
    "predicted_boxes": [
        [
            1534.3243408203125,
            667.6552124023438,
            1920.0,
            793.2962646484375
        ],
        [
            676.7593383789062,
            682.2904052734375,
            700.2420043945312,
            701.8258666992188
        ]
    ],
    "scores": [
        0.08696524053812027,
        0.0828002393245697
    ]
}