{
    "predicted_boxes": [
        [
            1253.1649169921875,
            348.83782958984375,
            1291.59716796875,
            385.8031311035156
        ],
        [
            58.0302619934082,
            394.6447448730469,
            76.19073486328125,
            426.1469421386719
        ],
        [
            1068.6297607421875,
            669.9090576171875,
            1096.9462890625,
            692.8550415039062
        ],
        [
            35.69403839111328,
            388.6053771972656,
            53.06675720214844,
            418.64813232421875
        ],
        [
            1609.3331298828125,
            654.3759155273438,
            1919.8798828125,
            781.0431518554688
        ]
    ],
    "scores": [
        0.9828009605407715,
        0.7156192660331726,
        0.5459043979644775,
        0.46513694524765015,
        0.43407678604125977
    ]
}