{
    "predicted_boxes": [
        [
            1424.321044921875,
            53.63093185424805,
            1473.00048828125,
            96.15921020507812
        ],
        [
            1432.404541015625,
            95.54093170166016,
            1461.166748046875,
            111.39015197753906
        ]
    ],
    "scores": [
        0.9903292655944824,
        0.6274070143699646
    ]
}