{
    "predicted_boxes": [
        [
            1085.6251220703125,
            496.5390930175781,
            1198.1385498046875,
            587.404052734375
        ],
        [
            1147.3895263671875,
            268.19671630859375,
            1188.8258056640625,
            305.9820556640625
        ],
        [
            648.7615966796875,
            705.6383666992188,
            659.9652709960938,
            721.3453369140625
        ]
    ],
    "scores": [
        0.9984468817710876,
        0.911554217338562,
        0.11582906544208527
    ]
}