{
    "predicted_boxes": [
        [
            128.33790588378906,
            871.4723510742188,
            144.3695526123047,
            889.748046875
        ]
    ],
    "scores": [
        0.45020943880081177
    ]
}