{
    "predicted_boxes": [
        [
            1377.9410400390625,
            649.1990356445312,
            1746.6734619140625,
            720.2649536132812
        ],
        [
            1349.5419921875,
            758.4762573242188,
            1719.0675048828125,
            829.8992919921875
        ],
        [
            1368.712158203125,
            677.9863891601562,
            1745.0404052734375,
            767.050537109375
        ],
        [
            1461.94873046875,
            660.7333984375,
            1485.47119140625,
            690.7796630859375
        ],
        [
            1387.036865234375,
            652.3361206054688,
            1726.3544921875,
            833.1746826171875
        ],
        [
            1487.2371826171875,
            667.0302734375,
            1508.94775390625,
            691.3756713867188
        ],
        [
            1587.8045654296875,
            669.1188354492188,
            1610.5335693359375,
            697.4315185546875
        ],
        [
            1352.5965576171875,
            723.9376220703125,
            1737.3900146484375,
            812.115234375
        ],
        [
            1552.7802734375,
            666.23486328125,
            1576.752197265625,
            692.9675903320312
        ]
    ],
    "scores": [
        0.9720140099525452,
        0.7067817449569702,
        0.6985176801681519,
        0.45738518238067627,
        0.16289548575878143,
        0.15129131078720093,
        0.12845590710639954,
        0.07142582535743713,
        0.060923315584659576
    ]
}