{
    "predicted_boxes": [
        [
            1634.4395751953125,
            129.0937957763672,
            1691.83251953125,
            147.9995574951172
        ],
        [
            1007.0309448242188,
            638.9444580078125,
            1025.5430908203125,
            659.2750854492188
        ]
    ],
    "scores": [
        0.27765581011772156,
        0.23430009186267853
    ]
}