{
    "predicted_boxes": [
        [
            761.8762817382812,
            450.3869323730469,
            851.07470703125,
            590.547119140625
        ],
        [
            810.5178833007812,
            662.784423828125,
            839.6053466796875,
            678.164794921875
        ],
        [
            768.185302734375,
            484.3219299316406,
            792.3154296875,
            542.039306640625
        ]
    ],
    "scores": [
        0.9990307092666626,
        0.4886108636856079,
        0.44736430048942566
    ]
}