{
    "predicted_boxes": [
        [
            1087.7381591796875,
            728.91162109375,
            1099.3594970703125,
            744.7520141601562
        ]
    ],
    "scores": [
        0.577427327632904
    ]
}