{
    "predicted_boxes": [
        [
            1532.281005859375,
            615.3955688476562,
            1601.5318603515625,
            672.3697509765625
        ],
        [
            956.0015258789062,
            673.1929321289062,
            1090.5289306640625,
            738.51904296875
        ],
        [
            954.7081909179688,
            716.5760498046875,
            1086.6644287109375,
            739.2640380859375
        ],
        [
            990.496337890625,
            677.835693359375,
            1053.1326904296875,
            694.7815551757812
        ],
        [
            983.077392578125,
            718.4601440429688,
            1058.76806640625,
            736.964111328125
        ]
    ],
    "scores": [
        0.9988173842430115,
        0.9964411854743958,
        0.4885880947113037,
        0.36128973960876465,
        0.11225803196430206
    ]
}