{
    "predicted_boxes": [
        [
            1442.8743896484375,
            26.932987213134766,
            1504.1829833984375,
            77.0324478149414
        ],
        [
            1093.2890625,
            403.8832092285156,
            1125.63427734375,
            429.89898681640625
        ],
        [
            874.9657592773438,
            400.0998840332031,
            912.0381469726562,
            430.0613098144531
        ],
        [
            1448.5604248046875,
            33.309852600097656,
            1491.0106201171875,
            68.20265197753906
        ]
    ],
    "scores": [
        0.9929553866386414,
        0.94964998960495,
        0.7192050814628601,
        0.199045330286026
    ]
}