{
    "predicted_boxes": [
        [
            709.0026245117188,
            704.054931640625,
            721.4736938476562,
            718.0698852539062
        ]
    ],
    "scores": [
        0.3666115999221802
    ]
}