{
    "predicted_boxes": [
        [
            345.3287353515625,
            431.7615966796875,
            377.1634826660156,
            455.9584045410156
        ]
    ],
    "scores": [
        0.07212471961975098
    ]
}