{
    "predicted_boxes": [
        [
            1578.3055419921875,
            638.4061279296875,
            1634.1282958984375,
            681.3357543945312
        ],
        [
            1142.9251708984375,
            679.549072265625,
            1253.991455078125,
            723.297119140625
        ],
        [
            1155.3045654296875,
            714.5747680664062,
            1242.2764892578125,
            731.6500854492188
        ]
    ],
    "scores": [
        0.9953059554100037,
        0.521673858165741,
        0.07609592378139496
    ]
}