{
    "predicted_boxes": [
        [
            539.7879638671875,
            408.3375244140625,
            572.379150390625,
            436.6803894042969
        ],
        [
            315.3447570800781,
            411.1481018066406,
            345.8935546875,
            439.5439453125
        ]
    ],
    "scores": [
        0.9519181251525879,
        0.8922505974769592
    ]
}