{
    "predicted_boxes": [
        [
            682.3434448242188,
            602.622802734375,
            965.67626953125,
            658.6040649414062
        ],
        [
            678.9312133789062,
            600.0792236328125,
            957.7219848632812,
            715.1261596679688
        ],
        [
            655.8274536132812,
            692.5123291015625,
            940.8753051757812,
            752.55859375
        ],
        [
            667.5923461914062,
            640.2841796875,
            950.3983764648438,
            749.5286865234375
        ]
    ],
    "scores": [
        0.8985952138900757,
        0.6088093519210815,
        0.11275952309370041,
        0.05408920347690582
    ]
}