{
    "predicted_boxes": [
        [
            1125.2376708984375,
            653.52734375,
            1207.84228515625,
            669.4857788085938
        ],
        [
            1030.5740966796875,
            608.4744873046875,
            1059.3929443359375,
            634.8323364257812
        ],
        [
            702.4544067382812,
            606.4302978515625,
            745.67041015625,
            639.4617919921875
        ],
        [
            725.0984497070312,
            637.9114379882812,
            775.5808715820312,
            664.2003784179688
        ],
        [
            707.7217407226562,
            637.6111450195312,
            740.6754760742188,
            663.5453491210938
        ],
        [
            1129.2596435546875,
            652.7621459960938,
            1205.5150146484375,
            662.4039306640625
        ],
        [
            710.9232177734375,
            641.1334228515625,
            726.2163696289062,
            662.5958251953125
        ],
        [
            721.9299926757812,
            664.6463623046875,
            733.3250732421875,
            676.9542236328125
        ],
        [
            733.7601318359375,
            642.53955078125,
            758.8905639648438,
            662.9302978515625
        ]
    ],
    "scores": [
        0.990358293056488,
        0.9341500997543335,
        0.8530238270759583,
        0.7778193354606628,
        0.7217922806739807,
        0.27047964930534363,
        0.0610605850815773,
        0.059929560869932175,
        0.05933430790901184
    ]
}