{
    "predicted_boxes": [
        [
            643.0151977539062,
            639.2047119140625,
            659.3008422851562,
            665.1704711914062
        ],
        [
            998.311767578125,
            721.0447387695312,
            1004.984130859375,
            744.2704467773438
        ],
        [
            1470.119140625,
            99.2123031616211,
            1486.6212158203125,
            113.0085220336914
        ],
        [
            641.4483032226562,
            631.7909545898438,
            667.4259033203125,
            667.1644897460938
        ]
    ],
    "scores": [
        0.9628192782402039,
        0.21931995451450348,
        0.19220870733261108,
        0.11768544465303421
    ]
}