{
    "predicted_boxes": [
        [
            1039.09521484375,
            605.2990112304688,
            1067.552734375,
            635.0953369140625
        ],
        [
            687.5181884765625,
            639.5014038085938,
            754.1880493164062,
            667.6893920898438
        ],
        [
            653.9367065429688,
            594.5858764648438,
            703.997314453125,
            638.64892578125
        ],
        [
            1147.32177734375,
            653.4368286132812,
            1241.5621337890625,
            669.199951171875
        ],
        [
            666.1280517578125,
            637.7915649414062,
            693.5030517578125,
            655.5518798828125
        ],
        [
            1228.066162109375,
            145.40975952148438,
            1244.43359375,
            163.3461151123047
        ],
        [
            357.8107604980469,
            733.2842407226562,
            372.2388916015625,
            758.9273071289062
        ],
        [
            1044.241943359375,
            633.3114013671875,
            1059.872802734375,
            645.2450561523438
        ],
        [
            1046.3974609375,
            637.3821411132812,
            1057.674560546875,
            650.6804809570312
        ],
        [
            1172.9093017578125,
            654.5426025390625,
            1225.6544189453125,
            667.3162231445312
        ],
        [
            1048.7666015625,
            640.6414794921875,
            1056.6978759765625,
            654.2146606445312
        ],
        [
            357.6127624511719,
            769.5254516601562,
            373.1587829589844,
            805.6680908203125
        ],
        [
            667.7471313476562,
            637.0399169921875,
            703.7418212890625,
            668.9678955078125
        ],
        [
            676.2730712890625,
            651.09521484375,
            694.31298828125,
            666.2123413085938
        ],
        [
            1227.647216796875,
            144.5323028564453,
            1243.9013671875,
            183.79244995117188
        ]
    ],
    "scores": [
        0.9882446527481079,
        0.9849977493286133,
        0.9659435153007507,
        0.9509624242782593,
        0.5721287727355957,
        0.34773388504981995,
        0.19983406364917755,
        0.18703339993953705,
        0.12545643746852875,
        0.09366323053836823,
        0.08417978882789612,
        0.06703948974609375,
        0.06340008229017258,
        0.057618647813797,
        0.051045410335063934
    ]
}