{
    "predicted_boxes": [
        [
            1229.4669189453125,
            83.53337097167969,
            1288.8011474609375,
            131.7741241455078
        ],
        [
            1373.158935546875,
            536.4204711914062,
            1486.0482177734375,
            621.5841674804688
        ],
        [
            1131.95751953125,
            729.4808349609375,
            1140.0145263671875,
            744.61181640625
        ],
        [
            338.6611328125,
            304.41455078125,
            369.165283203125,
            349.0092468261719
        ]
    ],
    "scores": [
        0.9979017972946167,
        0.9978216886520386,
        0.0764891505241394,
        0.053819578140974045
    ]
}