{
    "predicted_boxes": [
        [
            786.9390869140625,
            780.4032592773438,
            813.8934326171875,
            804.4656982421875
        ],
        [
            1181.58642578125,
            749.809814453125,
            1207.0797119140625,
            777.036865234375
        ],
        [
            1179.0472412109375,
            725.6400146484375,
            1210.3153076171875,
            753.4059448242188
        ],
        [
            783.89990234375,
            743.4456176757812,
            814.8358154296875,
            776.6376953125
        ],
        [
            860.3034057617188,
            795.5714111328125,
            865.8638916015625,
            807.8739013671875
        ],
        [
            1179.06201171875,
            733.1156005859375,
            1210.099365234375,
            778.2047119140625
        ],
        [
            357.9288024902344,
            783.0247802734375,
            372.9615783691406,
            805.7625122070312
        ],
        [
            858.60302734375,
            797.6494750976562,
            863.6727294921875,
            807.7454223632812
        ],
        [
            783.43017578125,
            727.514404296875,
            816.1246948242188,
            791.4840698242188
        ],
        [
            1180.19287109375,
            778.535888671875,
            1197.8900146484375,
            805.3361206054688
        ]
    ],
    "scores": [
        0.9899742007255554,
        0.9470769166946411,
        0.8347031474113464,
        0.6883455514907837,
        0.5787534117698669,
        0.5579316020011902,
        0.19338417053222656,
        0.1581333428621292,
        0.12163786590099335,
        0.09166296571493149
    ]
}