{
    "predicted_boxes": [
        [
            842.7988891601562,
            726.8702392578125,
            848.94287109375,
            745.976806640625
        ],
        [
            1240.8853759765625,
            657.4143676757812,
            1589.7823486328125,
            766.2312622070312
        ],
        [
            841.9562377929688,
            733.7510986328125,
            847.9829711914062,
            748.2337036132812
        ],
        [
            842.8226928710938,
            740.2727661132812,
            847.9474487304688,
            749.4328002929688
        ],
        [
            815.919921875,
            684.8292846679688,
            838.2984619140625,
            704.9547119140625
        ]
    ],
    "scores": [
        0.6280896067619324,
        0.17518337070941925,
        0.09266853332519531,
        0.07834241539239883,
        0.07344579696655273
    ]
}