{
    "predicted_boxes": [
        [
            1184.36572265625,
            612.8450927734375,
            1237.6529541015625,
            665.656494140625
        ],
        [
            296.3019104003906,
            611.4469604492188,
            361.3482666015625,
            660.3433227539062
        ]
    ],
    "scores": [
        0.9972009658813477,
        0.9912091493606567
    ]
}