{
    "predicted_boxes": [
        [
            683.216552734375,
            691.4585571289062,
            707.1318969726562,
            710.6474609375
        ],
        [
            688.2108154296875,
            668.2483520507812,
            725.672119140625,
            685.91845703125
        ]
    ],
    "scores": [
        0.6613457202911377,
        0.09764286130666733
    ]
}