{
    "predicted_boxes": [
        [
            276.6411437988281,
            131.76788330078125,
            332.49151611328125,
            181.7677459716797
        ],
        [
            1272.37548828125,
            775.13671875,
            1295.082275390625,
            792.6680297851562
        ],
        [
            1271.4583740234375,
            733.5476684570312,
            1298.9586181640625,
            774.7522583007812
        ],
        [
            1653.980712890625,
            772.7948608398438,
            1666.245849609375,
            824.8656616210938
        ],
        [
            1030.925537109375,
            757.6079711914062,
            1041.4464111328125,
            772.2137451171875
        ],
        [
            1274.0262451171875,
            751.6974487304688,
            1296.539306640625,
            772.7223510742188
        ],
        [
            1653.313720703125,
            773.9395141601562,
            1666.8807373046875,
            787.53271484375
        ],
        [
            1271.989990234375,
            729.9724731445312,
            1298.4803466796875,
            753.1906127929688
        ],
        [
            1654.17529296875,
            797.1329345703125,
            1665.913330078125,
            822.1407470703125
        ],
        [
            1237.700927734375,
            782.1499633789062,
            1245.07666015625,
            808.8820190429688
        ],
        [
            1653.3375244140625,
            773.170654296875,
            1666.032470703125,
            800.1438598632812
        ],
        [
            1608.904541015625,
            737.2442016601562,
            1636.322021484375,
            763.7970581054688
        ]
    ],
    "scores": [
        0.980560839176178,
        0.9695174098014832,
        0.9441773891448975,
        0.6715050935745239,
        0.6601361632347107,
        0.4555775225162506,
        0.44695547223091125,
        0.30814459919929504,
        0.14745475351810455,
        0.09132633358240128,
        0.0873599722981453,
        0.08433826267719269
    ]
}