{
    "predicted_boxes": [
        [
            409.34600830078125,
            690.7752685546875,
            418.2775573730469,
            704.1332397460938
        ],
        [
            410.4522399902344,
            710.7550048828125,
            417.90045166015625,
            725.4794921875
        ],
        [
            410.3241882324219,
            716.8397827148438,
            417.2955017089844,
            726.7589721679688
        ]
    ],
    "scores": [
        0.723074197769165,
        0.5483442544937134,
        0.129451185464859
    ]
}