{
    "predicted_boxes": [
        [
            1371.4234619140625,
            659.7132568359375,
            1593.5367431640625,
            699.5691528320312
        ],
        [
            1066.19140625,
            610.5203247070312,
            1114.4105224609375,
            652.4172973632812
        ],
        [
            228.46261596679688,
            632.6845092773438,
            251.39395141601562,
            684.6295166015625
        ],
        [
            1049.2869873046875,
            656.9779052734375,
            1063.653564453125,
            675.7107543945312
        ],
        [
            1074.5828857421875,
            648.6464233398438,
            1101.707763671875,
            663.6788330078125
        ],
        [
            1266.9759521484375,
            552.7262573242188,
            1292.38818359375,
            601.94189453125
        ],
        [
            937.9469604492188,
            669.3046264648438,
            982.0101318359375,
            683.5170288085938
        ],
        [
            1038.696533203125,
            687.3622436523438,
            1048.744384765625,
            709.8794555664062
        ],
        [
            1049.2938232421875,
            662.7324829101562,
            1062.2305908203125,
            686.7027587890625
        ],
        [
            1042.1966552734375,
            656.4132080078125,
            1064.35009765625,
            686.1914672851562
        ],
        [
            1266.07275390625,
            579.9967041015625,
            1292.204833984375,
            601.6871337890625
        ],
        [
            753.0628051757812,
            689.7223510742188,
            758.3482666015625,
            710.8250122070312
        ],
        [
            1050.915283203125,
            671.2927856445312,
            1063.69775390625,
            688.26953125
        ],
        [
            1052.659912109375,
            655.9457397460938,
            1064.9246826171875,
            668.453857421875
        ],
        [
            1215.2916259765625,
            650.9234008789062,
            1223.9400634765625,
            680.1000366210938
        ],
        [
            1447.9493408203125,
            660.1962890625,
            1549.5753173828125,
            698.846435546875
        ]
    ],
    "scores": [
        0.999718964099884,
        0.9937264919281006,
        0.9917402267456055,
        0.8464751839637756,
        0.783664345741272,
        0.702155590057373,
        0.6874657273292542,
        0.429656058549881,
        0.21629582345485687,
        0.17194850742816925,
        0.13811719417572021,
        0.07072937488555908,
        0.06066184863448143,
        0.05392145365476608,
        0.051888469606637955,
        0.05065111070871353
    ]
}