{
    "predicted_boxes": [
        [
            463.81573486328125,
            672.9594116210938,
            482.6883544921875,
            692.3753662109375
        ]
    ],
    "scores": [
        0.9618343114852905
    ]
}