{
    "predicted_boxes": [
        [
            1123.510009765625,
            637.2816772460938,
            1159.1773681640625,
            658.5885009765625
        ],
        [
            1109.8321533203125,
            578.712646484375,
            1176.5247802734375,
            638.09619140625
        ],
        [
            1384.869873046875,
            632.8414306640625,
            1402.0355224609375,
            685.231201171875
        ],
        [
            1237.0389404296875,
            58.492042541503906,
            1291.173828125,
            101.225830078125
        ],
        [
            1817.66845703125,
            294.54388427734375,
            1898.80517578125,
            459.7967834472656
        ],
        [
            6.88944149017334,
            634.2203369140625,
            187.29408264160156,
            686.813232421875
        ],
        [
            1125.71630859375,
            637.4537963867188,
            1144.1448974609375,
            657.8470458984375
        ],
        [
            1054.3590087890625,
            693.9133911132812,
            1061.6153564453125,
            713.5410766601562
        ],
        [
            1111.5303955078125,
            690.4337768554688,
            1119.0242919921875,
            706.8082885742188
        ],
        [
            1053.9744873046875,
            705.6703491210938,
            1061.2548828125,
            719.202392578125
        ]
    ],
    "scores": [
        0.9979348182678223,
        0.9898776412010193,
        0.9631810784339905,
        0.8206465244293213,
        0.6056390404701233,
        0.5686396956443787,
        0.38508501648902893,
        0.16727179288864136,
        0.15159691870212555,
        0.07762697339057922
    ]
}