{
    "predicted_boxes": [
        [
            1122.390625,
            664.2783813476562,
            1159.71484375,
            683.6513061523438
        ],
        [
            1108.2528076171875,
            607.0823974609375,
            1176.52978515625,
            663.6280517578125
        ],
        [
            1234.170654296875,
            31.57505226135254,
            1292.4129638671875,
            76.91334533691406
        ],
        [
            1383.69384765625,
            657.6077880859375,
            1399.8924560546875,
            711.2012329101562
        ],
        [
            96.59040832519531,
            878.4172973632812,
            107.36559295654297,
            891.7996215820312
        ],
        [
            1063.929931640625,
            682.7408447265625,
            1077.02099609375,
            697.1531982421875
        ],
        [
            1812.870849609375,
            323.4324035644531,
            1892.1873779296875,
            480.8262023925781
        ],
        [
            1062.48291015625,
            684.154052734375,
            1078.5955810546875,
            705.5270385742188
        ],
        [
            1066.988525390625,
            710.7923583984375,
            1077.8316650390625,
            725.8342895507812
        ],
        [
            1063.2093505859375,
            689.7839965820312,
            1078.8428955078125,
            714.326416015625
        ],
        [
            1237.3460693359375,
            678.5547485351562,
            1254.8878173828125,
            702.5103759765625
        ],
        [
            1112.5301513671875,
            719.6210327148438,
            1118.88623046875,
            732.3972778320312
        ],
        [
            1064.4610595703125,
            698.1300659179688,
            1078.5225830078125,
            722.0347290039062
        ],
        [
            1055.593505859375,
            720.3252563476562,
            1062.109619140625,
            743.16064453125
        ],
        [
            1053.2445068359375,
            720.9946899414062,
            1062.0650634765625,
            731.3175659179688
        ]
    ],
    "scores": [
        0.9975320100784302,
        0.9943848848342896,
        0.9920743703842163,
        0.931890070438385,
        0.6687728762626648,
        0.6308510303497314,
        0.4812924265861511,
        0.47463351488113403,
        0.4553265869617462,
        0.36970090866088867,
        0.2926549017429352,
        0.25032588839530945,
        0.2265322059392929,
        0.16588734090328217,
        0.09708115458488464
    ]
}