{
    "predicted_boxes": [
        [
            1547.7818603515625,
            635.9822998046875,
            1603.1513671875,
            681.3432006835938
        ],
        [
            1085.44921875,
            681.4510498046875,
            1193.666259765625,
            752.6113891601562
        ]
    ],
    "scores": [
        0.9639492034912109,
        0.14558523893356323
    ]
}