{
    "predicted_boxes": [
        [
            1360.5775146484375,
            635.7688598632812,
            1472.5185546875,
            716.7135620117188
        ],
        [
            1555.0977783203125,
            68.42477416992188,
            1590.3746337890625,
            102.64693450927734
        ]
    ],
    "scores": [
        0.9974373579025269,
        0.8912674784660339
    ]
}