{
    "predicted_boxes": [
        [
            1430.743896484375,
            625.6679077148438,
            1500.9847412109375,
            657.8597412109375
        ],
        [
            1389.1439208984375,
            502.7308044433594,
            1537.3818359375,
            618.54638671875
        ],
        [
            1320.9759521484375,
            35.102291107177734,
            1369.0283203125,
            75.0035171508789
        ],
        [
            1264.977294921875,
            690.6843872070312,
            1325.0828857421875,
            736.4147338867188
        ],
        [
            1333.9837646484375,
            71.13317108154297,
            1358.50634765625,
            86.8008804321289
        ]
    ],
    "scores": [
        0.996847927570343,
        0.9944741129875183,
        0.9771768450737,
        0.8997780084609985,
        0.19102223217487335
    ]
}