{
    "predicted_boxes": [
        [
            1183.45068359375,
            676.6770629882812,
            1196.470947265625,
            691.894775390625
        ],
        [
            1185.1995849609375,
            691.403564453125,
            1194.559326171875,
            711.244873046875
        ],
        [
            630.233154296875,
            658.7415771484375,
            659.0448608398438,
            683.0455322265625
        ],
        [
            1187.9569091796875,
            693.7176513671875,
            1195.7978515625,
            707.580078125
        ],
        [
            1184.171630859375,
            694.6854858398438,
            1191.04833984375,
            709.3088989257812
        ]
    ],
    "scores": [
        0.9343820214271545,
        0.5231896042823792,
        0.2616177201271057,
        0.16513139009475708,
        0.1443786770105362
    ]
}