{
    "predicted_boxes": [
        [
            1702.0784912109375,
            665.785888671875,
            1742.013671875,
            701.2308349609375
        ],
        [
            896.1406860351562,
            646.7935791015625,
            911.7010498046875,
            677.98095703125
        ],
        [
            1396.19384765625,
            691.843505859375,
            1474.4337158203125,
            715.9207763671875
        ]
    ],
    "scores": [
        0.992925763130188,
        0.1579381376504898,
        0.05398552864789963
    ]
}