{
    "predicted_boxes": [
        [
            1635.697265625,
            595.3607788085938,
            1720.4598388671875,
            661.7468872070312
        ],
        [
            957.3546142578125,
            670.7423706054688,
            1103.4969482421875,
            739.3749389648438
        ],
        [
            985.651123046875,
            671.8873901367188,
            1056.564453125,
            692.8189086914062
        ],
        [
            965.2166137695312,
            668.8838500976562,
            1102.6827392578125,
            706.8929443359375
        ],
        [
            967.4591674804688,
            717.4229125976562,
            1092.7308349609375,
            740.2965087890625
        ],
        [
            993.13330078125,
            673.1654052734375,
            1036.259033203125,
            686.3896484375
        ],
        [
            971.8787231445312,
            685.3739624023438,
            1096.060791015625,
            723.7756958007812
        ],
        [
            1224.464599609375,
            144.3214569091797,
            1240.7691650390625,
            163.13446044921875
        ],
        [
            985.43896484375,
            690.7446899414062,
            1050.100341796875,
            716.5479125976562
        ],
        [
            1016.220703125,
            675.8906860351562,
            1056.065185546875,
            691.7203369140625
        ]
    ],
    "scores": [
        0.9990684390068054,
        0.9924975037574768,
        0.9222179651260376,
        0.3582203686237335,
        0.3152925372123718,
        0.195495143532753,
        0.12117171287536621,
        0.11626359820365906,
        0.08107387274503708,
        0.06474058330059052
    ]
}