{
    "predicted_boxes": [
        [
            461.0813293457031,
            638.54345703125,
            512.775634765625,
            678.918701171875
        ],
        [
            1123.0247802734375,
            636.0772094726562,
            1171.940185546875,
            674.8981323242188
        ],
        [
            1158.4937744140625,
            722.8107299804688,
            1166.358154296875,
            740.9038696289062
        ]
    ],
    "scores": [
        0.995945155620575,
        0.9957706332206726,
        0.05591640993952751
    ]
}