{
    "predicted_boxes": [
        [
            957.3732299804688,
            653.2147827148438,
            1125.7967529296875,
            712.7764282226562
        ],
        [
            1462.6790771484375,
            110.32498168945312,
            1630.6383056640625,
            187.2935333251953
        ],
        [
            972.7117919921875,
            682.33837890625,
            1105.3245849609375,
            712.2657470703125
        ]
    ],
    "scores": [
        0.9874253869056702,
        0.2403302937746048,
        0.14757290482521057
    ]
}