{
    "predicted_boxes": [
        [
            264.0517272949219,
            856.8814086914062,
            289.7987060546875,
            880.9274291992188
        ]
    ],
    "scores": [
        0.39206403493881226
    ]
}