{
    "predicted_boxes": [
        [
            1706.658203125,
            586.0457763671875,
            1798.604248046875,
            655.0601806640625
        ],
        [
            955.9735717773438,
            664.0877685546875,
            1105.520263671875,
            741.0667724609375
        ],
        [
            962.5454711914062,
            666.1773071289062,
            1108.6036376953125,
            706.1912231445312
        ],
        [
            976.7203369140625,
            718.66259765625,
            1088.1519775390625,
            740.9014282226562
        ],
        [
            981.110107421875,
            668.7936401367188,
            1076.1658935546875,
            694.7117919921875
        ]
    ],
    "scores": [
        0.9991044402122498,
        0.9974804520606995,
        0.4395163655281067,
        0.2280888706445694,
        0.0752272754907608
    ]
}