{
    "predicted_boxes": [
        [
            703.3313598632812,
            789.0203247070312,
            738.1149291992188,
            815.5344848632812
        ],
        [
            1153.6190185546875,
            728.7240600585938,
            1193.2613525390625,
            762.2132568359375
        ],
        [
            1460.06298828125,
            822.3008422851562,
            1485.451171875,
            853.385986328125
        ],
        [
            1157.7523193359375,
            760.260498046875,
            1184.4166259765625,
            783.2445068359375
        ],
        [
            1080.0318603515625,
            739.0518188476562,
            1094.6446533203125,
            753.4451904296875
        ],
        [
            699.7804565429688,
            728.5460815429688,
            740.6033325195312,
            782.68603515625
        ],
        [
            1154.78857421875,
            745.4766235351562,
            1190.2691650390625,
            784.3533935546875
        ]
    ],
    "scores": [
        0.44631826877593994,
        0.34083104133605957,
        0.21070142090320587,
        0.17419561743736267,
        0.1728343963623047,
        0.14274747669696808,
        0.055460359901189804
    ]
}