{
    "predicted_boxes": [
        [
            1300.7052001953125,
            51.22608184814453,
            1373.087158203125,
            112.63479614257812
        ],
        [
            1326.865478515625,
            115.5379638671875,
            1354.9779052734375,
            135.62551879882812
        ],
        [
            1309.35205078125,
            113.79026794433594,
            1331.5853271484375,
            133.21109008789062
        ]
    ],
    "scores": [
        0.99824059009552,
        0.9546898603439331,
        0.12663476169109344
    ]
}