{
    "predicted_boxes": [
        [
            956.6603393554688,
            648.0121459960938,
            1151.321533203125,
            711.2069091796875
        ],
        [
            943.72119140625,
            703.6896362304688,
            1145.729736328125,
            743.9949951171875
        ],
        [
            987.6331176757812,
            651.5252685546875,
            1100.431640625,
            681.8102416992188
        ],
        [
            991.6070556640625,
            685.7701416015625,
            1107.251953125,
            706.9354248046875
        ]
    ],
    "scores": [
        0.9885486364364624,
        0.6827878355979919,
        0.13159097731113434,
        0.08016324788331985
    ]
}