{
    "predicted_boxes": [
        [
            1788.9188232421875,
            78.261962890625,
            1818.46826171875,
            104.21748352050781
        ]
    ],
    "scores": [
        0.767669677734375
    ]
}