{
    "predicted_boxes": [
        [
            1328.5048828125,
            29.791744232177734,
            1364.45751953125,
            60.777313232421875
        ],
        [
            1369.6353759765625,
            76.04918670654297,
            1442.3165283203125,
            98.11544036865234
        ],
        [
            1771.25048828125,
            17.678993225097656,
            1825.612060546875,
            58.89765548706055
        ],
        [
            1367.6468505859375,
            66.4189224243164,
            1450.9593505859375,
            105.092041015625
        ],
        [
            1381.93896484375,
            79.36466979980469,
            1423.7945556640625,
            95.865966796875
        ],
        [
            1375.87841796875,
            92.60880279541016,
            1449.5863037109375,
            108.50334930419922
        ],
        [
            1379.165283203125,
            81.80355834960938,
            1432.671630859375,
            102.9143295288086
        ],
        [
            1379.4376220703125,
            98.99626922607422,
            1440.5621337890625,
            110.5635757446289
        ],
        [
            1371.439453125,
            65.05148315429688,
            1439.7288818359375,
            82.66451263427734
        ]
    ],
    "scores": [
        0.8149024844169617,
        0.6522849798202515,
        0.44847121834754944,
        0.44069671630859375,
        0.34238845109939575,
        0.23882371187210083,
        0.14017000794410706,
        0.13020844757556915,
        0.11099937558174133
    ]
}