{
    "predicted_boxes": [
        [
            1328.52001953125,
            79.24661254882812,
            1366.2137451171875,
            114.51551818847656
        ]
    ],
    "scores": [
        0.742742121219635
    ]
}