{
    "predicted_boxes": [
        [
            374.6781921386719,
            645.3762817382812,
            416.8151550292969,
            683.6339111328125
        ]
    ],
    "scores": [
        0.9854996800422668
    ]
}