{
    "predicted_boxes": [
        [
            1589.8243408203125,
            367.8180847167969,
            1823.933837890625,
            546.6238403320312
        ],
        [
            931.306396484375,
            460.2579040527344,
            959.5556640625,
            481.9203796386719
        ]
    ],
    "scores": [
        0.9677110314369202,
        0.3378680944442749
    ]
}