{
    "predicted_boxes": [
        [
            1122.38427734375,
            664.2808227539062,
            1159.734130859375,
            683.6581420898438
        ],
        [
            1108.247802734375,
            607.0763549804688,
            1176.5484619140625,
            663.6192626953125
        ],
        [
            1234.1585693359375,
            31.557781219482422,
            1292.4068603515625,
            76.95317077636719
        ],
        [
            1383.7095947265625,
            657.6317749023438,
            1399.8763427734375,
            711.191162109375
        ],
        [
            97.31868743896484,
            878.5673217773438,
            107.09423828125,
            891.7525024414062
        ],
        [
            1063.8392333984375,
            682.6279296875,
            1076.9906005859375,
            697.2716674804688
        ],
        [
            1811.8026123046875,
            323.521484375,
            1892.005615234375,
            482.2128601074219
        ],
        [
            1066.477294921875,
            711.1242065429688,
            1079.6954345703125,
            726.816162109375
        ],
        [
            1237.346435546875,
            678.5584106445312,
            1254.884033203125,
            702.4869995117188
        ],
        [
            99.96892547607422,
            881.450927734375,
            106.5438232421875,
            890.2086181640625
        ],
        [
            1063.2352294921875,
            689.9176635742188,
            1078.6597900390625,
            714.6301879882812
        ],
        [
            1112.5113525390625,
            719.57421875,
            1118.8399658203125,
            732.5531005859375
        ],
        [
            98.99241638183594,
            883.2962646484375,
            106.8510513305664,
            893.516845703125
        ],
        [
            1064.60302734375,
            700.4307861328125,
            1078.162353515625,
            722.7296142578125
        ],
        [
            1055.13525390625,
            719.2527465820312,
            1062.3453369140625,
            734.9763793945312
        ],
        [
            1055.353271484375,
            721.1028442382812,
            1062.6749267578125,
            745.389892578125
        ]
    ],
    "scores": [
        0.9975166320800781,
        0.9944250583648682,
        0.9919953346252441,
        0.9259325265884399,
        0.8538004159927368,
        0.5728803873062134,
        0.5517751574516296,
        0.3139142692089081,
        0.30315521359443665,
        0.25781935453414917,
        0.2569064497947693,
        0.20587657392024994,
        0.19110631942749023,
        0.10137633234262466,
        0.07640815526247025,
        0.06641789525747299
    ]
}