{
    "predicted_boxes": [
        [
            992.8079223632812,
            431.7687072753906,
            1061.1207275390625,
            584.4847412109375
        ]
    ],
    "scores": [
        0.9993228912353516
    ]
}