{
    "predicted_boxes": [
        [
            1409.7916259765625,
            104.73143768310547,
            1443.6541748046875,
            132.5994110107422
        ]
    ],
    "scores": [
        0.46842798590660095
    ]
}