{
    "predicted_boxes": [
        [
            391.2042541503906,
            575.4774780273438,
            469.423095703125,
            631.3333129882812
        ],
        [
            1274.5313720703125,
            631.3857421875,
            1346.16845703125,
            694.9192504882812
        ],
        [
            1271.867431640625,
            574.4003295898438,
            1352.1796875,
            633.2225952148438
        ],
        [
            398.3655090332031,
            633.01220703125,
            465.14337158203125,
            691.0692138671875
        ],
        [
            400.5627746582031,
            696.990478515625,
            469.36749267578125,
            747.4466552734375
        ],
        [
            1274.6177978515625,
            698.5001220703125,
            1343.7283935546875,
            745.9735717773438
        ],
        [
            737.585205078125,
            672.2153930664062,
            800.486328125,
            693.14892578125
        ],
        [
            1206.689453125,
            747.737060546875,
            1213.87451171875,
            770.5770874023438
        ],
        [
            1271.4364013671875,
            600.1434326171875,
            1350.1044921875,
            731.8270263671875
        ],
        [
            1525.6156005859375,
            748.3954467773438,
            1551.9334716796875,
            781.2833251953125
        ],
        [
            770.9717407226562,
            673.883544921875,
            798.0596923828125,
            693.1671752929688
        ],
        [
            1126.4344482421875,
            676.606689453125,
            1163.087890625,
            689.041748046875
        ],
        [
            1066.2420654296875,
            638.3919677734375,
            1088.93994140625,
            659.0390625
        ],
        [
            1205.6572265625,
            728.9473876953125,
            1213.884765625,
            748.88330078125
        ],
        [
            826.5028686523438,
            648.482666015625,
            873.9490966796875,
            684.2182006835938
        ],
        [
            392.6198425292969,
            590.6867065429688,
            469.3850402832031,
            663.4655151367188
        ]
    ],
    "scores": [
        0.9982757568359375,
        0.9960695505142212,
        0.9919497966766357,
        0.9911762475967407,
        0.9824979901313782,
        0.9735631942749023,
        0.5004998445510864,
        0.43190959095954895,
        0.1671745628118515,
        0.1530347764492035,
        0.1433107852935791,
        0.11897704005241394,
        0.08768399804830551,
        0.08484334498643875,
        0.062267858535051346,
        0.052157603204250336
    ]
}