{
    "predicted_boxes": [
        [
            0.0,
            161.33302307128906,
            34.51360321044922,
            206.05125427246094
        ]
    ],
    "scores": [
        0.5852574706077576
    ]
}