{
    "predicted_boxes": [
        [
            1385.1707763671875,
            82.39900970458984,
            1427.71044921875,
            119.29740905761719
        ],
        [
            1834.7518310546875,
            83.9181900024414,
            1863.5643310546875,
            102.37102508544922
        ]
    ],
    "scores": [
        0.9079355597496033,
        0.06780391186475754
    ]
}