{
    "predicted_boxes": [
        [
            1768.488037109375,
            53.352840423583984,
            1813.436767578125,
            95.22361755371094
        ],
        [
            500.774169921875,
            290.52227783203125,
            545.2733154296875,
            330.34613037109375
        ],
        [
            782.9369506835938,
            296.4595642089844,
            824.7434692382812,
            335.5000915527344
        ]
    ],
    "scores": [
        0.9906688332557678,
        0.9771835803985596,
        0.5173367857933044
    ]
}