{
    "predicted_boxes": [
        [
            521.0911254882812,
            588.5096435546875,
            555.8145751953125,
            606.4967041015625
        ],
        [
            1209.372314453125,
            618.47900390625,
            1335.587890625,
            641.8872680664062
        ],
        [
            1053.9052734375,
            569.8993530273438,
            1088.4813232421875,
            602.8971557617188
        ],
        [
            592.996337890625,
            603.2545166015625,
            693.2289428710938,
            628.2617797851562
        ],
        [
            593.1210327148438,
            616.7003173828125,
            690.8944091796875,
            640.3359985351562
        ],
        [
            1062.08740234375,
            601.5572509765625,
            1079.4404296875,
            612.5726928710938
        ],
        [
            1144.48046875,
            605.0084228515625,
            1153.0517578125,
            625.6416625976562
        ],
        [
            501.435546875,
            526.9832763671875,
            572.775146484375,
            588.604736328125
        ],
        [
            970.929443359375,
            607.1530151367188,
            1014.4467163085938,
            635.2482299804688
        ],
        [
            1034.5247802734375,
            623.3615112304688,
            1041.72900390625,
            639.2852783203125
        ],
        [
            816.0375366210938,
            625.4298706054688,
            823.1310424804688,
            637.8955078125
        ],
        [
            975.746826171875,
            608.7924194335938,
            1012.505859375,
            623.1467895507812
        ],
        [
            1146.5435791015625,
            557.7501220703125,
            1162.441162109375,
            577.8928833007812
        ]
    ],
    "scores": [
        0.9936642646789551,
        0.9917156100273132,
        0.9789101481437683,
        0.9778456091880798,
        0.9240365624427795,
        0.809532105922699,
        0.7332172393798828,
        0.44619494676589966,
        0.23785948753356934,
        0.21891041100025177,
        0.12707336246967316,
        0.11211827397346497,
        0.10377836972475052
    ]
}