{
    "predicted_boxes": [
        [
            326.7205810546875,
            431.5995178222656,
            356.1123962402344,
            457.39984130859375
        ],
        [
            1238.7691650390625,
            137.04551696777344,
            1251.5452880859375,
            161.71458435058594
        ]
    ],
    "scores": [
        0.8285412192344666,
        0.07624097913503647
    ]
}