{
    "predicted_boxes": [
        [
            1446.4193115234375,
            685.598388671875,
            1549.8682861328125,
            763.2557983398438
        ],
        [
            1437.92431640625,
            491.71588134765625,
            1567.156982421875,
            583.3143310546875
        ],
        [
            66.96469116210938,
            495.7272644042969,
            191.0561981201172,
            583.4180908203125
        ],
        [
            1452.119873046875,
            585.0945434570312,
            1548.158447265625,
            676.2817993164062
        ],
        [
            81.55371856689453,
            583.8213500976562,
            178.40737915039062,
            673.8013916015625
        ],
        [
            1142.052001953125,
            674.4363403320312,
            1200.7017822265625,
            684.3108520507812
        ],
        [
            85.22789764404297,
            683.7649536132812,
            182.66151428222656,
            745.3410034179688
        ],
        [
            1073.8922119140625,
            632.7301635742188,
            1096.4080810546875,
            652.2386474609375
        ],
        [
            1444.6361083984375,
            596.7275390625,
            1554.107421875,
            750.5787963867188
        ],
        [
            1145.2481689453125,
            672.7921142578125,
            1200.0177001953125,
            679.3047485351562
        ],
        [
            1283.763916015625,
            732.5528564453125,
            1291.8468017578125,
            764.518798828125
        ],
        [
            1144.8240966796875,
            678.9638061523438,
            1195.102783203125,
            686.6720581054688
        ]
    ],
    "scores": [
        0.996442973613739,
        0.9962448477745056,
        0.9866264462471008,
        0.9820215702056885,
        0.9808562397956848,
        0.9402657151222229,
        0.8374102115631104,
        0.502407431602478,
        0.21974290907382965,
        0.1146540716290474,
        0.09550758451223373,
        0.07554332911968231
    ]
}