{
    "predicted_boxes": [
        [
            1739.1712646484375,
            578.9887084960938,
            1834.501220703125,
            653.6868896484375
        ],
        [
            954.2276611328125,
            666.8341064453125,
            1112.9853515625,
            740.5712890625
        ],
        [
            988.73876953125,
            668.8410034179688,
            1076.9403076171875,
            691.1216430664062
        ],
        [
            962.677734375,
            665.789794921875,
            1112.1986083984375,
            699.6377563476562
        ],
        [
            1007.6715698242188,
            671.5741577148438,
            1053.9495849609375,
            687.1869506835938
        ]
    ],
    "scores": [
        0.9992424249649048,
        0.9984662532806396,
        0.3404407501220703,
        0.16456088423728943,
        0.1328359842300415
    ]
}