{
    "predicted_boxes": [
        [
            1654.741943359375,
            330.12603759765625,
            1908.8087158203125,
            533.4732055664062
        ],
        [
            928.6400756835938,
            456.21820068359375,
            959.93994140625,
            480.27606201171875
        ]
    ],
    "scores": [
        0.8677935600280762,
        0.2435322105884552
    ]
}