{
    "predicted_boxes": [
        [
            610.7393798828125,
            628.62060546875,
            638.7073364257812,
            653.2643432617188
        ],
        [
            971.0677490234375,
            634.6825561523438,
            991.0197143554688,
            654.4276733398438
        ],
        [
            1084.3013916015625,
            650.9005737304688,
            1092.4140625,
            676.0200805664062
        ],
        [
            43.38050079345703,
            507.6670227050781,
            166.4062957763672,
            589.3787231445312
        ]
    ],
    "scores": [
        0.9959979057312012,
        0.6546669006347656,
        0.37085381150245667,
        0.054818280041217804
    ]
}