{
    "predicted_boxes": [
        [
            666.209716796875,
            751.6416625976562,
            702.9214477539062,
            782.068115234375
        ],
        [
            667.372314453125,
            716.857421875,
            701.8936157226562,
            745.5278930664062
        ],
        [
            1169.041015625,
            680.8887329101562,
            1217.33056640625,
            717.3564453125
        ],
        [
            1175.8428955078125,
            717.9862670898438,
            1208.4417724609375,
            749.7890625
        ],
        [
            664.4522094726562,
            683.1696166992188,
            706.4114990234375,
            715.789306640625
        ],
        [
            664.457763671875,
            691.9702758789062,
            705.698974609375,
            779.7600708007812
        ],
        [
            1079.72021484375,
            697.0350952148438,
            1096.6534423828125,
            713.7637329101562
        ],
        [
            1125.57080078125,
            727.368896484375,
            1160.414306640625,
            740.6625366210938
        ]
    ],
    "scores": [
        0.9914067983627319,
        0.9894981384277344,
        0.9825084209442139,
        0.8388083577156067,
        0.799075722694397,
        0.3698631525039673,
        0.08255039155483246,
        0.055457212030887604
    ]
}