{
    "predicted_boxes": [
        [
            1645.33935546875,
            636.4838256835938,
            1691.7945556640625,
            671.8991088867188
        ],
        [
            1310.569091796875,
            662.768798828125,
            1402.6019287109375,
            687.8480834960938
        ]
    ],
    "scores": [
        0.9854391813278198,
        0.8037194609642029
    ]
}