{
    "predicted_boxes": [
        [
            1099.0030517578125,
            623.1221313476562,
            1156.601806640625,
            677.8718872070312
        ],
        [
            1089.5128173828125,
            689.1605224609375,
            1122.098388671875,
            719.0386962890625
        ],
        [
            1832.4462890625,
            78.07197570800781,
            1863.8538818359375,
            110.31761169433594
        ],
        [
            1100.1522216796875,
            725.8850708007812,
            1108.7247314453125,
            743.13427734375
        ],
        [
            1100.4761962890625,
            724.4716186523438,
            1107.4742431640625,
            758.281494140625
        ],
        [
            1117.9708251953125,
            670.6253051757812,
            1145.5408935546875,
            690.9952392578125
        ]
    ],
    "scores": [
        0.9947583079338074,
        0.9720938205718994,
        0.3037066161632538,
        0.2546125054359436,
        0.16119340062141418,
        0.13152065873146057
    ]
}