{
    "predicted_boxes": [
        [
            1774.92822265625,
            36.48780059814453,
            1800.822998046875,
            53.28684997558594
        ],
        [
            1759.1153564453125,
            1.4406299591064453,
            1815.0562744140625,
            41.901920318603516
        ],
        [
            1852.4796142578125,
            6.645157337188721,
            1911.7333984375,
            53.72110366821289
        ],
        [
            1797.2379150390625,
            105.76307678222656,
            1803.3140869140625,
            120.83055114746094
        ],
        [
            1799.2080078125,
            104.9617691040039,
            1805.0496826171875,
            119.40592193603516
        ],
        [
            1265.08349609375,
            82.0661849975586,
            1274.67626953125,
            93.34343719482422
        ],
        [
            1795.537353515625,
            107.92230987548828,
            1801.2464599609375,
            122.16411590576172
        ],
        [
            1797.2547607421875,
            80.78113555908203,
            1805.6617431640625,
            96.68878936767578
        ]
    ],
    "scores": [
        0.8020414113998413,
        0.7727876305580139,
        0.5010982751846313,
        0.23361912369728088,
        0.12635189294815063,
        0.10092837363481522,
        0.069687120616436,
        0.06308729946613312
    ]
}