{
    "predicted_boxes": [
        [
            1140.9422607421875,
            628.2915649414062,
            1193.5225830078125,
            674.6593627929688
        ],
        [
            1133.31103515625,
            692.6243896484375,
            1163.813720703125,
            718.5265502929688
        ],
        [
            1373.3287353515625,
            72.59300994873047,
            1384.6241455078125,
            98.62105560302734
        ],
        [
            1153.6041259765625,
            673.9913940429688,
            1180.3524169921875,
            692.2652587890625
        ],
        [
            1144.236328125,
            724.7510986328125,
            1152.65869140625,
            743.8448486328125
        ],
        [
            1146.7115478515625,
            696.1846923828125,
            1164.264892578125,
            715.3831787109375
        ],
        [
            1142.54931640625,
            722.2352905273438,
            1153.59033203125,
            737.468505859375
        ]
    ],
    "scores": [
        0.995122492313385,
        0.9915589094161987,
        0.8472403287887573,
        0.5980468988418579,
        0.14151008427143097,
        0.062127403914928436,
        0.06036281958222389
    ]
}