{
    "predicted_boxes": [
        [
            1324.74853515625,
            668.8556518554688,
            1537.1455078125,
            703.6340942382812
        ],
        [
            1071.5650634765625,
            656.9733276367188,
            1093.9970703125,
            670.6113891601562
        ],
        [
            1061.070068359375,
            617.67041015625,
            1105.1243896484375,
            657.0700073242188
        ],
        [
            1236.2906494140625,
            566.9177856445312,
            1258.5260009765625,
            611.4259033203125
        ],
        [
            1050.062255859375,
            664.3665771484375,
            1061.04296875,
            676.2860717773438
        ],
        [
            1049.397705078125,
            665.5145874023438,
            1062.2906494140625,
            684.2011108398438
        ],
        [
            1199.0045166015625,
            657.6940307617188,
            1206.3563232421875,
            685.98583984375
        ],
        [
            1402.9886474609375,
            672.7672729492188,
            1494.643310546875,
            700.4564208984375
        ],
        [
            309.7900085449219,
            643.5924682617188,
            330.2095642089844,
            674.5634155273438
        ],
        [
            1218.683349609375,
            595.5204467773438,
            1235.26416015625,
            613.0958251953125
        ],
        [
            1046.925048828125,
            663.544189453125,
            1065.87060546875,
            693.5181274414062
        ],
        [
            1236.5177001953125,
            592.6956787109375,
            1257.2724609375,
            613.3845825195312
        ],
        [
            1051.7352294921875,
            660.8261108398438,
            1061.268798828125,
            671.4848022460938
        ],
        [
            407.5428161621094,
            655.8444213867188,
            551.2684326171875,
            685.4871826171875
        ],
        [
            1049.2598876953125,
            671.2261962890625,
            1060.008544921875,
            687.4518432617188
        ],
        [
            1050.9605712890625,
            676.7070922851562,
            1062.6163330078125,
            687.6901245117188
        ]
    ],
    "scores": [
        0.9989571571350098,
        0.9870282411575317,
        0.9830138683319092,
        0.7729256749153137,
        0.6921806931495667,
        0.5942755937576294,
        0.5427089333534241,
        0.350527286529541,
        0.3275392949581146,
        0.24582628905773163,
        0.24367229640483856,
        0.2256358116865158,
        0.09974166005849838,
        0.09256194531917572,
        0.07376716285943985,
        0.06686188280582428
    ]
}