{
    "predicted_boxes": [
        [
            890.30517578125,
            774.4861450195312,
            915.8442993164062,
            795.20849609375
        ],
        [
            564.8887329101562,
            769.5518798828125,
            576.7664184570312,
            787.8569946289062
        ],
        [
            1026.3963623046875,
            745.4119262695312,
            1059.8492431640625,
            773.159912109375
        ],
        [
            1368.908935546875,
            774.2293090820312,
            1381.0777587890625,
            809.0452880859375
        ],
        [
            888.37109375,
            742.5115356445312,
            918.82666015625,
            770.8990478515625
        ],
        [
            962.3953247070312,
            762.5955810546875,
            1020.5514526367188,
            778.0245971679688
        ],
        [
            957.3143310546875,
            791.5501098632812,
            964.3146362304688,
            803.578857421875
        ],
        [
            1368.232666015625,
            775.2761840820312,
            1381.3116455078125,
            792.87548828125
        ],
        [
            887.5184936523438,
            728.3453369140625,
            920.0682983398438,
            782.9315795898438
        ],
        [
            957.098876953125,
            791.9595947265625,
            962.5607299804688,
            811.1375732421875
        ]
    ],
    "scores": [
        0.9886026382446289,
        0.6865858435630798,
        0.5851089954376221,
        0.41194096207618713,
        0.2898848354816437,
        0.19588661193847656,
        0.1338716596364975,
        0.07855328917503357,
        0.052136681973934174,
        0.0513087660074234
    ]
}