{
    "predicted_boxes": [
        [
            1122.9027099609375,
            657.3615112304688,
            1158.923828125,
            677.6978759765625
        ],
        [
            1109.252197265625,
            600.34716796875,
            1176.291015625,
            658.5105590820312
        ],
        [
            1383.5858154296875,
            651.086181640625,
            1402.8868408203125,
            704.7547607421875
        ],
        [
            1235.583984375,
            38.01371765136719,
            1290.8533935546875,
            82.3558578491211
        ],
        [
            1111.2637939453125,
            711.1063842773438,
            1118.603759765625,
            727.8512573242188
        ],
        [
            1053.7755126953125,
            712.8327026367188,
            1062.3787841796875,
            730.8532104492188
        ],
        [
            1812.690673828125,
            321.5117492675781,
            1892.739013671875,
            477.4432373046875
        ],
        [
            1064.2564697265625,
            678.8544921875,
            1077.5367431640625,
            692.70751953125
        ],
        [
            1054.6505126953125,
            716.1409301757812,
            1061.0770263671875,
            728.0961303710938
        ],
        [
            1053.9686279296875,
            713.2056884765625,
            1060.9139404296875,
            723.158935546875
        ]
    ],
    "scores": [
        0.9986526966094971,
        0.9899379014968872,
        0.9833025336265564,
        0.6727155447006226,
        0.551125168800354,
        0.3591926395893097,
        0.22664590179920197,
        0.2088189721107483,
        0.07538050413131714,
        0.0616854652762413
    ]
}