{
    "predicted_boxes": [
        [
            1040.421142578125,
            604.9401245117188,
            1100.1246337890625,
            657.6728515625
        ],
        [
            1243.5767822265625,
            21.297664642333984,
            1312.0263671875,
            82.251708984375
        ],
        [
            1258.4954833984375,
            81.97901153564453,
            1296.477783203125,
            102.53532409667969
        ],
        [
            1027.8541259765625,
            679.3611450195312,
            1062.5535888671875,
            708.9771118164062
        ],
        [
            1053.497314453125,
            656.82861328125,
            1087.4727783203125,
            674.6690063476562
        ]
    ],
    "scores": [
        0.995320737361908,
        0.9911244511604309,
        0.9825598001480103,
        0.9711829423904419,
        0.6041521430015564
    ]
}