{
    "predicted_boxes": [
        [
            1122.14892578125,
            661.7244873046875,
            1159.0579833984375,
            683.1879272460938
        ],
        [
            1232.6622314453125,
            32.655517578125,
            1291.3760986328125,
            78.6934814453125
        ],
        [
            1108.7677001953125,
            604.7759399414062,
            1174.4356689453125,
            662.7371215820312
        ],
        [
            0.0,
            660.6638793945312,
            185.3300323486328,
            724.1994018554688
        ],
        [
            1383.441162109375,
            654.8964233398438,
            1399.9073486328125,
            710.879150390625
        ],
        [
            97.66361236572266,
            878.5903930664062,
            107.84341430664062,
            893.6415405273438
        ],
        [
            1053.8817138671875,
            718.4224853515625,
            1062.8502197265625,
            738.81005859375
        ],
        [
            1813.7110595703125,
            322.11859130859375,
            1892.042236328125,
            481.1269836425781
        ],
        [
            2.6566529273986816,
            680.8634033203125,
            183.07342529296875,
            756.2343139648438
        ],
        [
            1063.142333984375,
            683.6351318359375,
            1077.800537109375,
            700.4153442382812
        ]
    ],
    "scores": [
        0.9981820583343506,
        0.9960631728172302,
        0.9917627573013306,
        0.9538248181343079,
        0.9383111596107483,
        0.8057593703269958,
        0.7392372488975525,
        0.6341025829315186,
        0.5251664519309998,
        0.12986940145492554
    ]
}