{
    "predicted_boxes": [
        [
            741.5482177734375,
            783.7769775390625,
            769.9280395507812,
            807.3475952148438
        ],
        [
            831.2255249023438,
            765.3471069335938,
            899.31591796875,
            781.3888549804688
        ],
        [
            736.5628051757812,
            729.13818359375,
            773.8340454101562,
            800.5311279296875
        ],
        [
            820.3232421875,
            800.8866577148438,
            827.8027954101562,
            812.0775756835938
        ],
        [
            31.502912521362305,
            864.739013671875,
            47.68373107910156,
            884.495361328125
        ],
        [
            740.21142578125,
            752.1868286132812,
            769.0061645507812,
            778.7256469726562
        ],
        [
            1093.586181640625,
            739.7180786132812,
            1105.2705078125,
            752.7791748046875
        ],
        [
            820.74169921875,
            812.7947998046875,
            826.1961059570312,
            824.2335205078125
        ],
        [
            740.1153564453125,
            759.3165283203125,
            771.8514404296875,
            807.57275390625
        ],
        [
            821.006103515625,
            801.651123046875,
            826.92578125,
            821.007568359375
        ],
        [
            912.7041625976562,
            747.6097412109375,
            934.8243408203125,
            769.2577514648438
        ]
    ],
    "scores": [
        0.9402400255203247,
        0.5646981000900269,
        0.4337487816810608,
        0.26439353823661804,
        0.14622636139392853,
        0.14532001316547394,
        0.11663465201854706,
        0.10576602071523666,
        0.07041282206773758,
        0.06644965708255768,
        0.06076924875378609
    ]
}