{
    "predicted_boxes": [
        [
            1757.0386962890625,
            751.5845336914062,
            1773.8489990234375,
            769.205322265625
        ],
        [
            1050.4471435546875,
            729.06982421875,
            1058.0645751953125,
            747.9188232421875
        ]
    ],
    "scores": [
        0.1567826122045517,
        0.06596211344003677
    ]
}