{
    "predicted_boxes": [
        [
            1311.850830078125,
            536.2922973632812,
            1437.97900390625,
            628.2095947265625
        ],
        [
            62.651004791259766,
            335.9175720214844,
            101.01453399658203,
            372.1377868652344
        ],
        [
            322.673583984375,
            335.8033752441406,
            360.6051940917969,
            370.3935852050781
        ],
        [
            495.58526611328125,
            733.0690307617188,
            506.00079345703125,
            750.5692749023438
        ],
        [
            503.9068908691406,
            177.31410217285156,
            525.4203491210938,
            204.40228271484375
        ]
    ],
    "scores": [
        0.9991331696510315,
        0.9656855463981628,
        0.7611370086669922,
        0.3653448224067688,
        0.05372101813554764
    ]
}