{
    "predicted_boxes": [
        [
            1409.6781005859375,
            88.27265167236328,
            1467.291748046875,
            141.87164306640625
        ],
        [
            1423.05029296875,
            138.9311981201172,
            1451.0794677734375,
            153.19566345214844
        ],
        [
            282.3570861816406,
            625.6663208007812,
            526.22314453125,
            737.5610961914062
        ]
    ],
    "scores": [
        0.9745200276374817,
        0.1349821388721466,
        0.08742362260818481
    ]
}