{
    "predicted_boxes": [
        [
            1413.260009765625,
            652.0684814453125,
            1455.4820556640625,
            688.7493286132812
        ],
        [
            1419.03857421875,
            697.7264404296875,
            1444.367431640625,
            720.89990234375
        ],
        [
            1849.7945556640625,
            79.70927429199219,
            1907.195556640625,
            170.22120666503906
        ],
        [
            1851.0755615234375,
            92.07450103759766,
            1906.156005859375,
            137.92535400390625
        ],
        [
            1851.2139892578125,
            125.57380676269531,
            1906.7603759765625,
            165.6976318359375
        ],
        [
            1420.2138671875,
            731.8432006835938,
            1427.6778564453125,
            752.6986083984375
        ],
        [
            1460.3179931640625,
            732.3392944335938,
            1470.93798828125,
            750.7035522460938
        ],
        [
            1423.19189453125,
            633.0581665039062,
            1441.60400390625,
            653.0451049804688
        ],
        [
            1460.18505859375,
            732.0927734375,
            1469.7352294921875,
            773.8423461914062
        ],
        [
            1447.3719482421875,
            63.79624938964844,
            1486.44580078125,
            95.86419677734375
        ],
        [
            1421.0748291015625,
            739.5526123046875,
            1428.0948486328125,
            751.2365112304688
        ],
        [
            1849.7882080078125,
            58.425289154052734,
            1910.4921875,
            96.33740234375
        ]
    ],
    "scores": [
        0.993339478969574,
        0.988733172416687,
        0.9631974697113037,
        0.8749449253082275,
        0.6162723898887634,
        0.3476841151714325,
        0.3085029423236847,
        0.13871732354164124,
        0.12126856297254562,
        0.07050890475511551,
        0.06740939617156982,
        0.05692765489220619
    ]
}