{
    "predicted_boxes": [
        [
            1727.494384765625,
            276.7312316894531,
            1918.760986328125,
            517.5958251953125
        ],
        [
            83.30880737304688,
            180.19216918945312,
            129.5192108154297,
            222.97982788085938
        ],
        [
            1467.3402099609375,
            729.5736083984375,
            1488.8148193359375,
            757.3666381835938
        ],
        [
            928.9122314453125,
            445.7027893066406,
            961.62646484375,
            471.9864807128906
        ]
    ],
    "scores": [
        0.29441162943840027,
        0.19230425357818604,
        0.062408559024333954,
        0.05907448008656502
    ]
}