{
    "predicted_boxes": [
        [
            1772.161376953125,
            639.3821411132812,
            1788.5623779296875,
            667.4192504882812
        ],
        [
            1269.21142578125,
            79.40694427490234,
            1314.83349609375,
            117.4610366821289
        ],
        [
            1878.1068115234375,
            684.9429321289062,
            1918.4354248046875,
            709.7716674804688
        ]
    ],
    "scores": [
        0.45636799931526184,
        0.3461250066757202,
        0.05756916478276253
    ]
}