{
    "predicted_boxes": [
        [
            301.9660339355469,
            430.6629943847656,
            329.86358642578125,
            455.0337219238281
        ],
        [
            1246.87548828125,
            162.99337768554688,
            1260.2872314453125,
            194.51364135742188
        ]
    ],
    "scores": [
        0.8852071762084961,
        0.44536736607551575
    ]
}