{
    "predicted_boxes": [
        [
            1007.6732177734375,
            641.6555786132812,
            1025.5789794921875,
            663.3731079101562
        ],
        [
            1569.674072265625,
            135.51907348632812,
            1574.174072265625,
            154.85104370117188
        ],
        [
            1568.1484375,
            135.0380096435547,
            1576.7972412109375,
            153.9717559814453
        ],
        [
            1075.4730224609375,
            720.68896484375,
            1082.5364990234375,
            738.0701293945312
        ]
    ],
    "scores": [
        0.1958312690258026,
        0.10765958577394485,
        0.055755726993083954,
        0.05243859440088272
    ]
}