{
    "predicted_boxes": [
        [
            679.7421264648438,
            685.2252807617188,
            704.9426879882812,
            705.8255615234375
        ],
        [
            1532.480224609375,
            671.6297607421875,
            1915.3564453125,
            795.8150634765625
        ]
    ],
    "scores": [
        0.36669450998306274,
        0.05357769504189491
    ]
}