{
    "predicted_boxes": [
        [
            604.5621948242188,
            463.97589111328125,
            700.316162109375,
            597.857421875
        ],
        [
            768.3389892578125,
            667.8734741210938,
            797.543212890625,
            683.4157104492188
        ],
        [
            759.1344604492188,
            620.21826171875,
            808.9923095703125,
            667.492919921875
        ]
    ],
    "scores": [
        0.9987300038337708,
        0.19349296391010284,
        0.17993763089179993
    ]
}