{
    "predicted_boxes": [
        [
            151.46987915039062,
            680.7891235351562,
            178.78932189941406,
            705.5009765625
        ],
        [
            1380.594482421875,
            240.88075256347656,
            1423.1273193359375,
            278.70220947265625
        ],
        [
            1057.564453125,
            246.43536376953125,
            1106.1617431640625,
            286.1689453125
        ]
    ],
    "scores": [
        0.6107405424118042,
        0.5553891062736511,
        0.22936154901981354
    ]
}