{
    "predicted_boxes": [
        [
            1494.6566162109375,
            111.14217376708984,
            1527.5679931640625,
            137.1970672607422
        ]
    ],
    "scores": [
        0.355549693107605
    ]
}