{
    "predicted_boxes": [
        [
            1377.9569091796875,
            80.65564727783203,
            1418.7279052734375,
            116.39453887939453
        ]
    ],
    "scores": [
        0.6979475617408752
    ]
}