{
    "predicted_boxes": [
        [
            1159.2427978515625,
            653.97900390625,
            1173.9317626953125,
            682.691650390625
        ],
        [
            1638.677490234375,
            699.00390625,
            1736.5284423828125,
            749.7772827148438
        ]
    ],
    "scores": [
        0.5773330926895142,
        0.10471058636903763
    ]
}