{
    "predicted_boxes": [
        [
            499.54864501953125,
            673.0739135742188,
            518.732421875,
            694.4188232421875
        ]
    ],
    "scores": [
        0.9326434135437012
    ]
}