{
    "predicted_boxes": [
        [
            295.6478576660156,
            663.2000732421875,
            329.0475769042969,
            692.9221801757812
        ]
    ],
    "scores": [
        0.9977600574493408
    ]
}