{
    "predicted_boxes": [
        [
            955.95703125,
            747.9124145507812,
            982.1497192382812,
            772.4717407226562
        ],
        [
            954.8115844726562,
            771.7154541015625,
            980.492919921875,
            791.9464111328125
        ],
        [
            1401.742431640625,
            777.7393188476562,
            1414.4400634765625,
            792.6359252929688
        ],
        [
            953.3477172851562,
            739.420166015625,
            984.226318359375,
            783.0923461914062
        ],
        [
            954.7409057617188,
            724.079345703125,
            983.43115234375,
            747.6368408203125
        ],
        [
            1400.8236083984375,
            801.1096801757812,
            1411.2037353515625,
            831.9043579101562
        ],
        [
            1021.2481079101562,
            762.5357055664062,
            1067.13671875,
            776.9486083984375
        ]
    ],
    "scores": [
        0.9736893177032471,
        0.9620753526687622,
        0.8781148791313171,
        0.283060222864151,
        0.24415811896324158,
        0.05459733307361603,
        0.05207636579871178
    ]
}