{
    "predicted_boxes": [
        [
            1816.627197265625,
            83.20618438720703,
            1843.6473388671875,
            106.29118347167969
        ],
        [
            1815.5673828125,
            85.57024383544922,
            1830.227294921875,
            106.41238403320312
        ],
        [
            1912.9681396484375,
            756.2839965820312,
            1917.9302978515625,
            783.32373046875
        ],
        [
            806.6758422851562,
            731.1725463867188,
            822.1044921875,
            752.527099609375
        ],
        [
            1827.7650146484375,
            84.06844329833984,
            1842.441162109375,
            105.04529571533203
        ]
    ],
    "scores": [
        0.8617698550224304,
        0.1048850268125534,
        0.10332604497671127,
        0.08856455981731415,
        0.0885118618607521
    ]
}