{
    "predicted_boxes": [
        [
            858.0311279296875,
            443.015869140625,
            940.099853515625,
            590.8609008789062
        ],
        [
            863.5166015625,
            480.7820739746094,
            884.3338012695312,
            541.0337524414062
        ]
    ],
    "scores": [
        0.9992645382881165,
        0.10694027692079544
    ]
}