{
    "predicted_boxes": [
        [
            1654.1817626953125,
            613.5173950195312,
            1697.829345703125,
            650.5517578125
        ]
    ],
    "scores": [
        0.981462836265564
    ]
}