{
    "predicted_boxes": [
        [
            929.4216918945312,
            771.9774780273438,
            956.0523681640625,
            792.1543579101562
        ],
        [
            1285.2608642578125,
            730.22607421875,
            1315.937744140625,
            775.3130493164062
        ],
        [
            997.8668212890625,
            763.1611938476562,
            1061.7744140625,
            778.683349609375
        ],
        [
            1286.1407470703125,
            728.0821533203125,
            1315.2264404296875,
            754.9513549804688
        ],
        [
            930.40966796875,
            747.9168701171875,
            955.9481201171875,
            770.61572265625
        ],
        [
            1288.0787353515625,
            749.7019653320312,
            1311.5166015625,
            775.3331909179688
        ],
        [
            628.16943359375,
            763.1848754882812,
            640.7369995117188,
            780.2552490234375
        ],
        [
            892.473876953125,
            780.99658203125,
            900.63427734375,
            796.6090698242188
        ],
        [
            1387.6351318359375,
            774.822265625,
            1399.8399658203125,
            790.9923095703125
        ],
        [
            928.2488403320312,
            742.2130737304688,
            956.7160034179688,
            790.4298095703125
        ]
    ],
    "scores": [
        0.9416163563728333,
        0.916756808757782,
        0.6063212156295776,
        0.5845516324043274,
        0.4375242292881012,
        0.35885587334632874,
        0.18698881566524506,
        0.09280822426080704,
        0.09234584867954254,
        0.0553739070892334
    ]
}