{
    "predicted_boxes": [
        [
            204.35369873046875,
            671.4639892578125,
            232.4352264404297,
            697.6900024414062
        ]
    ],
    "scores": [
        0.47808822989463806
    ]
}