{
    "predicted_boxes": [
        [
            1212.7117919921875,
            43.77082061767578,
            1263.560791015625,
            81.7779312133789
        ],
        [
            312.6990966796875,
            313.2998962402344,
            352.3576965332031,
            351.30810546875
        ],
        [
            39.35215759277344,
            315.38519287109375,
            78.24999237060547,
            349.9176330566406
        ],
        [
            41.640480041503906,
            318.1806640625,
            63.32143020629883,
            345.7142333984375
        ]
    ],
    "scores": [
        0.9853491187095642,
        0.8946078419685364,
        0.8834694623947144,
        0.6139625310897827
    ]
}