{
    "predicted_boxes": [
        [
            1581.1937255859375,
            69.55927276611328,
            1615.2349853515625,
            98.56531524658203
        ]
    ],
    "scores": [
        0.07430928945541382
    ]
}