{
    "predicted_boxes": [
        [
            1139.7415771484375,
            633.2796630859375,
            1180.900390625,
            678.33642578125
        ],
        [
            429.08294677734375,
            632.2984008789062,
            477.9137268066406,
            670.6417846679688
        ]
    ],
    "scores": [
        0.9983464479446411,
        0.9925901889801025
    ]
}