{
    "predicted_boxes": [
        [
            1213.5556640625,
            587.96484375,
            1298.5203857421875,
            653.327880859375
        ],
        [
            147.1492919921875,
            594.6710815429688,
            230.82408142089844,
            657.0353393554688
        ],
        [
            219.79359436035156,
            402.8896179199219,
            250.2528533935547,
            428.5826416015625
        ],
        [
            1236.1812744140625,
            726.17236328125,
            1246.3779296875,
            749.8848876953125
        ],
        [
            582.9022827148438,
            726.2113647460938,
            592.9017944335938,
            742.5296630859375
        ],
        [
            434.99273681640625,
            400.5327453613281,
            464.9245300292969,
            427.00299072265625
        ]
    ],
    "scores": [
        0.9989756345748901,
        0.9967408776283264,
        0.9868658185005188,
        0.19144752621650696,
        0.12846489250659943,
        0.10616867989301682
    ]
}