{
    "predicted_boxes": [
        [
            1416.6845703125,
            108.13735961914062,
            1450.93408203125,
            136.51669311523438
        ]
    ],
    "scores": [
        0.12947481870651245
    ]
}