{
    "predicted_boxes": [
        [
            1144.92919921875,
            623.141845703125,
            1203.5086669921875,
            672.8331298828125
        ],
        [
            381.0577392578125,
            628.1754150390625,
            442.4388427734375,
            673.72265625
        ],
        [
            389.0959777832031,
            634.802734375,
            431.4136047363281,
            667.0868530273438
        ],
        [
            957.6422729492188,
            496.00732421875,
            996.4874877929688,
            542.272216796875
        ]
    ],
    "scores": [
        0.9964543581008911,
        0.9946722388267517,
        0.1788094937801361,
        0.17446349561214447
    ]
}