{
    "predicted_boxes": [
        [
            955.6077270507812,
            650.9060668945312,
            1125.496337890625,
            711.0399780273438
        ],
        [
            1902.55517578125,
            560.6039428710938,
            1920.0,
            625.1441650390625
        ],
        [
            1914.336669921875,
            559.8255004882812,
            1919.8656005859375,
            628.1856689453125
        ],
        [
            946.1846923828125,
            707.787353515625,
            1112.6876220703125,
            740.8160400390625
        ],
        [
            981.4403076171875,
            656.5379638671875,
            1096.1654052734375,
            685.4589233398438
        ],
        [
            1918.92333984375,
            562.102294921875,
            1919.8499755859375,
            623.8516235351562
        ],
        [
            975.1954956054688,
            713.0444946289062,
            1085.5352783203125,
            737.1127319335938
        ]
    ],
    "scores": [
        0.9989650249481201,
        0.9956446886062622,
        0.7132208943367004,
        0.5686830878257751,
        0.26926088333129883,
        0.13865886628627777,
        0.12429065257310867
    ]
}