{
    "predicted_boxes": [
        [
            709.466064453125,
            673.5430297851562,
            718.7666015625,
            692.2506713867188
        ],
        [
            625.1801147460938,
            695.6934204101562,
            633.4511108398438,
            715.7740478515625
        ],
        [
            713.78173828125,
            697.6051025390625,
            721.3021240234375,
            712.7781372070312
        ]
    ],
    "scores": [
        0.8273029923439026,
        0.337146133184433,
        0.2198765128850937
    ]
}