{
    "predicted_boxes": [
        [
            1140.7073974609375,
            628.3856201171875,
            1193.4022216796875,
            674.8258056640625
        ],
        [
            1133.3846435546875,
            692.9386596679688,
            1163.802001953125,
            718.4432983398438
        ],
        [
            1373.5501708984375,
            72.5742416381836,
            1384.7371826171875,
            98.85203552246094
        ],
        [
            1153.07080078125,
            674.005859375,
            1180.3489990234375,
            691.8909301757812
        ],
        [
            1144.19140625,
            724.470947265625,
            1152.82421875,
            743.8892211914062
        ],
        [
            1145.575927734375,
            696.0488891601562,
            1164.4501953125,
            715.397705078125
        ],
        [
            1142.5086669921875,
            722.1766967773438,
            1153.6109619140625,
            737.3973999023438
        ]
    ],
    "scores": [
        0.9956125020980835,
        0.9930711388587952,
        0.8341959118843079,
        0.654056966304779,
        0.11002770066261292,
        0.06937867403030396,
        0.05795522406697273
    ]
}