{
    "predicted_boxes": [
        [
            623.4178466796875,
            648.5283203125,
            637.3394775390625,
            677.5782470703125
        ],
        [
            622.0157470703125,
            641.8523559570312,
            647.2137451171875,
            681.7693481445312
        ],
        [
            949.4418334960938,
            723.0411376953125,
            955.6325073242188,
            743.4139404296875
        ]
    ],
    "scores": [
        0.9283933639526367,
        0.16199836134910583,
        0.11770176887512207
    ]
}