{
    "predicted_boxes": [
        [
            0.31200045347213745,
            127.70033264160156,
            42.58343505859375,
            173.81732177734375
        ],
        [
            1117.7525634765625,
            432.4554138183594,
            1147.855712890625,
            458.5486145019531
        ],
        [
            1857.5244140625,
            709.3792724609375,
            1869.3914794921875,
            725.0084838867188
        ],
        [
            927.2210693359375,
            434.9095458984375,
            956.9088134765625,
            458.4942626953125
        ]
    ],
    "scores": [
        0.954816460609436,
        0.6983067393302917,
        0.19198374450206757,
        0.06744247674942017
    ]
}