{
    "predicted_boxes": [
        [
            596.7684936523438,
            479.1497802734375,
            621.2662963867188,
            500.4147033691406
        ],
        [
            1237.6309814453125,
            730.3410034179688,
            1256.2686767578125,
            751.6153564453125
        ]
    ],
    "scores": [
        0.13539056479930878,
        0.0762782171368599
    ]
}