{
    "predicted_boxes": [
        [
            739.3802490234375,
            386.2552795410156,
            774.0659790039062,
            416.986328125
        ],
        [
            497.36553955078125,
            397.65643310546875,
            535.0669555664062,
            431.3309326171875
        ],
        [
            1023.5454711914062,
            759.9786376953125,
            1053.6541748046875,
            798.1292114257812
        ]
    ],
    "scores": [
        0.916549026966095,
        0.8953425884246826,
        0.05738968774676323
    ]
}