{
    "predicted_boxes": [
        [
            1122.665771484375,
            661.2491455078125,
            1158.238525390625,
            681.4742431640625
        ],
        [
            1108.693115234375,
            605.1796264648438,
            1175.5140380859375,
            662.5557250976562
        ],
        [
            0.0,
            651.5050659179688,
            185.74183654785156,
            726.7647094726562
        ],
        [
            1232.4227294921875,
            32.779090881347656,
            1293.88330078125,
            79.78706359863281
        ],
        [
            1383.6461181640625,
            654.6337890625,
            1399.98828125,
            708.9091796875
        ],
        [
            1811.85498046875,
            320.8756408691406,
            1892.0946044921875,
            481.2156982421875
        ],
        [
            1236.10009765625,
            677.3568115234375,
            1255.70556640625,
            696.0377197265625
        ],
        [
            1063.0067138671875,
            684.2080688476562,
            1077.9468994140625,
            696.3539428710938
        ],
        [
            1053.8094482421875,
            717.500732421875,
            1061.8291015625,
            740.4464721679688
        ],
        [
            1054.0823974609375,
            716.606201171875,
            1061.8387451171875,
            728.266357421875
        ],
        [
            98.0410385131836,
            879.038818359375,
            107.12409973144531,
            892.8627319335938
        ],
        [
            793.2005004882812,
            717.6127319335938,
            800.0005493164062,
            735.8607788085938
        ],
        [
            792.9024047851562,
            716.3333740234375,
            800.5360107421875,
            727.699951171875
        ],
        [
            1064.95556640625,
            693.796630859375,
            1078.6143798828125,
            710.9527587890625
        ],
        [
            1236.55908203125,
            691.5894775390625,
            1256.8743896484375,
            720.6231689453125
        ],
        [
            1066.3812255859375,
            708.13818359375,
            1078.72021484375,
            723.023193359375
        ],
        [
            1112.2757568359375,
            719.051025390625,
            1118.5555419921875,
            729.8291015625
        ]
    ],
    "scores": [
        0.9984033703804016,
        0.9771004915237427,
        0.9750774502754211,
        0.9326376914978027,
        0.8793878555297852,
        0.5495695471763611,
        0.3488224148750305,
        0.28773701190948486,
        0.2727237939834595,
        0.25257810950279236,
        0.23016400635242462,
        0.1639661192893982,
        0.0801900327205658,
        0.0797371119260788,
        0.0659211128950119,
        0.05999589338898659,
        0.05723455920815468
    ]
}