{
    "predicted_boxes": [
        [
            558.0977783203125,
            706.1736450195312,
            595.8106079101562,
            739.5715942382812
        ],
        [
            1078.5284423828125,
            708.0106201171875,
            1115.811279296875,
            738.7062377929688
        ],
        [
            619.242919921875,
            784.322021484375,
            625.6820678710938,
            801.9556274414062
        ],
        [
            1023.18359375,
            783.5537719726562,
            1027.8111572265625,
            808.29931640625
        ],
        [
            516.128173828125,
            776.3115844726562,
            526.563232421875,
            792.3026733398438
        ],
        [
            1107.0355224609375,
            797.9473266601562,
            1114.390869140625,
            818.4003295898438
        ]
    ],
    "scores": [
        0.6973616480827332,
        0.2386477291584015,
        0.15151162445545197,
        0.1324787735939026,
        0.12957412004470825,
        0.0664069727063179
    ]
}