{
    "predicted_boxes": [
        [
            1613.333740234375,
            599.85107421875,
            1693.0943603515625,
            664.6726684570312
        ],
        [
            959.396728515625,
            671.22900390625,
            1099.1943359375,
            738.05078125
        ],
        [
            955.42626953125,
            712.9766845703125,
            1092.5216064453125,
            739.461181640625
        ],
        [
            988.8037719726562,
            674.3988647460938,
            1055.46630859375,
            690.884765625
        ],
        [
            1013.7546997070312,
            721.065185546875,
            1056.0390625,
            737.0919189453125
        ],
        [
            984.205078125,
            720.5525512695312,
            1069.5352783203125,
            738.3738403320312
        ],
        [
            973.2354736328125,
            689.52490234375,
            1087.09814453125,
            722.0932006835938
        ]
    ],
    "scores": [
        0.9989136457443237,
        0.9929723739624023,
        0.5854406356811523,
        0.5144627094268799,
        0.15058475732803345,
        0.09021224826574326,
        0.083932064473629
    ]
}