{
    "predicted_boxes": [
        [
            1457.2835693359375,
            476.9034729003906,
            1612.8057861328125,
            598.81298828125
        ],
        [
            1294.8311767578125,
            683.2233276367188,
            1361.8336181640625,
            733.7048950195312
        ],
        [
            1495.6583251953125,
            610.606201171875,
            1575.3641357421875,
            648.981201171875
        ],
        [
            1366.2158203125,
            39.77383804321289,
            1412.2294921875,
            76.36770629882812
        ],
        [
            1373.732666015625,
            72.5721435546875,
            1397.2659912109375,
            92.49202728271484
        ]
    ],
    "scores": [
        0.9954198598861694,
        0.9947549104690552,
        0.9937475919723511,
        0.9869402050971985,
        0.1435922384262085
    ]
}