{
    "predicted_boxes": [
        [
            1167.045166015625,
            685.89208984375,
            1202.7821044921875,
            719.8721313476562
        ],
        [
            658.3815307617188,
            756.4437866210938,
            664.3261108398438,
            774.2817993164062
        ],
        [
            658.9136352539062,
            757.9435424804688,
            664.001220703125,
            767.3640747070312
        ],
        [
            656.9585571289062,
            757.0120849609375,
            662.4615478515625,
            772.5352783203125
        ]
    ],
    "scores": [
        0.9661689400672913,
        0.17670351266860962,
        0.06319611519575119,
        0.05163199082016945
    ]
}