{
    "predicted_boxes": [
        [
            1287.3133544921875,
            602.0297241210938,
            1708.481201171875,
            676.9487915039062
        ],
        [
            1291.265869140625,
            636.97265625,
            1709.7896728515625,
            731.6539916992188
        ],
        [
            1261.8443603515625,
            733.8135986328125,
            1666.471435546875,
            814.6932983398438
        ],
        [
            1365.8851318359375,
            688.5384521484375,
            1394.858154296875,
            721.2783203125
        ],
        [
            1377.9820556640625,
            615.2947998046875,
            1406.8338623046875,
            652.5010375976562
        ],
        [
            1298.2626953125,
            601.0326538085938,
            1678.9366455078125,
            807.4534912109375
        ],
        [
            1698.444091796875,
            113.571533203125,
            1706.142333984375,
            133.71902465820312
        ]
    ],
    "scores": [
        0.9421203136444092,
        0.7637656927108765,
        0.7354768514633179,
        0.19884486496448517,
        0.1616545021533966,
        0.14587491750717163,
        0.10222164541482925
    ]
}