{
    "predicted_boxes": [
        [
            1133.3892822265625,
            665.9349365234375,
            1209.2724609375,
            683.0272216796875
        ],
        [
            672.38134765625,
            658.411865234375,
            695.2763061523438,
            682.2471313476562
        ],
        [
            682.7056884765625,
            664.6991577148438,
            730.0201416015625,
            686.8490600585938
        ],
        [
            1401.2921142578125,
            741.0661010742188,
            1417.5035400390625,
            787.4492797851562
        ],
        [
            765.7415161132812,
            653.0198974609375,
            831.3480834960938,
            678.6798095703125
        ],
        [
            766.2791137695312,
            629.2478637695312,
            825.4047241210938,
            675.719482421875
        ],
        [
            1288.7872314453125,
            143.4420928955078,
            1304.6572265625,
            180.1234588623047
        ],
        [
            666.8604736328125,
            659.9329223632812,
            717.355712890625,
            684.6903686523438
        ],
        [
            715.5919189453125,
            666.9006958007812,
            729.214599609375,
            685.1101684570312
        ],
        [
            767.1010131835938,
            662.1226806640625,
            804.0990600585938,
            678.165283203125
        ],
        [
            1054.907470703125,
            626.5315551757812,
            1081.6507568359375,
            649.0504150390625
        ],
        [
            693.6959838867188,
            664.9423828125,
            721.8894653320312,
            682.833984375
        ]
    ],
    "scores": [
        0.990264892578125,
        0.8842812180519104,
        0.6277531981468201,
        0.25596266984939575,
        0.24226178228855133,
        0.1850918084383011,
        0.15345966815948486,
        0.14312149584293365,
        0.08016283810138702,
        0.07508683949708939,
        0.06307002156972885,
        0.05265768617391586
    ]
}