{
    "predicted_boxes": [
        [
            975.5592041015625,
            337.36114501953125,
            1012.0787963867188,
            373.2089538574219
        ],
        [
            712.5610961914062,
            351.37567138671875,
            754.5711059570312,
            386.701416015625
        ],
        [
            383.08062744140625,
            759.5594482421875,
            391.94317626953125,
            775.8722534179688
        ]
    ],
    "scores": [
        0.9769582152366638,
        0.8280029296875,
        0.3011176586151123
    ]
}