{
    "predicted_boxes": [
        [
            1250.4593505859375,
            578.1111450195312,
            1332.1005859375,
            655.033203125
        ],
        [
            74.22266387939453,
            581.2399291992188,
            162.7974395751953,
            645.0171508789062
        ]
    ],
    "scores": [
        0.9980621933937073,
        0.9869922399520874
    ]
}