{
    "predicted_boxes": [
        [
            1326.818115234375,
            95.18412780761719,
            1378.591796875,
            133.01686096191406
        ],
        [
            1673.1273193359375,
            403.4543151855469,
            1864.2935791015625,
            552.8651123046875
        ],
        [
            815.7279052734375,
            720.3887329101562,
            822.741943359375,
            733.9239501953125
        ],
        [
            1168.2371826171875,
            732.6642456054688,
            1177.1566162109375,
            748.99462890625
        ],
        [
            817.3980102539062,
            739.0428466796875,
            822.2272338867188,
            748.542236328125
        ],
        [
            815.9845581054688,
            740.68359375,
            820.0068969726562,
            748.78857421875
        ],
        [
            816.1455078125,
            724.0107421875,
            821.2959594726562,
            738.7122192382812
        ]
    ],
    "scores": [
        0.9936214089393616,
        0.9724743962287903,
        0.7157455682754517,
        0.11916813999414444,
        0.11752958595752716,
        0.07573381811380386,
        0.07186557352542877
    ]
}