{
    "predicted_boxes": [
        [
            451.4826354980469,
            468.81634521484375,
            558.1670532226562,
            599.4899291992188
        ],
        [
            1115.27294921875,
            715.2708129882812,
            1127.12744140625,
            726.5925903320312
        ]
    ],
    "scores": [
        0.9990463852882385,
        0.0522366538643837
    ]
}