{
    "predicted_boxes": [
        [
            1353.0863037109375,
            95.66426849365234,
            1401.570068359375,
            132.6897735595703
        ],
        [
            809.0509033203125,
            720.8724975585938,
            818.9920654296875,
            733.676513671875
        ],
        [
            350.9309997558594,
            733.3790893554688,
            365.8697204589844,
            755.33056640625
        ],
        [
            1183.1536865234375,
            733.2644653320312,
            1195.7744140625,
            749.0992431640625
        ],
        [
            1908.4722900390625,
            360.6576843261719,
            1920.0,
            424.74072265625
        ],
        [
            350.7532958984375,
            765.5286865234375,
            365.5964050292969,
            796.947509765625
        ],
        [
            1913.0626220703125,
            348.242431640625,
            1919.671142578125,
            429.33795166015625
        ]
    ],
    "scores": [
        0.9531061053276062,
        0.5319223999977112,
        0.35255858302116394,
        0.17660832405090332,
        0.09756990522146225,
        0.09280317276716232,
        0.062283311039209366
    ]
}