{
    "predicted_boxes": [
        [
            1409.7908935546875,
            104.73027038574219,
            1443.6527099609375,
            132.5985870361328
        ]
    ],
    "scores": [
        0.46996819972991943
    ]
}