{
    "predicted_boxes": [
        [
            1456.108154296875,
            661.1046142578125,
            1920.0,
            740.6073608398438
        ],
        [
            1465.2147216796875,
            598.2462158203125,
            1918.34716796875,
            674.43603515625
        ],
        [
            1420.888671875,
            742.679443359375,
            1895.8541259765625,
            828.3421630859375
        ],
        [
            1489.06298828125,
            591.9443359375,
            1890.1290283203125,
            744.5960693359375
        ],
        [
            1547.8709716796875,
            690.3120727539062,
            1579.6778564453125,
            725.9044799804688
        ],
        [
            1560.5068359375,
            610.8492431640625,
            1589.5809326171875,
            650.3921508789062
        ],
        [
            1441.082763671875,
            686.12060546875,
            1902.8897705078125,
            766.862548828125
        ],
        [
            1434.53564453125,
            627.19140625,
            1907.24267578125,
            806.8546752929688
        ]
    ],
    "scores": [
        0.921585738658905,
        0.8467549085617065,
        0.7326938509941101,
        0.14089733362197876,
        0.12817278504371643,
        0.10499284416437149,
        0.061979033052921295,
        0.057140517979860306
    ]
}