{
    "predicted_boxes": [
        [
            1845.0372314453125,
            7.448983192443848,
            1908.1292724609375,
            57.04436111450195
        ],
        [
            1756.4541015625,
            1.5866076946258545,
            1809.27294921875,
            44.32253646850586
        ],
        [
            1770.1553955078125,
            38.657386779785156,
            1798.1263427734375,
            52.491241455078125
        ]
    ],
    "scores": [
        0.8150078654289246,
        0.21060587465763092,
        0.17273053526878357
    ]
}