{
    "predicted_boxes": [
        [
            343.5672302246094,
            647.0528564453125,
            387.76177978515625,
            686.2203369140625
        ]
    ],
    "scores": [
        0.9680362343788147
    ]
}