{
    "predicted_boxes": [
        [
            1621.898681640625,
            585.991455078125,
            1712.358642578125,
            630.0088500976562
        ],
        [
            1334.269775390625,
            679.43310546875,
            1404.05908203125,
            735.6292114257812
        ],
        [
            1565.433349609375,
            421.07684326171875,
            1761.1285400390625,
            570.9579467773438
        ],
        [
            1399.5389404296875,
            41.335906982421875,
            1437.70947265625,
            80.26982879638672
        ],
        [
            1408.9730224609375,
            70.48332977294922,
            1427.037841796875,
            90.66252136230469
        ],
        [
            1857.5404052734375,
            119.7103271484375,
            1866.7103271484375,
            137.60206604003906
        ],
        [
            1501.7166748046875,
            74.57274627685547,
            1508.2183837890625,
            92.82982635498047
        ],
        [
            1784.05859375,
            107.53140258789062,
            1798.0606689453125,
            117.67982482910156
        ]
    ],
    "scores": [
        0.9983847141265869,
        0.997742772102356,
        0.9939604997634888,
        0.980595052242279,
        0.7576754093170166,
        0.4816555082798004,
        0.12593074142932892,
        0.05282584950327873
    ]
}