{
    "predicted_boxes": [
        [
            1431.8153076171875,
            60.79063034057617,
            1481.62548828125,
            104.47032165527344
        ],
        [
            1442.8245849609375,
            104.1818618774414,
            1467.5999755859375,
            119.95042419433594
        ]
    ],
    "scores": [
        0.9948194622993469,
        0.7431747913360596
    ]
}