{
    "predicted_boxes": [
        [
            1302.129638671875,
            740.1175537109375,
            1733.2755126953125,
            827.7775268554688
        ],
        [
            1340.972900390625,
            602.2733764648438,
            1772.4603271484375,
            676.0903930664062
        ],
        [
            1326.56591796875,
            656.53369140625,
            1776.8641357421875,
            738.2647094726562
        ],
        [
            1429.4219970703125,
            615.3231811523438,
            1457.4794921875,
            652.4320678710938
        ],
        [
            1462.6278076171875,
            625.9959716796875,
            1482.497314453125,
            651.51025390625
        ],
        [
            1321.894775390625,
            595.0257568359375,
            1779.05517578125,
            764.0354614257812
        ],
        [
            1345.6104736328125,
            661.9649658203125,
            1730.4925537109375,
            815.78173828125
        ],
        [
            1418.342529296875,
            690.8170776367188,
            1445.897705078125,
            724.2673950195312
        ],
        [
            1488.36865234375,
            625.5487670898438,
            1506.90380859375,
            651.1803588867188
        ]
    ],
    "scores": [
        0.9323992729187012,
        0.9263593554496765,
        0.8469804525375366,
        0.2516553997993469,
        0.15641535818576813,
        0.15330654382705688,
        0.07174508273601532,
        0.06579285860061646,
        0.050840169191360474
    ]
}