{
    "predicted_boxes": [
        [
            1122.4609375,
            663.991455078125,
            1159.6282958984375,
            682.1528930664062
        ],
        [
            1233.7333984375,
            30.870389938354492,
            1292.4468994140625,
            78.15384674072266
        ],
        [
            1108.7802734375,
            605.6146240234375,
            1174.1868896484375,
            663.6922607421875
        ],
        [
            0.0,
            655.0556030273438,
            181.6057586669922,
            761.6526489257812
        ],
        [
            1383.1829833984375,
            654.2792358398438,
            1401.441650390625,
            710.2379150390625
        ],
        [
            96.23869323730469,
            878.0195922851562,
            108.09713745117188,
            894.005859375
        ],
        [
            1814.65185546875,
            322.8035583496094,
            1891.91650390625,
            481.137451171875
        ],
        [
            1.8184062242507935,
            659.5330200195312,
            180.680908203125,
            701.89892578125
        ],
        [
            1053.929443359375,
            719.2317504882812,
            1062.7286376953125,
            744.6331176757812
        ],
        [
            1064.259033203125,
            682.7896728515625,
            1077.1810302734375,
            696.5448608398438
        ],
        [
            1112.7529296875,
            718.1632690429688,
            1119.180419921875,
            734.0514526367188
        ],
        [
            1066.7572021484375,
            705.6182861328125,
            1079.448974609375,
            724.1707153320312
        ],
        [
            1062.1820068359375,
            684.8035278320312,
            1078.54345703125,
            706.4469604492188
        ],
        [
            1055.0843505859375,
            719.0786743164062,
            1062.4033203125,
            733.2193603515625
        ],
        [
            1238.379638671875,
            678.9614868164062,
            1253.6336669921875,
            696.9267578125
        ],
        [
            93.39020538330078,
            875.8065185546875,
            110.92683410644531,
            898.2658081054688
        ]
    ],
    "scores": [
        0.9972094893455505,
        0.9962064027786255,
        0.9912381768226624,
        0.9878070950508118,
        0.9701898694038391,
        0.9190613031387329,
        0.6077027916908264,
        0.5193167924880981,
        0.40755313634872437,
        0.19616174697875977,
        0.164958655834198,
        0.07865475118160248,
        0.07007213681936264,
        0.0643434152007103,
        0.06104074791073799,
        0.05604391172528267
    ]
}