{
    "predicted_boxes": [
        [
            221.72787475585938,
            623.6989135742188,
            295.17620849609375,
            680.85498046875
        ],
        [
            1178.083251953125,
            628.0714721679688,
            1244.877685546875,
            681.8683471679688
        ],
        [
            0.31785282492637634,
            881.7378540039062,
            8.14002799987793,
            900.1875
        ],
        [
            811.9533081054688,
            744.2716674804688,
            817.4188232421875,
            765.6864624023438
        ]
    ],
    "scores": [
        0.9963698387145996,
        0.9959178566932678,
        0.21413691341876984,
        0.2050129920244217
    ]
}