{
    "predicted_boxes": [
        [
            244.53309631347656,
            583.079345703125,
            324.1324157714844,
            646.1917114257812
        ],
        [
            221.50924682617188,
            672.89306640625,
            266.0824279785156,
            707.833740234375
        ],
        [
            598.1160278320312,
            32.769737243652344,
            660.8900146484375,
            88.39895629882812
        ],
        [
            268.88037109375,
            646.4810791015625,
            300.486328125,
            668.2245483398438
        ],
        [
            1401.4949951171875,
            102.751708984375,
            1424.878662109375,
            149.45355224609375
        ],
        [
            613.2905883789062,
            88.75655364990234,
            644.453125,
            107.0034408569336
        ],
        [
            242.73423767089844,
            719.83447265625,
            252.49464416503906,
            746.1500244140625
        ],
        [
            1407.737060546875,
            137.8133544921875,
            1423.1778564453125,
            156.15194702148438
        ]
    ],
    "scores": [
        0.9957104921340942,
        0.9953165054321289,
        0.9924405813217163,
        0.8563060760498047,
        0.7985137104988098,
        0.7751259803771973,
        0.39553749561309814,
        0.053828101605176926
    ]
}