{
    "predicted_boxes": [
        [
            541.135498046875,
            436.78619384765625,
            569.22021484375,
            460.0119323730469
        ],
        [
            726.4222412109375,
            398.7210998535156,
            766.1680908203125,
            420.3477478027344
        ],
        [
            656.1588745117188,
            319.1180725097656,
            688.8184204101562,
            364.4156188964844
        ]
    ],
    "scores": [
        0.9064801335334778,
        0.23775538802146912,
        0.11014212667942047
    ]
}