{
    "predicted_boxes": [
        [
            1393.6669921875,
            665.3969116210938,
            1434.3653564453125,
            700.4736938476562
        ],
        [
            1407.8258056640625,
            708.1646728515625,
            1430.0072021484375,
            730.6407470703125
        ],
        [
            1835.96875,
            115.99466705322266,
            1901.9783935546875,
            159.5799102783203
        ],
        [
            1830.7607421875,
            70.87936401367188,
            1899.8990478515625,
            112.5506820678711
        ],
        [
            1828.3837890625,
            33.56455612182617,
            1904.7386474609375,
            161.60760498046875
        ],
        [
            1838.5465087890625,
            82.10546875,
            1889.4166259765625,
            107.603759765625
        ],
        [
            1842.0374755859375,
            124.58561706542969,
            1891.623046875,
            153.0811309814453
        ],
        [
            1831.1136474609375,
            109.30120849609375,
            1902.0369873046875,
            126.93059539794922
        ],
        [
            968.2581176757812,
            663.2205200195312,
            991.7353515625,
            693.6453857421875
        ]
    ],
    "scores": [
        0.9864686727523804,
        0.9604798555374146,
        0.9575232863426208,
        0.7944415211677551,
        0.7230628132820129,
        0.5380392074584961,
        0.43898501992225647,
        0.4290202558040619,
        0.24388839304447174
    ]
}