{
    "predicted_boxes": [
        [
            1038.0284423828125,
            603.9661865234375,
            1098.2266845703125,
            658.114013671875
        ],
        [
            1229.25634765625,
            20.120620727539062,
            1301.0322265625,
            80.40415954589844
        ],
        [
            1246.9483642578125,
            82.16842651367188,
            1280.804931640625,
            101.91822052001953
        ],
        [
            1027.357177734375,
            679.5452270507812,
            1061.5003662109375,
            706.231201171875
        ],
        [
            1053.087158203125,
            656.9891357421875,
            1082.1302490234375,
            673.0241088867188
        ],
        [
            1247.69775390625,
            82.5834732055664,
            1263.368408203125,
            100.71561431884766
        ]
    ],
    "scores": [
        0.9943066239356995,
        0.9932745695114136,
        0.9582897424697876,
        0.34977319836616516,
        0.24597090482711792,
        0.0924692377448082
    ]
}