{
    "predicted_boxes": [
        [
            652.2896728515625,
            689.69921875,
            667.7482299804688,
            704.3617553710938
        ]
    ],
    "scores": [
        0.30944547057151794
    ]
}