{
    "predicted_boxes": [
        [
            568.5667724609375,
            706.2286987304688,
            609.1103515625,
            737.6402587890625
        ],
        [
            1076.5274658203125,
            707.7701416015625,
            1112.7005615234375,
            737.692626953125
        ],
        [
            1409.242919921875,
            739.9185180664062,
            1432.639892578125,
            769.11376953125
        ]
    ],
    "scores": [
        0.984596312046051,
        0.9764689207077026,
        0.056172121316194534
    ]
}