{
    "predicted_boxes": [
        [
            1007.9345703125,
            641.7860107421875,
            1025.301025390625,
            663.2918090820312
        ],
        [
            1076.94921875,
            721.174560546875,
            1084.430419921875,
            738.323486328125
        ]
    ],
    "scores": [
        0.3745962381362915,
        0.16238026320934296
    ]
}