{
    "predicted_boxes": [
        [
            1501.1964111328125,
            416.8275146484375,
            1698.342529296875,
            566.63818359375
        ],
        [
            183.14552307128906,
            238.2564697265625,
            227.4527587890625,
            275.6712646484375
        ],
        [
            932.6364135742188,
            463.424560546875,
            960.3445434570312,
            484.9975280761719
        ]
    ],
    "scores": [
        0.9919384121894836,
        0.8153895139694214,
        0.12026900053024292
    ]
}