{
    "predicted_boxes": [
        [
            1366.984375,
            78.84033966064453,
            1432.0238037109375,
            127.82173919677734
        ],
        [
            1382.12158203125,
            128.7152099609375,
            1415.20361328125,
            148.44981384277344
        ]
    ],
    "scores": [
        0.9836945533752441,
        0.9737569093704224
    ]
}