{
    "predicted_boxes": [
        [
            487.988525390625,
            607.262451171875,
            608.462890625,
            650.1708374023438
        ],
        [
            1264.7275390625,
            618.3314208984375,
            1430.3492431640625,
            649.0176391601562
        ],
        [
            1167.85693359375,
            611.1537475585938,
            1178.899169921875,
            629.8959350585938
        ],
        [
            436.4536437988281,
            599.822265625,
            447.66925048828125,
            635.9172973632812
        ],
        [
            1049.524658203125,
            573.2327880859375,
            1092.8824462890625,
            608.1005859375
        ],
        [
            264.5545959472656,
            561.5716552734375,
            317.2339782714844,
            585.264892578125
        ],
        [
            1173.42236328125,
            534.54541015625,
            1209.8970947265625,
            569.0156860351562
        ],
        [
            1172.180419921875,
            538.2050170898438,
            1187.251708984375,
            567.526611328125
        ],
        [
            1045.912841796875,
            608.886962890625,
            1058.564208984375,
            620.9569091796875
        ],
        [
            1178.6580810546875,
            611.0307006835938,
            1198.242919921875,
            629.9290771484375
        ],
        [
            234.642578125,
            471.97076416015625,
            347.541748046875,
            561.4620971679688
        ],
        [
            1056.597412109375,
            605.5564575195312,
            1083.52783203125,
            619.6011352539062
        ],
        [
            1182.4854736328125,
            534.1679077148438,
            1206.7255859375,
            555.27294921875
        ]
    ],
    "scores": [
        0.9965305924415588,
        0.9964343309402466,
        0.7004932761192322,
        0.6342324018478394,
        0.5296928286552429,
        0.46563082933425903,
        0.4418623745441437,
        0.3959307372570038,
        0.29224640130996704,
        0.22133968770503998,
        0.19885583221912384,
        0.1860480159521103,
        0.12717436254024506
    ]
}