{
    "predicted_boxes": [
        [
            523.9966430664062,
            711.591064453125,
            568.7252807617188,
            748.421875
        ],
        [
            1086.6336669921875,
            714.74267578125,
            1126.8770751953125,
            750.2838745117188
        ],
        [
            1115.8431396484375,
            790.472900390625,
            1126.1156005859375,
            813.0046997070312
        ],
        [
            470.7751159667969,
            790.4165649414062,
            482.044189453125,
            807.419677734375
        ],
        [
            1118.5767822265625,
            795.1692504882812,
            1125.869384765625,
            817.4714965820312
        ],
        [
            1027.7410888671875,
            794.3932495117188,
            1033.9783935546875,
            810.1211547851562
        ],
        [
            1117.1796875,
            818.314453125,
            1124.310302734375,
            837.4373779296875
        ]
    ],
    "scores": [
        0.9832724332809448,
        0.9732154011726379,
        0.45864197611808777,
        0.16142523288726807,
        0.08139427751302719,
        0.08098319917917252,
        0.06628422439098358
    ]
}