{
    "predicted_boxes": [
        [
            425.5204162597656,
            525.0188598632812,
            447.55975341796875,
            544.6276245117188
        ],
        [
            915.9401245117188,
            723.7225952148438,
            926.7734375,
            739.7069702148438
        ]
    ],
    "scores": [
        0.4699852466583252,
        0.3776037096977234
    ]
}