{
    "predicted_boxes": [
        [
            1321.4600830078125,
            662.8037109375,
            1521.45751953125,
            696.6201782226562
        ],
        [
            1070.5670166015625,
            651.598876953125,
            1093.88525390625,
            664.5516967773438
        ],
        [
            1049.59228515625,
            659.3021240234375,
            1061.3404541015625,
            670.8770751953125
        ],
        [
            1231.6453857421875,
            563.3234252929688,
            1250.8189697265625,
            595.7344970703125
        ],
        [
            1194.240478515625,
            652.46923828125,
            1204.5079345703125,
            679.73876953125
        ],
        [
            1230.1103515625,
            588.6057739257812,
            1252.276123046875,
            609.8576049804688
        ],
        [
            1059.626953125,
            614.1599731445312,
            1105.7314453125,
            651.2852783203125
        ],
        [
            426.9142761230469,
            652.2416381835938,
            555.6829223632812,
            675.410400390625
        ],
        [
            1217.774169921875,
            591.3538208007812,
            1233.30517578125,
            613.0191650390625
        ],
        [
            1048.0377197265625,
            665.0491333007812,
            1061.602783203125,
            681.8529663085938
        ],
        [
            1049.64794921875,
            671.5003662109375,
            1059.720947265625,
            685.2427978515625
        ]
    ],
    "scores": [
        0.9987204074859619,
        0.9306843280792236,
        0.8685001730918884,
        0.7991592288017273,
        0.764106273651123,
        0.7359161972999573,
        0.685975193977356,
        0.3700442910194397,
        0.3581922650337219,
        0.08398065716028214,
        0.06457393616437912
    ]
}