{
    "predicted_boxes": [
        [
            1238.820556640625,
            597.5023803710938,
            1317.6470947265625,
            659.544677734375
        ],
        [
            129.8663330078125,
            593.7181396484375,
            211.52183532714844,
            658.0891723632812
        ],
        [
            1092.039306640625,
            736.00927734375,
            1098.90087890625,
            776.977294921875
        ],
        [
            1090.9622802734375,
            736.7008666992188,
            1100.2271728515625,
            754.1702270507812
        ],
        [
            1091.904296875,
            753.5126953125,
            1098.24462890625,
            775.6681518554688
        ]
    ],
    "scores": [
        0.9952505826950073,
        0.9947423934936523,
        0.3599369525909424,
        0.06394519656896591,
        0.05143851041793823
    ]
}