{
    "predicted_boxes": [
        [
            1449.5364990234375,
            654.6905517578125,
            1493.8065185546875,
            691.5070190429688
        ],
        [
            1803.2445068359375,
            74.5942153930664,
            1869.777099609375,
            165.55966186523438
        ],
        [
            1807.09033203125,
            90.2241439819336,
            1865.8826904296875,
            132.7730255126953
        ],
        [
            1805.2216796875,
            118.55075073242188,
            1865.92919921875,
            164.26199340820312
        ],
        [
            1483.70751953125,
            632.933837890625,
            1497.549560546875,
            651.085205078125
        ],
        [
            1459.0255126953125,
            702.0950317382812,
            1483.584716796875,
            722.8098754882812
        ],
        [
            1806.0460205078125,
            103.48672485351562,
            1865.8427734375,
            148.20993041992188
        ]
    ],
    "scores": [
        0.9653213620185852,
        0.9518278241157532,
        0.6746399402618408,
        0.1948636770248413,
        0.16026648879051208,
        0.1075650081038475,
        0.060458648949861526
    ]
}