{
    "predicted_boxes": [
        [
            1155.7841796875,
            640.9600830078125,
            1203.4141845703125,
            681.5673828125
        ],
        [
            1153.13037109375,
            698.6163940429688,
            1178.7911376953125,
            721.5162353515625
        ],
        [
            1752.8077392578125,
            69.02762603759766,
            1787.2734375,
            103.72797393798828
        ],
        [
            1167.3514404296875,
            679.429931640625,
            1186.8016357421875,
            698.8323974609375
        ],
        [
            1758.7154541015625,
            99.2503662109375,
            1780.4288330078125,
            110.90724182128906
        ]
    ],
    "scores": [
        0.9979537725448608,
        0.9979224801063538,
        0.8683867454528809,
        0.11294538527727127,
        0.1120154932141304
    ]
}