{
    "predicted_boxes": [
        [
            1518.2813720703125,
            634.6012573242188,
            1576.62548828125,
            682.1328735351562
        ],
        [
            1046.80615234375,
            679.8283081054688,
            1157.2177734375,
            744.2525024414062
        ]
    ],
    "scores": [
        0.9971386194229126,
        0.9758426547050476
    ]
}