{
    "predicted_boxes": [
        [
            1232.396484375,
            89.32124328613281,
            1279.1829833984375,
            112.03240203857422
        ],
        [
            1213.2652587890625,
            14.009943962097168,
            1300.883544921875,
            87.37671661376953
        ],
        [
            1239.79833984375,
            91.42091369628906,
            1261.3095703125,
            111.26000213623047
        ],
        [
            1797.323974609375,
            438.6820983886719,
            1920.0,
            626.9226684570312
        ],
        [
            1243.533203125,
            111.04399108886719,
            1273.9564208984375,
            130.90304565429688
        ]
    ],
    "scores": [
        0.9976027607917786,
        0.9963930249214172,
        0.3320554494857788,
        0.11335549503564835,
        0.08231572806835175
    ]
}