{
    "predicted_boxes": [
        [
            1219.1541748046875,
            596.2880249023438,
            1285.899169921875,
            660.0989379882812
        ],
        [
            179.14495849609375,
            594.6552734375,
            257.1784362792969,
            651.883056640625
        ]
    ],
    "scores": [
        0.9985314607620239,
        0.9738456606864929
    ]
}