{
    "predicted_boxes": [
        [
            1379.345947265625,
            31.37476921081543,
            1414.4615478515625,
            58.03249740600586
        ],
        [
            1770.6014404296875,
            40.290157318115234,
            1796.537841796875,
            55.26523208618164
        ],
        [
            1384.689208984375,
            53.84270095825195,
            1480.041015625,
            106.80101013183594
        ],
        [
            1842.568115234375,
            11.21685791015625,
            1901.8905029296875,
            60.74229049682617
        ]
    ],
    "scores": [
        0.5773736238479614,
        0.33600831031799316,
        0.10899567604064941,
        0.07818697392940521
    ]
}