{
    "predicted_boxes": [
        [
            1154.962158203125,
            644.9180297851562,
            1255.717529296875,
            663.2543334960938
        ],
        [
            674.5293579101562,
            628.6627807617188,
            743.7286376953125,
            661.4332275390625
        ],
        [
            631.0133056640625,
            582.6213989257812,
            684.7688598632812,
            629.5905151367188
        ],
        [
            646.6072387695312,
            626.8267822265625,
            676.093017578125,
            643.2518920898438
        ],
        [
            1041.381591796875,
            598.2089233398438,
            1070.793212890625,
            625.5206909179688
        ],
        [
            1028.844482421875,
            641.727783203125,
            1033.530517578125,
            655.2903442382812
        ],
        [
            1028.2200927734375,
            641.6974487304688,
            1031.9193115234375,
            652.5652465820312
        ],
        [
            1028.68994140625,
            647.0884399414062,
            1032.8668212890625,
            658.41259765625
        ],
        [
            1027.6279296875,
            644.3683471679688,
            1031.6566162109375,
            656.8652954101562
        ],
        [
            1030.1329345703125,
            647.4410400390625,
            1035.1195068359375,
            659.37841796875
        ],
        [
            1028.046630859375,
            639.4266357421875,
            1036.2520751953125,
            649.3683471679688
        ],
        [
            1029.8809814453125,
            642.7290649414062,
            1035.305908203125,
            652.2725219726562
        ]
    ],
    "scores": [
        0.9972436428070068,
        0.9825206398963928,
        0.7978014945983887,
        0.566169798374176,
        0.39130449295043945,
        0.32784441113471985,
        0.23572300374507904,
        0.16578999161720276,
        0.1150950938463211,
        0.0694904550909996,
        0.06375781446695328,
        0.06363983452320099
    ]
}