{
    "predicted_boxes": [
        [
            1282.482177734375,
            734.89599609375,
            1303.605712890625,
            760.6943969726562
        ]
    ],
    "scores": [
        0.09598307311534882
    ]
}