{
    "predicted_boxes": [
        [
            1110.3472900390625,
            648.836181640625,
            1145.7947998046875,
            668.505859375
        ],
        [
            1250.146484375,
            34.70779800415039,
            1312.9010009765625,
            88.42198944091797
        ],
        [
            1267.03173828125,
            89.47723388671875,
            1294.944580078125,
            108.56908416748047
        ],
        [
            1093.7547607421875,
            592.555419921875,
            1159.7784423828125,
            649.6723022460938
        ],
        [
            1078.5987548828125,
            675.4750366210938,
            1110.8104248046875,
            702.2352294921875
        ],
        [
            1095.432373046875,
            710.7536010742188,
            1104.6700439453125,
            728.5760498046875
        ],
        [
            1844.9261474609375,
            92.80538177490234,
            1876.5360107421875,
            125.58998107910156
        ],
        [
            1489.635986328125,
            94.41185760498047,
            1499.9326171875,
            119.97319793701172
        ],
        [
            1096.6046142578125,
            735.3885498046875,
            1103.775634765625,
            755.675048828125
        ]
    ],
    "scores": [
        0.9954212307929993,
        0.9922019243240356,
        0.9762511849403381,
        0.9578688144683838,
        0.9492868781089783,
        0.44845646619796753,
        0.33393386006355286,
        0.12138939648866653,
        0.058414943516254425
    ]
}