{
    "predicted_boxes": [
        [
            737.0239868164062,
            598.1524658203125,
            800.4906005859375,
            653.820068359375
        ],
        [
            360.2209777832031,
            731.6210327148438,
            370.65606689453125,
            745.837890625
        ],
        [
            562.4053955078125,
            735.7086181640625,
            573.85498046875,
            753.2097778320312
        ],
        [
            782.4093017578125,
            400.0693359375,
            815.2388916015625,
            426.34490966796875
        ],
        [
            359.92095947265625,
            750.1524658203125,
            368.89788818359375,
            764.2053833007812
        ],
        [
            751.85546875,
            606.5156860351562,
            791.7041625976562,
            641.9702758789062
        ]
    ],
    "scores": [
        0.9931787252426147,
        0.6037330627441406,
        0.22437269985675812,
        0.14432117342948914,
        0.08406313508749008,
        0.05583712086081505
    ]
}