{
    "predicted_boxes": [
        [
            1677.2310791015625,
            589.8805541992188,
            1764.533935546875,
            658.8218994140625
        ],
        [
            954.2306518554688,
            668.8564453125,
            1104.7666015625,
            738.4915771484375
        ],
        [
            972.2057495117188,
            718.3844604492188,
            1090.675537109375,
            740.3370971679688
        ],
        [
            968.4384765625,
            670.6187133789062,
            1097.74169921875,
            706.7990112304688
        ],
        [
            1.6446565389633179,
            898.6950073242188,
            39.889583587646484,
            936.059326171875
        ],
        [
            990.0047607421875,
            720.051513671875,
            1037.3153076171875,
            739.7294311523438
        ],
        [
            981.7164306640625,
            672.7930297851562,
            1077.6529541015625,
            696.864013671875
        ],
        [
            1010.5032348632812,
            721.0648193359375,
            1057.9678955078125,
            738.36328125
        ],
        [
            1015.8739013671875,
            674.7637329101562,
            1066.732177734375,
            692.7350463867188
        ],
        [
            1253.3477783203125,
            144.1425018310547,
            1268.644287109375,
            161.06072998046875
        ]
    ],
    "scores": [
        0.999279797077179,
        0.9983208775520325,
        0.7130484580993652,
        0.3445438742637634,
        0.16491863131523132,
        0.16116607189178467,
        0.12365393340587616,
        0.11378604173660278,
        0.09945224225521088,
        0.05016876012086868
    ]
}