{
    "predicted_boxes": [
        [
            811.0964965820312,
            612.6810913085938,
            1128.362548828125,
            679.0675048828125
        ],
        [
            800.8051147460938,
            640.9081420898438,
            1128.689453125,
            724.7117919921875
        ],
        [
            812.9677124023438,
            717.0303344726562,
            1092.5660400390625,
            773.5879516601562
        ],
        [
            874.4195556640625,
            681.5673828125,
            896.42333984375,
            706.5825805664062
        ],
        [
            886.4166259765625,
            626.1641235351562,
            903.9864501953125,
            651.2718505859375
        ],
        [
            814.037109375,
            603.8909912109375,
            1113.74755859375,
            768.2588500976562
        ]
    ],
    "scores": [
        0.6319286823272705,
        0.6067919135093689,
        0.35347262024879456,
        0.134312242269516,
        0.1079796552658081,
        0.06266020238399506
    ]
}