{
    "predicted_boxes": [
        [
            1677.2493896484375,
            589.9390258789062,
            1764.49169921875,
            658.7735595703125
        ],
        [
            956.4238891601562,
            668.3670654296875,
            1108.069091796875,
            734.9500732421875
        ],
        [
            974.8241577148438,
            718.5223388671875,
            1089.446044921875,
            740.1941528320312
        ],
        [
            967.3473510742188,
            670.646484375,
            1098.1798095703125,
            703.8643188476562
        ],
        [
            993.3638916015625,
            721.1864624023438,
            1026.39453125,
            738.5077514648438
        ],
        [
            1.6460728645324707,
            898.4027709960938,
            39.87965393066406,
            936.0634765625
        ],
        [
            1011.6948852539062,
            721.1305541992188,
            1057.2532958984375,
            738.2618408203125
        ],
        [
            1002.7928466796875,
            675.0360107421875,
            1068.4261474609375,
            694.8756103515625
        ],
        [
            951.746337890625,
            697.470703125,
            1100.8603515625,
            739.5883178710938
        ]
    ],
    "scores": [
        0.9993021488189697,
        0.9982118606567383,
        0.763798177242279,
        0.47767573595046997,
        0.23813167214393616,
        0.16521675884723663,
        0.13401439785957336,
        0.1114155650138855,
        0.10037572681903839
    ]
}