{
    "predicted_boxes": [
        [
            1437.6326904296875,
            660.3742065429688,
            1480.474365234375,
            696.2433471679688
        ],
        [
            1805.8739013671875,
            119.87940216064453,
            1867.658935546875,
            161.32748413085938
        ],
        [
            1804.8717041015625,
            82.2369613647461,
            1861.7557373046875,
            118.0463638305664
        ],
        [
            1801.633544921875,
            54.1231689453125,
            1870.5721435546875,
            163.1759490966797
        ],
        [
            1366.779541015625,
            48.78193283081055,
            1409.5078125,
            93.82611846923828
        ],
        [
            1450.879638671875,
            706.1734619140625,
            1478.5777587890625,
            734.955322265625
        ],
        [
            1462.654296875,
            707.6316528320312,
            1477.59619140625,
            732.0911865234375
        ],
        [
            1434.379150390625,
            110.3682861328125,
            1455.61474609375,
            124.81085205078125
        ]
    ],
    "scores": [
        0.9857752323150635,
        0.7737173438072205,
        0.5765507221221924,
        0.22734558582305908,
        0.2168775349855423,
        0.21673467755317688,
        0.07383450865745544,
        0.058614712208509445
    ]
}