{
    "predicted_boxes": [
        [
            1379.976806640625,
            519.7804565429688,
            1494.4208984375,
            600.618408203125
        ],
        [
            179.95079040527344,
            523.49169921875,
            285.43798828125,
            604.018798828125
        ],
        [
            1387.8267822265625,
            689.1911010742188,
            1477.458251953125,
            756.2555541992188
        ],
        [
            1390.6129150390625,
            598.1326293945312,
            1482.4830322265625,
            682.7876586914062
        ],
        [
            186.24432373046875,
            602.0463256835938,
            278.0978088378906,
            680.1886596679688
        ],
        [
            191.8484649658203,
            687.6688842773438,
            279.4911804199219,
            749.2861328125
        ],
        [
            1071.3155517578125,
            633.8753051757812,
            1093.9881591796875,
            655.6414794921875
        ],
        [
            1138.3173828125,
            676.1793212890625,
            1186.3060302734375,
            684.31103515625
        ],
        [
            184.3123779296875,
            542.1350708007812,
            282.40814208984375,
            720.0501098632812
        ],
        [
            1385.0555419921875,
            526.7472534179688,
            1488.080810546875,
            760.8421630859375
        ],
        [
            827.230224609375,
            663.2938842773438,
            867.0374145507812,
            681.7313842773438
        ]
    ],
    "scores": [
        0.9967870712280273,
        0.9961460828781128,
        0.9950061440467834,
        0.9880151152610779,
        0.9738274216651917,
        0.9705772399902344,
        0.8894729614257812,
        0.39613187313079834,
        0.288680762052536,
        0.08572480082511902,
        0.0530494824051857
    ]
}