{
    "predicted_boxes": [
        [
            1577.3433837890625,
            637.4290161132812,
            1632.0291748046875,
            681.439453125
        ],
        [
            1148.0611572265625,
            677.8665161132812,
            1253.023193359375,
            733.501708984375
        ],
        [
            1154.882080078125,
            713.0404663085938,
            1246.051513671875,
            732.962646484375
        ]
    ],
    "scores": [
        0.9964860677719116,
        0.9233875274658203,
        0.16936452686786652
    ]
}