{
    "predicted_boxes": [
        [
            362.938232421875,
            642.5545043945312,
            406.73028564453125,
            680.4697265625
        ],
        [
            190.16944885253906,
            485.9217224121094,
            216.5430908203125,
            507.1139831542969
        ]
    ],
    "scores": [
        0.9937995076179504,
        0.8395258784294128
    ]
}