{
    "predicted_boxes": [
        [
            1857.270263671875,
            9.708892822265625,
            1917.0924072265625,
            62.41844177246094
        ],
        [
            1256.6810302734375,
            113.24172973632812,
            1263.13525390625,
            127.83319091796875
        ],
        [
            1758.133056640625,
            4.599550724029541,
            1818.4227294921875,
            50.21204376220703
        ],
        [
            1362.568359375,
            37.24086380004883,
            1402.80615234375,
            62.92107009887695
        ],
        [
            1775.2381591796875,
            44.4423828125,
            1804.638916015625,
            63.48337173461914
        ]
    ],
    "scores": [
        0.6663869619369507,
        0.34516456723213196,
        0.12244784832000732,
        0.060053545981645584,
        0.055406052619218826
    ]
}