{
    "predicted_boxes": [
        [
            1537.3271484375,
            626.8622436523438,
            1912.94921875,
            701.6304321289062
        ],
        [
            1528.145751953125,
            668.0646362304688,
            1909.46728515625,
            745.0973510742188
        ],
        [
            1504.50634765625,
            729.1964721679688,
            1890.4898681640625,
            808.2119140625
        ],
        [
            1616.45458984375,
            639.393798828125,
            1641.614501953125,
            672.2310180664062
        ],
        [
            1532.24267578125,
            627.4420776367188,
            1909.1229248046875,
            781.6005859375
        ]
    ],
    "scores": [
        0.8023069500923157,
        0.6049317121505737,
        0.4104937016963959,
        0.38710638880729675,
        0.36312660574913025
    ]
}