{
    "predicted_boxes": [
        [
            1668.3997802734375,
            127.25591278076172,
            1711.526123046875,
            139.1628875732422
        ]
    ],
    "scores": [
        0.25835728645324707
    ]
}