{
    "predicted_boxes": [
        [
            1419.3370361328125,
            516.5567626953125,
            1536.7451171875,
            611.0057373046875
        ],
        [
            1254.3975830078125,
            85.09125518798828,
            1313.2208251953125,
            134.73626708984375
        ],
        [
            1139.17724609375,
            729.358642578125,
            1148.018310546875,
            743.8552856445312
        ]
    ],
    "scores": [
        0.9968312382698059,
        0.9918298125267029,
        0.10725843906402588
    ]
}