{
    "predicted_boxes": [
        [
            810.7664794921875,
            606.8767700195312,
            1098.70263671875,
            700.4502563476562
        ],
        [
            818.7716674804688,
            607.7159423828125,
            1091.504638671875,
            654.4739379882812
        ],
        [
            977.5750122070312,
            623.8214721679688,
            996.3646240234375,
            647.20703125
        ],
        [
            878.9513549804688,
            615.5215454101562,
            902.0619506835938,
            640.9745483398438
        ],
        [
            818.9964599609375,
            697.2268676757812,
            1068.1934814453125,
            745.2744140625
        ],
        [
            806.9801635742188,
            629.593017578125,
            1083.6759033203125,
            759.4694213867188
        ],
        [
            880.8900756835938,
            713.3764038085938,
            897.24462890625,
            738.1166381835938
        ]
    ],
    "scores": [
        0.9687263369560242,
        0.5330681204795837,
        0.2658900320529938,
        0.2625907063484192,
        0.11925915628671646,
        0.10176645964384079,
        0.07673588395118713
    ]
}