{
    "predicted_boxes": [
        [
            1665.165283203125,
            658.7213134765625,
            1708.505859375,
            692.3859252929688
        ],
        [
            842.7264404296875,
            646.7807006835938,
            859.7026977539062,
            673.9388427734375
        ]
    ],
    "scores": [
        0.9791958332061768,
        0.4231882095336914
    ]
}