{
    "predicted_boxes": [
        [
            1651.6094970703125,
            656.2788696289062,
            1694.7647705078125,
            689.7074584960938
        ],
        [
            1331.500732421875,
            682.1007080078125,
            1414.2779541015625,
            719.2206420898438
        ]
    ],
    "scores": [
        0.9632348418235779,
        0.13030584156513214
    ]
}