{
    "predicted_boxes": [
        [
            1017.8472900390625,
            679.9981689453125,
            1044.477783203125,
            700.534423828125
        ],
        [
            1044.970703125,
            723.5671997070312,
            1053.88134765625,
            741.484130859375
        ],
        [
            1046.2239990234375,
            735.028564453125,
            1051.9449462890625,
            746.0698852539062
        ]
    ],
    "scores": [
        0.6651483774185181,
        0.48038995265960693,
        0.053374797105789185
    ]
}