{
    "predicted_boxes": [
        [
            409.0589599609375,
            632.7174072265625,
            468.8779602050781,
            676.6024780273438
        ],
        [
            1137.243896484375,
            631.8514404296875,
            1192.37890625,
            673.4049072265625
        ]
    ],
    "scores": [
        0.9972918629646301,
        0.9953802824020386
    ]
}