{
    "predicted_boxes": [
        [
            1154.4345703125,
            631.3280029296875,
            1201.692626953125,
            673.3931274414062
        ],
        [
            383.6390380859375,
            624.1600952148438,
            438.82354736328125,
            668.3528442382812
        ],
        [
            1086.372314453125,
            721.8823852539062,
            1094.1434326171875,
            735.507080078125
        ]
    ],
    "scores": [
        0.9896873831748962,
        0.9448446035385132,
        0.08083368092775345
    ]
}