{
    "predicted_boxes": [
        [
            935.8212280273438,
            652.3059692382812,
            979.34375,
            676.8545532226562
        ],
        [
            840.4060668945312,
            694.0784301757812,
            890.1322631835938,
            734.306640625
        ],
        [
            903.0588989257812,
            561.7869262695312,
            1008.5010986328125,
            647.4673461914062
        ],
        [
            539.0631713867188,
            27.4424991607666,
            587.80419921875,
            76.15190887451172
        ],
        [
            884.23388671875,
            752.0020141601562,
            897.3258666992188,
            769.517578125
        ],
        [
            686.805419921875,
            71.71426391601562,
            694.38427734375,
            92.69718933105469
        ],
        [
            552.5390014648438,
            71.75711822509766,
            579.194091796875,
            88.3189697265625
        ]
    ],
    "scores": [
        0.9962174296379089,
        0.9960283041000366,
        0.9954017400741577,
        0.9896339178085327,
        0.4170742928981781,
        0.29318633675575256,
        0.0756559893488884
    ]
}