{
    "predicted_boxes": [
        [
            1394.7491455078125,
            625.8682250976562,
            1518.05224609375,
            716.5074462890625
        ],
        [
            1572.3768310546875,
            70.3301010131836,
            1606.01953125,
            107.51715850830078
        ]
    ],
    "scores": [
        0.9967179894447327,
        0.9450837969779968
    ]
}