{
    "predicted_boxes": [
        [
            1102.365966796875,
            454.6934814453125,
            1125.29638671875,
            477.2206115722656
        ],
        [
            242.04534912109375,
            103.23344421386719,
            301.2743225097656,
            153.73965454101562
        ],
        [
            1282.5692138671875,
            460.0478210449219,
            1307.439453125,
            481.5308532714844
        ],
        [
            1882.638916015625,
            754.7149047851562,
            1897.1268310546875,
            769.9944458007812
        ]
    ],
    "scores": [
        0.9582065939903259,
        0.9312528967857361,
        0.5354348421096802,
        0.3134531080722809
    ]
}