{
    "predicted_boxes": [
        [
            1402.179443359375,
            472.8262939453125,
            1565.574462890625,
            590.2190551757812
        ],
        [
            248.1225128173828,
            274.2699279785156,
            287.6190490722656,
            309.65740966796875
        ],
        [
            934.4641723632812,
            474.3266906738281,
            960.669189453125,
            494.4932861328125
        ],
        [
            1282.7584228515625,
            726.0880737304688,
            1289.73486328125,
            738.45654296875
        ],
        [
            1282.571044921875,
            706.1991577148438,
            1291.3221435546875,
            720.5799560546875
        ]
    ],
    "scores": [
        0.9983035326004028,
        0.8086456060409546,
        0.6140108704566956,
        0.3066144287586212,
        0.2800237238407135
    ]
}