{
    "predicted_boxes": [
        [
            645.8587036132812,
            628.5730590820312,
            663.470703125,
            664.1404418945312
        ],
        [
            1012.5325927734375,
            720.732421875,
            1018.6602783203125,
            743.53076171875
        ]
    ],
    "scores": [
        0.9402943849563599,
        0.18090620636940002
    ]
}