{
    "predicted_boxes": [
        [
            470.74560546875,
            568.462158203125,
            507.3335266113281,
            590.6378784179688
        ],
        [
            1226.5240478515625,
            605.532470703125,
            1361.2469482421875,
            630.2807006835938
        ],
        [
            448.46746826171875,
            505.6922912597656,
            529.5682373046875,
            565.5391235351562
        ],
        [
            1057.547119140625,
            558.58203125,
            1092.1728515625,
            592.3955688476562
        ],
        [
            567.9131469726562,
            605.89599609375,
            677.67919921875,
            631.9669799804688
        ],
        [
            1057.78466796875,
            583.3974609375,
            1087.7978515625,
            597.56884765625
        ],
        [
            1059.9974365234375,
            589.0853271484375,
            1085.2901611328125,
            600.6657104492188
        ],
        [
            1161.27001953125,
            539.179931640625,
            1177.0675048828125,
            555.9179077148438
        ],
        [
            588.216796875,
            596.569091796875,
            661.9223022460938,
            609.9251098632812
        ]
    ],
    "scores": [
        0.9975263476371765,
        0.9971534013748169,
        0.9887591600418091,
        0.9792501330375671,
        0.9061437845230103,
        0.8021662831306458,
        0.13438089191913605,
        0.06070774793624878,
        0.05562124773859978
    ]
}