{
    "predicted_boxes": [
        [
            408.89697265625,
            464.3153076171875,
            435.87542724609375,
            485.6461486816406
        ],
        [
            576.3623657226562,
            463.90875244140625,
            604.4447021484375,
            486.34161376953125
        ]
    ],
    "scores": [
        0.246992826461792,
        0.05323626473546028
    ]
}