{
    "predicted_boxes": [
        [
            1540.221923828125,
            613.30859375,
            1612.02685546875,
            671.731201171875
        ],
        [
            955.2069091796875,
            672.8077392578125,
            1089.47265625,
            738.8319702148438
        ],
        [
            991.5404052734375,
            677.2182006835938,
            1052.008056640625,
            694.9942016601562
        ],
        [
            979.0494384765625,
            719.0244140625,
            1058.228271484375,
            737.8256225585938
        ],
        [
            968.0592651367188,
            675.0299072265625,
            1085.64013671875,
            707.8197631835938
        ]
    ],
    "scores": [
        0.998824417591095,
        0.9955496788024902,
        0.4115769863128662,
        0.35540834069252014,
        0.0690290704369545
    ]
}