{
    "predicted_boxes": [
        [
            1099.09228515625,
            653.6941528320312,
            1132.33740234375,
            687.2213134765625
        ],
        [
            558.8758544921875,
            649.7625732421875,
            596.6943969726562,
            683.4092407226562
        ],
        [
            1890.05908203125,
            134.33065795898438,
            1897.8558349609375,
            150.4193878173828
        ],
        [
            1891.3848876953125,
            149.70242309570312,
            1896.1776123046875,
            165.9686279296875
        ],
        [
            1889.744873046875,
            150.49581909179688,
            1893.8299560546875,
            167.11203002929688
        ],
        [
            1061.7833251953125,
            720.7391967773438,
            1066.8800048828125,
            732.8153686523438
        ]
    ],
    "scores": [
        0.9970117807388306,
        0.9917320013046265,
        0.45820528268814087,
        0.10027419030666351,
        0.07110118120908737,
        0.06549196690320969
    ]
}