{
    "predicted_boxes": [
        [
            1050.1907958984375,
            391.6827697753906,
            1084.104248046875,
            423.657470703125
        ],
        [
            816.9769897460938,
            391.7445983886719,
            856.8942260742188,
            423.2115783691406
        ]
    ],
    "scores": [
        0.7699753642082214,
        0.21876612305641174
    ]
}