{
    "predicted_boxes": [
        [
            1266.610107421875,
            87.74553680419922,
            1321.1478271484375,
            132.89244079589844
        ],
        [
            1442.353271484375,
            503.9600830078125,
            1570.001220703125,
            607.828857421875
        ],
        [
            1143.048583984375,
            729.249267578125,
            1151.211181640625,
            744.2606811523438
        ]
    ],
    "scores": [
        0.9966828227043152,
        0.9960972666740417,
        0.16353516280651093
    ]
}