{
    "predicted_boxes": [
        [
            1521.2994384765625,
            656.6989135742188,
            1920.0,
            745.5887451171875
        ],
        [
            1491.5462646484375,
            736.601806640625,
            1920.0,
            829.4024658203125
        ],
        [
            1528.431396484375,
            591.9120483398438,
            1915.75927734375,
            667.72509765625
        ],
        [
            1523.853271484375,
            578.7866821289062,
            1915.1009521484375,
            812.2380981445312
        ],
        [
            1639.8712158203125,
            605.8777465820312,
            1669.02587890625,
            644.2608032226562
        ],
        [
            1678.1451416015625,
            615.6311645507812,
            1697.5418701171875,
            640.4035034179688
        ],
        [
            1503.7484130859375,
            660.0830688476562,
            1920.0,
            873.0947265625
        ]
    ],
    "scores": [
        0.8926178812980652,
        0.5697728991508484,
        0.5559465885162354,
        0.3266524076461792,
        0.2650330662727356,
        0.08065664023160934,
        0.07450290769338608
    ]
}