{
    "predicted_boxes": [
        [
            560.1104736328125,
            377.7586975097656,
            593.2285766601562,
            408.93975830078125
        ],
        [
            793.4673461914062,
            382.474365234375,
            821.5121459960938,
            410.74346923828125
        ],
        [
            1560.463623046875,
            748.9637451171875,
            1578.51953125,
            767.6724853515625
        ],
        [
            1734.7586669921875,
            764.4373779296875,
            1743.8487548828125,
            784.8770751953125
        ],
        [
            1561.939697265625,
            769.0277099609375,
            1573.2061767578125,
            790.4252319335938
        ],
        [
            1490.38427734375,
            773.2444458007812,
            1511.57080078125,
            787.6976318359375
        ],
        [
            1735.625244140625,
            785.6787109375,
            1743.9114990234375,
            802.8458862304688
        ],
        [
            1587.526611328125,
            773.0658569335938,
            1601.8536376953125,
            785.2597045898438
        ],
        [
            1558.7470703125,
            790.59228515625,
            1573.635986328125,
            831.0396728515625
        ]
    ],
    "scores": [
        0.8900726437568665,
        0.8685400485992432,
        0.7306861877441406,
        0.5430285334587097,
        0.3560464680194855,
        0.3391418159008026,
        0.14318937063217163,
        0.07484152913093567,
        0.06537742912769318
    ]
}