{
    "predicted_boxes": [
        [
            1112.2041015625,
            643.809326171875,
            1155.3978271484375,
            678.57275390625
        ],
        [
            504.7655029296875,
            645.1358642578125,
            548.9178466796875,
            680.6234130859375
        ],
        [
            1179.7568359375,
            719.0220336914062,
            1186.982421875,
            730.4098510742188
        ]
    ],
    "scores": [
        0.9946982860565186,
        0.9285270571708679,
        0.09622517973184586
    ]
}