{
    "predicted_boxes": [
        [
            425.4522399902344,
            524.9962768554688,
            447.5263977050781,
            544.6085815429688
        ],
        [
            915.8681030273438,
            723.7448120117188,
            926.7877197265625,
            739.7201538085938
        ]
    ],
    "scores": [
        0.49785372614860535,
        0.42201873660087585
    ]
}