{
    "predicted_boxes": [
        [
            1253.658447265625,
            567.864501953125,
            1352.81494140625,
            647.6786499023438
        ],
        [
            7.442741394042969,
            578.362060546875,
            103.5263442993164,
            651.9046630859375
        ],
        [
            148.3524627685547,
            374.83917236328125,
            185.08009338378906,
            405.1336364746094
        ],
        [
            543.4236450195312,
            732.1126098632812,
            554.84814453125,
            748.6160278320312
        ],
        [
            1269.52392578125,
            732.7334594726562,
            1279.9757080078125,
            748.850830078125
        ]
    ],
    "scores": [
        0.9987955093383789,
        0.996277391910553,
        0.9683903455734253,
        0.05887756496667862,
        0.05393720790743828
    ]
}