{
    "predicted_boxes": [
        [
            1136.4521484375,
            668.8600463867188,
            1211.09521484375,
            682.831787109375
        ],
        [
            1817.200439453125,
            308.9368896484375,
            1920.0,
            466.4875183105469
        ],
        [
            1101.8984375,
            632.5198974609375,
            1111.866943359375,
            652.0130615234375
        ],
        [
            1061.1258544921875,
            627.569091796875,
            1083.5904541015625,
            649.0037841796875
        ],
        [
            335.1827392578125,
            754.67138671875,
            352.1182556152344,
            818.1332397460938
        ],
        [
            687.285888671875,
            664.8963623046875,
            739.5607299804688,
            685.9940185546875
        ],
        [
            685.4017944335938,
            661.83984375,
            709.790283203125,
            684.9154663085938
        ]
    ],
    "scores": [
        0.9786537289619446,
        0.9021095037460327,
        0.871396005153656,
        0.8241623044013977,
        0.390852153301239,
        0.17333808541297913,
        0.054185595363378525
    ]
}