{
    "predicted_boxes": [
        [
            1326.094482421875,
            545.6390991210938,
            1427.6278076171875,
            633.1534423828125
        ],
        [
            1041.644287109375,
            717.8143310546875,
            1051.9381103515625,
            735.3152465820312
        ]
    ],
    "scores": [
        0.9986593723297119,
        0.07176964730024338
    ]
}