{
    "predicted_boxes": [
        [
            294.4783935546875,
            429.11383056640625,
            323.6058349609375,
            454.3460693359375
        ],
        [
            1249.992431640625,
            167.4859161376953,
            1265.2982177734375,
            187.7594757080078
        ],
        [
            702.49560546875,
            708.9929809570312,
            713.8582153320312,
            726.1644897460938
        ]
    ],
    "scores": [
        0.8856486678123474,
        0.1574699431657791,
        0.08178488910198212
    ]
}