{
    "predicted_boxes": [
        [
            539.4075317382812,
            685.480712890625,
            548.3324584960938,
            702.0416870117188
        ],
        [
            437.06170654296875,
            663.1798706054688,
            461.3391418457031,
            685.7220458984375
        ],
        [
            543.6502685546875,
            707.4776000976562,
            550.7999877929688,
            720.0967407226562
        ],
        [
            545.0270385742188,
            715.4737548828125,
            551.3274536132812,
            723.462158203125
        ],
        [
            542.41259765625,
            685.9890747070312,
            550.5814819335938,
            699.29931640625
        ],
        [
            451.5696716308594,
            703.3388061523438,
            459.3279724121094,
            718.8565673828125
        ],
        [
            538.7378540039062,
            689.752685546875,
            546.3008422851562,
            703.9180908203125
        ]
    ],
    "scores": [
        0.9131645560264587,
        0.8758963346481323,
        0.5264511704444885,
        0.16278593242168427,
        0.07611953467130661,
        0.06617821753025055,
        0.05994540825486183
    ]
}