{
    "predicted_boxes": [
        [
            1319.788818359375,
            623.47900390625,
            1395.446044921875,
            684.48486328125
        ],
        [
            313.8145751953125,
            549.8248291015625,
            402.1678771972656,
            623.107666015625
        ],
        [
            321.3982849121094,
            624.4559326171875,
            397.2420654296875,
            683.1729125976562
        ],
        [
            1318.66552734375,
            694.8411865234375,
            1393.9134521484375,
            750.9609985351562
        ],
        [
            321.8671569824219,
            693.608642578125,
            398.90948486328125,
            751.2642822265625
        ],
        [
            1312.1507568359375,
            552.2133178710938,
            1404.9677734375,
            622.1956176757812
        ],
        [
            1130.8404541015625,
            675.9279174804688,
            1179.6185302734375,
            686.7901611328125
        ],
        [
            1068.1536865234375,
            637.60693359375,
            1090.319091796875,
            656.97021484375
        ],
        [
            1313.2862548828125,
            570.1094360351562,
            1401.73583984375,
            739.66552734375
        ],
        [
            318.64630126953125,
            621.5255737304688,
            399.0060119628906,
            741.98681640625
        ],
        [
            605.8289794921875,
            726.4203491210938,
            619.4533081054688,
            744.7701416015625
        ],
        [
            1687.2613525390625,
            758.1763916015625,
            1719.9560546875,
            799.6327514648438
        ]
    ],
    "scores": [
        0.9974939823150635,
        0.9974496960639954,
        0.9944502115249634,
        0.994222104549408,
        0.993878960609436,
        0.9808825850486755,
        0.7605233788490295,
        0.4441397488117218,
        0.2364158183336258,
        0.2324705719947815,
        0.08208717405796051,
        0.0534859262406826
    ]
}