{
    "predicted_boxes": [
        [
            1019.143798828125,
            725.6743774414062,
            1033.81787109375,
            746.8086547851562
        ]
    ],
    "scores": [
        0.1644817441701889
    ]
}