{
    "predicted_boxes": [
        [
            208.85586547851562,
            529.1371459960938,
            314.42901611328125,
            607.2362670898438
        ],
        [
            1372.51904296875,
            690.0763549804688,
            1460.1448974609375,
            755.9104614257812
        ],
        [
            1365.6126708984375,
            527.0309448242188,
            1471.031982421875,
            607.4569702148438
        ],
        [
            1372.810791015625,
            606.0869750976562,
            1462.18310546875,
            681.0010986328125
        ],
        [
            218.745361328125,
            610.4085693359375,
            301.5421447753906,
            679.854248046875
        ],
        [
            221.92320251464844,
            691.9055786132812,
            307.6712341308594,
            748.00732421875
        ],
        [
            1071.10693359375,
            634.1935424804688,
            1094.5421142578125,
            655.6588134765625
        ],
        [
            213.4449005126953,
            549.8936157226562,
            310.7718811035156,
            738.8726806640625
        ],
        [
            1371.78076171875,
            643.638916015625,
            1461.402587890625,
            746.31982421875
        ]
    ],
    "scores": [
        0.9975982308387756,
        0.9965503215789795,
        0.9946146607398987,
        0.991800844669342,
        0.9893817901611328,
        0.984875500202179,
        0.33956030011177063,
        0.1871580332517624,
        0.08248627185821533
    ]
}