{
    "predicted_boxes": [
        [
            1119.2540283203125,
            722.8078002929688,
            1133.185546875,
            743.6598510742188
        ]
    ],
    "scores": [
        0.05679504573345184
    ]
}