{
    "predicted_boxes": [
        [
            1581.356201171875,
            638.3037719726562,
            1634.0816650390625,
            681.6965942382812
        ]
    ],
    "scores": [
        0.996504545211792
    ]
}