{
    "predicted_boxes": [
        [
            1142.8359375,
            653.443115234375,
            1237.1561279296875,
            671.0974731445312
        ],
        [
            1038.42578125,
            608.5332641601562,
            1065.2237548828125,
            637.2570190429688
        ],
        [
            678.7014770507812,
            640.1024780273438,
            760.5604248046875,
            668.8496704101562
        ],
        [
            1096.1563720703125,
            608.8137817382812,
            1108.9334716796875,
            626.95751953125
        ],
        [
            662.0889282226562,
            598.6256103515625,
            713.4849853515625,
            639.416015625
        ],
        [
            1041.160400390625,
            630.54736328125,
            1060.943603515625,
            639.5983276367188
        ],
        [
            675.9620361328125,
            639.6541137695312,
            697.9065551757812,
            654.6301879882812
        ],
        [
            395.3157043457031,
            733.0302734375,
            411.08099365234375,
            753.826416015625
        ],
        [
            675.7158813476562,
            637.9633178710938,
            709.0485229492188,
            665.2556762695312
        ],
        [
            1039.4996337890625,
            623.1378173828125,
            1063.031494140625,
            637.3987426757812
        ]
    ],
    "scores": [
        0.9912176728248596,
        0.9876325130462646,
        0.9784625768661499,
        0.7335302829742432,
        0.7109165191650391,
        0.2882351577281952,
        0.27502506971359253,
        0.21249836683273315,
        0.11686933040618896,
        0.08644233644008636
    ]
}