{
    "predicted_boxes": [
        [
            454.3943786621094,
            646.1765747070312,
            497.8637390136719,
            684.085693359375
        ],
        [
            1887.2525634765625,
            140.791015625,
            1902.669921875,
            165.38108825683594
        ]
    ],
    "scores": [
        0.9568465948104858,
        0.07030176371335983
    ]
}