{
    "predicted_boxes": [
        [
            376.9028625488281,
            332.6651611328125,
            414.1689147949219,
            366.9907531738281
        ],
        [
            644.1481323242188,
            332.13006591796875,
            682.4935913085938,
            366.16668701171875
        ],
        [
            1423.142333984375,
            735.3257446289062,
            1449.8731689453125,
            778.4403076171875
        ],
        [
            1426.25048828125,
            772.2242431640625,
            1446.4862060546875,
            789.4519653320312
        ],
        [
            1716.159423828125,
            759.3111572265625,
            1726.4814453125,
            774.49853515625
        ]
    ],
    "scores": [
        0.9825863838195801,
        0.9585669040679932,
        0.9190698862075806,
        0.5360444784164429,
        0.07889025658369064
    ]
}