{
    "predicted_boxes": [
        [
            1748.703857421875,
            85.89910125732422,
            1774.2227783203125,
            98.12109375
        ],
        [
            1737.7939453125,
            45.25093460083008,
            1788.35986328125,
            88.36174011230469
        ],
        [
            491.3987731933594,
            663.7613525390625,
            525.41650390625,
            696.115966796875
        ],
        [
            957.7186279296875,
            669.0003662109375,
            991.119140625,
            698.3005981445312
        ],
        [
            1763.2286376953125,
            114.59114837646484,
            1810.8304443359375,
            134.77833557128906
        ],
        [
            531.818603515625,
            695.1339111328125,
            558.4578857421875,
            709.509521484375
        ]
    ],
    "scores": [
        0.7570761442184448,
        0.5392426252365112,
        0.520248532295227,
        0.1672126054763794,
        0.1482476443052292,
        0.1388535350561142
    ]
}