{
    "predicted_boxes": [
        [
            1334.1065673828125,
            53.466148376464844,
            1401.657958984375,
            111.68482971191406
        ],
        [
            1350.003173828125,
            107.81546020507812,
            1383.8436279296875,
            127.8951187133789
        ]
    ],
    "scores": [
        0.9961679577827454,
        0.10800532251596451
    ]
}