{
    "predicted_boxes": [
        [
            1887.6632080078125,
            137.82470703125,
            1897.7457275390625,
            172.09117126464844
        ],
        [
            614.3718872070312,
            729.45947265625,
            628.5088500976562,
            756.143310546875
        ]
    ],
    "scores": [
        0.06666982173919678,
        0.0630953386425972
    ]
}