{
    "predicted_boxes": [
        [
            1317.9293212890625,
            647.2012329101562,
            1373.02197265625,
            675.701171875
        ],
        [
            1171.083984375,
            26.149505615234375,
            1219.111572265625,
            70.98341369628906
        ],
        [
            1283.446044921875,
            540.4073486328125,
            1405.340087890625,
            641.2841796875
        ],
        [
            1187.677978515625,
            697.3069458007812,
            1247.1707763671875,
            743.6550903320312
        ],
        [
            1305.4041748046875,
            66.08939361572266,
            1311.9422607421875,
            85.68707275390625
        ],
        [
            1698.4041748046875,
            115.77597045898438,
            1707.5484619140625,
            133.1270294189453
        ],
        [
            1773.65869140625,
            75.60198211669922,
            1790.4046630859375,
            120.60987091064453
        ]
    ],
    "scores": [
        0.9973809123039246,
        0.9955780506134033,
        0.994457483291626,
        0.6365935206413269,
        0.16459326446056366,
        0.06679758429527283,
        0.06511106342077255
    ]
}