{
    "predicted_boxes": [
        [
            4.670994281768799,
            174.79554748535156,
            50.82941818237305,
            221.71774291992188
        ]
    ],
    "scores": [
        0.9689695835113525
    ]
}