{
    "predicted_boxes": [
        [
            1393.418212890625,
            78.37755584716797,
            1439.346435546875,
            120.11458587646484
        ],
        [
            1406.92822265625,
            116.99510955810547,
            1427.84228515625,
            132.1611328125
        ]
    ],
    "scores": [
        0.994333028793335,
        0.41022902727127075
    ]
}