{
    "predicted_boxes": [
        [
            221.67738342285156,
            861.3593139648438,
            242.78915405273438,
            885.1005249023438
        ]
    ],
    "scores": [
        0.8980777859687805
    ]
}