{
    "predicted_boxes": [
        [
            1122.4617919921875,
            664.2776489257812,
            1159.61767578125,
            683.4605712890625
        ],
        [
            1108.146728515625,
            607.1370239257812,
            1176.9071044921875,
            663.3523559570312
        ],
        [
            1234.115234375,
            31.617101669311523,
            1292.3895263671875,
            76.96156311035156
        ],
        [
            0.0,
            653.9522094726562,
            181.19857788085938,
            761.9605712890625
        ],
        [
            1383.6756591796875,
            657.7357788085938,
            1399.885986328125,
            710.9813842773438
        ],
        [
            1811.651611328125,
            323.2826843261719,
            1892.2255859375,
            482.2294006347656
        ],
        [
            1062.7392578125,
            683.3911743164062,
            1078.0826416015625,
            702.7639770507812
        ],
        [
            3.1236610412597656,
            659.6107177734375,
            179.5226287841797,
            706.2405395507812
        ],
        [
            1111.2354736328125,
            718.1812744140625,
            1119.5997314453125,
            733.8905029296875
        ],
        [
            1237.27392578125,
            679.0609741210938,
            1254.9044189453125,
            701.1929931640625
        ],
        [
            1062.8482666015625,
            687.2651977539062,
            1078.997314453125,
            713.8984985351562
        ],
        [
            1238.0537109375,
            695.6058959960938,
            1253.6346435546875,
            714.3157348632812
        ]
    ],
    "scores": [
        0.9977915287017822,
        0.9939790964126587,
        0.9926115870475769,
        0.9908379912376404,
        0.9229788780212402,
        0.5824799537658691,
        0.5481966137886047,
        0.5026643872261047,
        0.30947816371917725,
        0.19651402533054352,
        0.1470247209072113,
        0.057220783084630966
    ]
}