{
    "predicted_boxes": [
        [
            1223.379638671875,
            149.9916534423828,
            1236.8021240234375,
            176.08612060546875
        ]
    ],
    "scores": [
        0.1373392939567566
    ]
}