{
    "predicted_boxes": [
        [
            1138.2808837890625,
            726.70068359375,
            1151.38330078125,
            741.7568359375
        ]
    ],
    "scores": [
        0.07191378623247147
    ]
}