{
    "predicted_boxes": [
        [
            1421.0628662109375,
            58.841339111328125,
            1465.4990234375,
            102.69058227539062
        ],
        [
            1431.5443115234375,
            97.27565002441406,
            1455.521240234375,
            114.0910873413086
        ]
    ],
    "scores": [
        0.9893226027488708,
        0.4578491449356079
    ]
}