{
    "predicted_boxes": [
        [
            541.858154296875,
            705.4043579101562,
            586.6395874023438,
            739.72607421875
        ],
        [
            1079.8326416015625,
            707.40380859375,
            1119.3834228515625,
            741.6145629882812
        ],
        [
            1109.6815185546875,
            776.7864990234375,
            1118.5557861328125,
            792.07470703125
        ]
    ],
    "scores": [
        0.852350115776062,
        0.6662553548812866,
        0.1249137818813324
    ]
}