{
    "predicted_boxes": [
        [
            1245.365966796875,
            34.74121856689453,
            1312.0477294921875,
            89.35456085205078
        ],
        [
            1262.9564208984375,
            91.3060302734375,
            1295.213134765625,
            110.52668762207031
        ],
        [
            1082.716796875,
            592.389404296875,
            1145.3837890625,
            649.4686279296875
        ],
        [
            1067.5279541015625,
            670.8524169921875,
            1103.8363037109375,
            702.0921020507812
        ],
        [
            1099.9273681640625,
            647.0482788085938,
            1131.1534423828125,
            665.835205078125
        ],
        [
            1856.8526611328125,
            94.3260269165039,
            1886.5889892578125,
            129.93006896972656
        ],
        [
            1083.556884765625,
            709.8707275390625,
            1094.4847412109375,
            727.2711181640625
        ],
        [
            1084.555419921875,
            729.72509765625,
            1092.0343017578125,
            750.2112426757812
        ]
    ],
    "scores": [
        0.9952765703201294,
        0.9944570064544678,
        0.9848415851593018,
        0.9726833701133728,
        0.9441580176353455,
        0.9016838073730469,
        0.16048382222652435,
        0.10737664997577667
    ]
}