{
    "predicted_boxes": [
        [
            1355.7183837890625,
            668.8114624023438,
            1576.0537109375,
            709.82373046875
        ],
        [
            258.7474670410156,
            645.0339965820312,
            277.92645263671875,
            693.1096801757812
        ],
        [
            1064.5428466796875,
            619.6552124023438,
            1110.6944580078125,
            659.525634765625
        ],
        [
            1075.8079833984375,
            658.18798828125,
            1096.9630126953125,
            672.3346557617188
        ],
        [
            1049.2630615234375,
            665.3526000976562,
            1063.726806640625,
            695.6909790039062
        ],
        [
            1209.6622314453125,
            657.7898559570312,
            1218.4697265625,
            690.3827514648438
        ],
        [
            1257.1395263671875,
            562.1994018554688,
            1283.16796875,
            615.9110107421875
        ],
        [
            1049.9195556640625,
            665.4727783203125,
            1062.0687255859375,
            681.8895874023438
        ],
        [
            1050.101318359375,
            680.3873291015625,
            1062.5684814453125,
            699.5892333984375
        ],
        [
            939.7085571289062,
            678.3528442382812,
            982.172607421875,
            693.6800537109375
        ],
        [
            932.4463500976562,
            695.7088012695312,
            987.7366943359375,
            716.54052734375
        ],
        [
            1432.617919921875,
            673.21142578125,
            1543.483154296875,
            704.287109375
        ],
        [
            1248.0469970703125,
            611.1122436523438,
            1281.185302734375,
            628.8601684570312
        ],
        [
            1051.2274169921875,
            687.974853515625,
            1061.2042236328125,
            700.5584106445312
        ]
    ],
    "scores": [
        0.9995039701461792,
        0.991663932800293,
        0.9895986318588257,
        0.9357431530952454,
        0.8927810192108154,
        0.8371336460113525,
        0.6984171867370605,
        0.5710897445678711,
        0.3177362084388733,
        0.26085165143013,
        0.19255147874355316,
        0.15970081090927124,
        0.10506318509578705,
        0.09831386804580688
    ]
}