{
    "predicted_boxes": [
        [
            656.0046997070312,
            362.765869140625,
            694.9734497070312,
            398.2435302734375
        ],
        [
            909.43408203125,
            351.21014404296875,
            947.8958129882812,
            387.6490478515625
        ]
    ],
    "scores": [
        0.6204493641853333,
        0.40091878175735474
    ]
}