{
    "predicted_boxes": [
        [
            691.8558959960938,
            788.9037475585938,
            725.8363037109375,
            814.9877319335938
        ],
        [
            692.6099243164062,
            758.5929565429688,
            724.1257934570312,
            784.7059936523438
        ],
        [
            1160.375,
            757.5692138671875,
            1188.7626953125,
            784.5943603515625
        ],
        [
            890.3060302734375,
            745.8709716796875,
            913.0843505859375,
            763.8006591796875
        ],
        [
            686.6677856445312,
            726.181884765625,
            729.2556762695312,
            777.0158081054688
        ],
        [
            804.983154296875,
            766.1544189453125,
            867.275390625,
            782.7691040039062
        ],
        [
            1159.42529296875,
            788.4224853515625,
            1184.67431640625,
            812.7184448242188
        ],
        [
            1156.306396484375,
            723.5609130859375,
            1198.2249755859375,
            758.833740234375
        ],
        [
            1078.33154296875,
            737.18310546875,
            1094.5411376953125,
            750.2156372070312
        ],
        [
            1119.56787109375,
            767.0026245117188,
            1154.62060546875,
            779.5075073242188
        ],
        [
            1156.5684814453125,
            737.6118774414062,
            1196.938720703125,
            782.3193969726562
        ],
        [
            807.000732421875,
            767.4847412109375,
            857.5755004882812,
            777.2159423828125
        ],
        [
            844.3724975585938,
            767.4464721679688,
            861.63623046875,
            784.244873046875
        ],
        [
            787.55615234375,
            806.888671875,
            793.1658935546875,
            819.0758056640625
        ],
        [
            872.6529541015625,
            763.6312255859375,
            888.9165649414062,
            778.2139892578125
        ],
        [
            688.9571533203125,
            738.1856079101562,
            727.6868286132812,
            805.8407592773438
        ]
    ],
    "scores": [
        0.9981260895729065,
        0.9757217764854431,
        0.974141001701355,
        0.8980832695960999,
        0.807752788066864,
        0.7594383358955383,
        0.6720103621482849,
        0.6159643530845642,
        0.5787469148635864,
        0.5324032306671143,
        0.24575765430927277,
        0.21530389785766602,
        0.13752993941307068,
        0.10600382089614868,
        0.09573840349912643,
        0.054001323878765106
    ]
}