{
    "predicted_boxes": [
        [
            565.0599975585938,
            456.4873962402344,
            592.1073608398438,
            478.978515625
        ]
    ],
    "scores": [
        0.4309242367744446
    ]
}