{
    "predicted_boxes": [
        [
            1206.2242431640625,
            6.085410118103027,
            1278.501220703125,
            68.4146957397461
        ],
        [
            1220.78125,
            68.79639434814453,
            1258.723876953125,
            92.1094970703125
        ],
        [
            1047.3011474609375,
            616.4472045898438,
            1107.0606689453125,
            669.9644165039062
        ],
        [
            1061.322021484375,
            667.766357421875,
            1090.214599609375,
            685.487548828125
        ],
        [
            1038.0865478515625,
            690.8242797851562,
            1069.2398681640625,
            716.2938842773438
        ],
        [
            1224.303955078125,
            70.51168060302734,
            1244.06103515625,
            90.146728515625
        ],
        [
            1230.465576171875,
            67.6458511352539,
            1254.1785888671875,
            108.08080291748047
        ],
        [
            1881.7269287109375,
            79.47229766845703,
            1914.1036376953125,
            112.61692810058594
        ]
    ],
    "scores": [
        0.9902462959289551,
        0.9862887859344482,
        0.9856011271476746,
        0.972615122795105,
        0.9562453627586365,
        0.5446302890777588,
        0.1259700357913971,
        0.05458230897784233
    ]
}