{
    "predicted_boxes": [
        [
            1735.172119140625,
            641.5263061523438,
            1920.0,
            714.869140625
        ],
        [
            1111.6087646484375,
            637.3678588867188,
            1143.7403564453125,
            655.6786499023438
        ],
        [
            1331.8558349609375,
            631.5685424804688,
            1344.04052734375,
            680.554931640625
        ],
        [
            1094.197265625,
            584.4017944335938,
            1162.2310791015625,
            636.737060546875
        ],
        [
            1576.696533203125,
            407.78460693359375,
            1629.7542724609375,
            517.4161376953125
        ],
        [
            1061.015869140625,
            665.1555786132812,
            1074.2681884765625,
            681.2725830078125
        ],
        [
            1061.0654296875,
            654.2133178710938,
            1074.4910888671875,
            673.399169921875
        ],
        [
            1568.127197265625,
            52.99408721923828,
            1595.2333984375,
            95.48116302490234
        ],
        [
            1061.70556640625,
            675.2782592773438,
            1073.2642822265625,
            688.3825073242188
        ]
    ],
    "scores": [
        0.9997099041938782,
        0.9915140271186829,
        0.9755503535270691,
        0.9500335454940796,
        0.7426692247390747,
        0.4595932066440582,
        0.30749988555908203,
        0.07577529549598694,
        0.054017603397369385
    ]
}