{
    "predicted_boxes": [
        [
            587.814697265625,
            615.2357788085938,
            614.3557739257812,
            631.205810546875
        ],
        [
            1180.888427734375,
            638.682373046875,
            1294.023681640625,
            658.4076538085938
        ],
        [
            570.5109252929688,
            562.80908203125,
            633.127685546875,
            615.140625
        ],
        [
            1123.783203125,
            583.7107543945312,
            1141.036376953125,
            601.165283203125
        ],
        [
            1047.5245361328125,
            591.208984375,
            1077.9105224609375,
            619.1464233398438
        ],
        [
            626.887451171875,
            625.06494140625,
            719.5619506835938,
            644.3317260742188
        ],
        [
            588.960693359375,
            622.629638671875,
            614.4197998046875,
            632.7659912109375
        ],
        [
            1030.172119140625,
            639.4078369140625,
            1039.7698974609375,
            652.4732055664062
        ],
        [
            1122.7779541015625,
            580.8799438476562,
            1143.6966552734375,
            611.1090087890625
        ],
        [
            1171.1654052734375,
            608.5521240234375,
            1181.976806640625,
            622.0537719726562
        ]
    ],
    "scores": [
        0.9951775074005127,
        0.9917663931846619,
        0.9879176020622253,
        0.9481267929077148,
        0.9461329579353333,
        0.788390576839447,
        0.0900508314371109,
        0.08600223064422607,
        0.07134375721216202,
        0.06784798204898834
    ]
}