{
    "predicted_boxes": [
        [
            1119.4886474609375,
            657.2799682617188,
            1154.449951171875,
            674.5275268554688
        ],
        [
            0.5407943725585938,
            646.0439453125,
            220.27481079101562,
            742.5629272460938
        ],
        [
            1104.0029296875,
            600.2296142578125,
            1167.5804443359375,
            656.5835571289062
        ],
        [
            1365.7164306640625,
            651.0365600585938,
            1380.700927734375,
            701.0086059570312
        ],
        [
            1720.2850341796875,
            355.100341796875,
            1792.1630859375,
            501.3717041015625
        ],
        [
            1062.028076171875,
            673.5491943359375,
            1077.7064208984375,
            691.0560913085938
        ],
        [
            3.8296706676483154,
            650.2183837890625,
            215.80392456054688,
            700.1962890625
        ],
        [
            1212.7139892578125,
            36.3314208984375,
            1269.77783203125,
            84.29633331298828
        ],
        [
            1062.5684814453125,
            683.6076049804688,
            1078.1221923828125,
            698.7071533203125
        ]
    ],
    "scores": [
        0.9979009628295898,
        0.9940624833106995,
        0.9853962063789368,
        0.9724193811416626,
        0.8007475137710571,
        0.7266021966934204,
        0.5741634368896484,
        0.47842761874198914,
        0.24649180471897125
    ]
}