{
    "predicted_boxes": [
        [
            1113.4940185546875,
            629.9387817382812,
            1480.2926025390625,
            700.5399780273438
        ],
        [
            1100.46044921875,
            685.2099609375,
            1475.28955078125,
            751.7416381835938
        ],
        [
            1073.96533203125,
            740.0154418945312,
            1449.619873046875,
            820.9000244140625
        ],
        [
            1089.194091796875,
            660.2402954101562,
            1471.75732421875,
            798.3181762695312
        ],
        [
            1191.87158203125,
            644.2437744140625,
            1214.78564453125,
            676.5374755859375
        ]
    ],
    "scores": [
        0.9614948630332947,
        0.8392744660377502,
        0.5775600671768188,
        0.38456991314888,
        0.21134814620018005
    ]
}