{
    "predicted_boxes": [
        [
            1156.035400390625,
            775.3007202148438,
            1179.6943359375,
            794.0576782226562
        ],
        [
            1155.28857421875,
            748.5416259765625,
            1182.318603515625,
            773.98828125
        ],
        [
            1153.522216796875,
            730.0778198242188,
            1184.0140380859375,
            766.5551147460938
        ],
        [
            904.9446411132812,
            756.3153686523438,
            914.6299438476562,
            773.74658203125
        ],
        [
            1561.45263671875,
            779.5968627929688,
            1572.99169921875,
            793.3350830078125
        ],
        [
            1119.779296875,
            781.068359375,
            1129.6878662109375,
            794.778564453125
        ],
        [
            1562.43603515625,
            779.31591796875,
            1571.4639892578125,
            807.5895385742188
        ],
        [
            1221.725830078125,
            769.0209350585938,
            1266.9134521484375,
            784.1746826171875
        ]
    ],
    "scores": [
        0.997394323348999,
        0.9827624559402466,
        0.40392425656318665,
        0.35172390937805176,
        0.102269247174263,
        0.08970563113689423,
        0.06939172744750977,
        0.06128426641225815
    ]
}