{
    "predicted_boxes": [
        [
            1.7048341035842896,
            717.6256103515625,
            193.81515502929688,
            776.6610717773438
        ],
        [
            1.3352495431900024,
            607.4974975585938,
            233.11903381347656,
            668.61669921875
        ],
        [
            82.44702911376953,
            627.9282836914062,
            101.87892150878906,
            652.904052734375
        ],
        [
            0.0,
            605.4105834960938,
            230.90296936035156,
            767.6737060546875
        ]
    ],
    "scores": [
        0.5302687287330627,
        0.3699662387371063,
        0.33576706051826477,
        0.30755218863487244
    ]
}