{
    "predicted_boxes": [
        [
            521.2400512695312,
            652.1697387695312,
            575.3990478515625,
            699.1368408203125
        ],
        [
            517.8976440429688,
            607.124755859375,
            579.1632690429688,
            651.958740234375
        ],
        [
            1208.86962890625,
            653.8624267578125,
            1264.295166015625,
            697.2952270507812
        ],
        [
            1203.9500732421875,
            604.1865234375,
            1272.1112060546875,
            653.2369995117188
        ],
        [
            755.8935546875,
            677.5845947265625,
            817.426025390625,
            698.8262329101562
        ],
        [
            523.0098266601562,
            702.9773559570312,
            576.0584106445312,
            742.9488525390625
        ],
        [
            787.9747924804688,
            678.591552734375,
            814.779541015625,
            699.3281860351562
        ],
        [
            837.02587890625,
            654.2341918945312,
            879.7609252929688,
            687.6061401367188
        ],
        [
            1209.670166015625,
            704.133544921875,
            1260.1453857421875,
            744.9293823242188
        ],
        [
            1115.569580078125,
            677.9032592773438,
            1147.6873779296875,
            693.0516357421875
        ],
        [
            798.5536499023438,
            683.5663452148438,
            815.5269775390625,
            699.1055297851562
        ],
        [
            1062.268310546875,
            644.9482421875,
            1082.2178955078125,
            661.539794921875
        ],
        [
            805.58203125,
            683.6054077148438,
            817.8262939453125,
            698.2306518554688
        ],
        [
            830.5148315429688,
            667.1810913085938,
            846.0134887695312,
            682.6365966796875
        ]
    ],
    "scores": [
        0.982094943523407,
        0.9789327383041382,
        0.9769147634506226,
        0.9744954705238342,
        0.78911292552948,
        0.7173653841018677,
        0.6818183064460754,
        0.5749422907829285,
        0.3094797134399414,
        0.12477216869592667,
        0.08604321628808975,
        0.08501412719488144,
        0.0786193385720253,
        0.0680803433060646
    ]
}