{
    "predicted_boxes": [
        [
            1485.697998046875,
            71.25605010986328,
            1520.2589111328125,
            97.93856811523438
        ]
    ],
    "scores": [
        0.05803707614541054
    ]
}