{
    "predicted_boxes": [
        [
            1005.5593872070312,
            727.3367919921875,
            1015.5617065429688,
            742.733642578125
        ],
        [
            1007.5150146484375,
            738.695068359375,
            1015.6585083007812,
            758.5929565429688
        ]
    ],
    "scores": [
        0.2184818983078003,
        0.07740402221679688
    ]
}