{
    "predicted_boxes": [
        [
            832.5596923828125,
            444.71575927734375,
            917.1358032226562,
            589.6297607421875
        ],
        [
            838.239990234375,
            474.316650390625,
            860.71240234375,
            538.9630737304688
        ]
    ],
    "scores": [
        0.9991913437843323,
        0.11754517257213593
    ]
}