{
    "predicted_boxes": [
        [
            1399.634765625,
            669.3517456054688,
            1673.9041748046875,
            714.1115112304688
        ],
        [
            1069.7998046875,
            614.832275390625,
            1118.9847412109375,
            658.8432006835938
        ],
        [
            1081.6767578125,
            657.9354858398438,
            1107.5238037109375,
            671.95947265625
        ],
        [
            330.3139343261719,
            656.580810546875,
            497.1543884277344,
            704.1522827148438
        ],
        [
            1298.9046630859375,
            547.306640625,
            1325.9163818359375,
            604.205810546875
        ],
        [
            1503.8271484375,
            671.1956176757812,
            1608.530029296875,
            709.5068969726562
        ],
        [
            1052.84228515625,
            666.9121704101562,
            1066.370849609375,
            682.7579956054688
        ],
        [
            1232.2825927734375,
            658.2520141601562,
            1240.1512451171875,
            690.9091796875
        ],
        [
            1201.6597900390625,
            663.4630126953125,
            1219.54052734375,
            681.387939453125
        ],
        [
            158.06898498535156,
            637.8374633789062,
            181.89657592773438,
            693.7923583984375
        ],
        [
            1299.68798828125,
            584.505615234375,
            1323.70654296875,
            603.0470581054688
        ],
        [
            745.4891967773438,
            704.6648559570312,
            751.822265625,
            721.1205444335938
        ]
    ],
    "scores": [
        0.9985103011131287,
        0.9925294518470764,
        0.9906816482543945,
        0.7217445969581604,
        0.48952195048332214,
        0.39250725507736206,
        0.3507360816001892,
        0.265009343624115,
        0.21328701078891754,
        0.10894449800252914,
        0.0820312425494194,
        0.06390946358442307
    ]
}