{
    "predicted_boxes": [
        [
            1172.3515625,
            638.9215698242188,
            1272.9923095703125,
            658.2867431640625
        ],
        [
            1045.16455078125,
            591.7952270507812,
            1073.735595703125,
            619.1704711914062
        ],
        [
            1118.304931640625,
            589.1832275390625,
            1132.8673095703125,
            608.8890991210938
        ],
        [
            1121.920166015625,
            622.251220703125,
            1130.432861328125,
            641.4810791015625
        ],
        [
            646.46875,
            624.6708984375,
            731.2993774414062,
            658.3574829101562
        ],
        [
            1165.62744140625,
            606.5745239257812,
            1177.925537109375,
            621.8629150390625
        ],
        [
            1120.9273681640625,
            612.7166748046875,
            1129.81298828125,
            638.4140014648438
        ],
        [
            1119.309814453125,
            609.3720703125,
            1130.392333984375,
            625.0358276367188
        ],
        [
            1170.8172607421875,
            641.014892578125,
            1277.525634765625,
            676.84814453125
        ],
        [
            1030.4932861328125,
            635.908935546875,
            1040.0341796875,
            648.1165771484375
        ]
    ],
    "scores": [
        0.9949251413345337,
        0.9419156908988953,
        0.8563838005065918,
        0.7524057030677795,
        0.6855082511901855,
        0.16883978247642517,
        0.16352511942386627,
        0.08306485414505005,
        0.08096814155578613,
        0.05693962052464485
    ]
}