{
    "predicted_boxes": [
        [
            1126.8271484375,
            620.4202880859375,
            1159.385009765625,
            639.7474975585938
        ],
        [
            1109.2708740234375,
            561.4669189453125,
            1176.3692626953125,
            620.275390625
        ],
        [
            0.39114513993263245,
            610.5523071289062,
            182.68357849121094,
            705.6969604492188
        ],
        [
            1384.53662109375,
            614.3348388671875,
            1402.7027587890625,
            666.7471923828125
        ],
        [
            1234.295654296875,
            77.65377807617188,
            1293.7720947265625,
            119.80785369873047
        ],
        [
            1821.7274169921875,
            275.0401611328125,
            1900.0167236328125,
            438.5149841308594
        ],
        [
            1053.9326171875,
            674.853759765625,
            1062.275390625,
            703.5491333007812
        ],
        [
            1062.45751953125,
            638.1039428710938,
            1077.656005859375,
            654.8011474609375
        ],
        [
            1112.1895751953125,
            671.0723876953125,
            1118.254150390625,
            690.7308349609375
        ]
    ],
    "scores": [
        0.9966128468513489,
        0.9935988187789917,
        0.9841210246086121,
        0.9453025460243225,
        0.529347836971283,
        0.4763038754463196,
        0.2904389202594757,
        0.13395027816295624,
        0.12653090059757233
    ]
}