{
    "predicted_boxes": [
        [
            291.8324890136719,
            613.4263305664062,
            364.5964050292969,
            670.1863403320312
        ],
        [
            1169.07763671875,
            609.5668334960938,
            1240.5699462890625,
            662.9410400390625
        ],
        [
            494.355712890625,
            433.8805236816406,
            522.3792724609375,
            461.35430908203125
        ]
    ],
    "scores": [
        0.9973342418670654,
        0.9948325157165527,
        0.8843586444854736
    ]
}