{
    "predicted_boxes": [
        [
            1338.796875,
            659.3245849609375,
            1552.42822265625,
            696.3795776367188
        ],
        [
            1073.022216796875,
            647.9046020507812,
            1097.1103515625,
            663.3386840820312
        ],
        [
            1063.4349365234375,
            610.2725219726562,
            1108.3349609375,
            649.5285034179688
        ],
        [
            1049.714111328125,
            657.1422119140625,
            1063.0623779296875,
            672.1666870117188
        ],
        [
            945.2222900390625,
            669.1211547851562,
            981.0692138671875,
            682.3311157226562
        ],
        [
            1243.01513671875,
            584.3190307617188,
            1267.4947509765625,
            607.342041015625
        ],
        [
            1051.7579345703125,
            654.7584838867188,
            1065.0833740234375,
            667.2744140625
        ],
        [
            1047.4984130859375,
            654.97314453125,
            1066.5169677734375,
            681.7314453125
        ],
        [
            1049.52734375,
            666.5372924804688,
            1064.544189453125,
            681.1323852539062
        ],
        [
            1204.637939453125,
            648.7488403320312,
            1211.04541015625,
            680.8126831054688
        ],
        [
            1049.839599609375,
            673.2245483398438,
            1064.4591064453125,
            684.6504516601562
        ],
        [
            945.5565795898438,
            674.1753540039062,
            978.814453125,
            685.4427490234375
        ],
        [
            1218.862548828125,
            588.934814453125,
            1239.589111328125,
            606.4766235351562
        ],
        [
            1219.73095703125,
            599.5919189453125,
            1248.216552734375,
            616.47607421875
        ]
    ],
    "scores": [
        0.9992733597755432,
        0.9938982725143433,
        0.9831305742263794,
        0.9450230598449707,
        0.8230260014533997,
        0.6533722281455994,
        0.4434771239757538,
        0.2997558116912842,
        0.2956000566482544,
        0.2842898666858673,
        0.2598508894443512,
        0.07816538959741592,
        0.0678774043917656,
        0.05056888982653618
    ]
}