{
    "predicted_boxes": [
        [
            1441.94140625,
            622.1829223632812,
            1802.8348388671875,
            712.2909545898438
        ],
        [
            1517.216064453125,
            633.360595703125,
            1541.0460205078125,
            661.325927734375
        ],
        [
            1505.249755859375,
            690.1695556640625,
            1531.4769287109375,
            719.58154296875
        ],
        [
            1420.5025634765625,
            721.0673828125,
            1768.4964599609375,
            796.8688354492188
        ],
        [
            1420.888427734375,
            614.018798828125,
            1807.7679443359375,
            789.4833374023438
        ]
    ],
    "scores": [
        0.851628303527832,
        0.08246166259050369,
        0.06882533431053162,
        0.06853493303060532,
        0.05361822620034218
    ]
}