{
    "predicted_boxes": [
        [
            1339.4127197265625,
            76.03604125976562,
            1380.6220703125,
            111.9435806274414
        ]
    ],
    "scores": [
        0.7304472327232361
    ]
}