{
    "predicted_boxes": [
        [
            523.3134765625,
            716.2769165039062,
            530.661376953125,
            733.7362670898438
        ],
        [
            1043.895751953125,
            158.13768005371094,
            1082.6329345703125,
            199.25430297851562
        ]
    ],
    "scores": [
        0.1369933784008026,
        0.06217807158827782
    ]
}