{
    "predicted_boxes": [
        [
            1362.4156494140625,
            41.522335052490234,
            1402.638427734375,
            69.06893920898438
        ],
        [
            1813.0748291015625,
            95.99590301513672,
            1822.7779541015625,
            114.5538330078125
        ],
        [
            1871.420166015625,
            9.4655122756958,
            1918.58349609375,
            62.368408203125
        ]
    ],
    "scores": [
        0.3847416639328003,
        0.1227358877658844,
        0.07389195263385773
    ]
}