{
    "predicted_boxes": [
        [
            1651.454345703125,
            621.0823364257812,
            1695.2275390625,
            657.81640625
        ]
    ],
    "scores": [
        0.9705173969268799
    ]
}