{
    "predicted_boxes": [
        [
            405.505126953125,
            413.35882568359375,
            439.0736083984375,
            443.340576171875
        ],
        [
            640.0942993164062,
            404.1155700683594,
            673.6316528320312,
            434.75360107421875
        ],
        [
            901.2042236328125,
            766.8849487304688,
            926.2067260742188,
            799.6801147460938
        ]
    ],
    "scores": [
        0.823753833770752,
        0.4058074951171875,
        0.1121821179986
    ]
}