{
    "predicted_boxes": [
        [
            1279.0787353515625,
            44.017948150634766,
            1357.236083984375,
            107.77328491210938
        ],
        [
            1296.8289794921875,
            106.39115142822266,
            1333.8743896484375,
            130.4872283935547
        ],
        [
            473.8075256347656,
            664.6437377929688,
            582.06591796875,
            722.624267578125
        ]
    ],
    "scores": [
        0.9963133931159973,
        0.9950029253959656,
        0.22652539610862732
    ]
}