{
    "predicted_boxes": [
        [
            1552.1646728515625,
            611.788818359375,
            1622.9227294921875,
            671.9679565429688
        ],
        [
            958.2603759765625,
            671.3375244140625,
            1092.0914306640625,
            738.3046264648438
        ],
        [
            980.9588012695312,
            720.2589111328125,
            1058.002197265625,
            736.5286254882812
        ],
        [
            990.5845336914062,
            674.2306518554688,
            1060.8697509765625,
            693.4088745117188
        ],
        [
            972.6560668945312,
            673.0062255859375,
            1086.82763671875,
            710.0552978515625
        ]
    ],
    "scores": [
        0.9990988969802856,
        0.9945715069770813,
        0.3496951162815094,
        0.2715528607368469,
        0.14129264652729034
    ]
}