{
    "predicted_boxes": [
        [
            1574.298583984375,
            637.20068359375,
            1627.944580078125,
            679.2937622070312
        ],
        [
            1178.4119873046875,
            673.4456787109375,
            1281.105712890625,
            732.17138671875
        ]
    ],
    "scores": [
        0.9970090985298157,
        0.969337522983551
    ]
}