{
    "predicted_boxes": [
        [
            1320.2462158203125,
            25.901914596557617,
            1356.437255859375,
            63.22499084472656
        ],
        [
            1754.8455810546875,
            13.982124328613281,
            1810.394775390625,
            57.70473861694336
        ],
        [
            1709.09619140625,
            75.90837860107422,
            1719.6260986328125,
            93.18697357177734
        ],
        [
            1364.2357177734375,
            74.48495483398438,
            1442.8116455078125,
            95.70709991455078
        ],
        [
            1381.601318359375,
            77.01087951660156,
            1419.9853515625,
            93.50836944580078
        ]
    ],
    "scores": [
        0.9635831713676453,
        0.7683660984039307,
        0.3641499876976013,
        0.09951109439134598,
        0.057525455951690674
    ]
}