{
    "predicted_boxes": [
        [
            1115.1968994140625,
            650.7774047851562,
            1462.244140625,
            719.451416015625
        ],
        [
            1103.7314453125,
            647.2366943359375,
            1467.2606201171875,
            778.75634765625
        ],
        [
            1081.9749755859375,
            766.4561157226562,
            1428.2203369140625,
            835.2982177734375
        ],
        [
            1314.2457275390625,
            671.7989501953125,
            1335.902099609375,
            700.6278076171875
        ],
        [
            1190.4017333984375,
            664.6583251953125,
            1211.169677734375,
            694.5626831054688
        ],
        [
            1281.8426513671875,
            669.5851440429688,
            1301.210205078125,
            696.4091796875
        ],
        [
            1237.9195556640625,
            670.85546875,
            1253.7652587890625,
            696.1394653320312
        ],
        [
            1179.59375,
            727.8587646484375,
            1202.3193359375,
            753.5020141601562
        ],
        [
            1215.3780517578125,
            670.4815063476562,
            1233.3028564453125,
            695.0867309570312
        ],
        [
            1259.3851318359375,
            667.8927612304688,
            1275.4161376953125,
            695.49169921875
        ]
    ],
    "scores": [
        0.9601282477378845,
        0.8497444987297058,
        0.8363824486732483,
        0.40329575538635254,
        0.2222074568271637,
        0.18175053596496582,
        0.13894928991794586,
        0.13749036192893982,
        0.13391776382923126,
        0.07428040355443954
    ]
}