{
    "predicted_boxes": [
        [
            443.2029113769531,
            729.44482421875,
            462.0870666503906,
            756.4007568359375
        ],
        [
            445.13494873046875,
            751.4527587890625,
            459.1560363769531,
            782.5172729492188
        ]
    ],
    "scores": [
        0.8040331602096558,
        0.0939522236585617
    ]
}