{
    "predicted_boxes": [
        [
            1255.78173828125,
            416.1224365234375,
            1416.953125,
            550.5833740234375
        ],
        [
            937.2298583984375,
            196.826171875,
            972.1184692382812,
            232.98257446289062
        ],
        [
            701.08154296875,
            712.2765502929688,
            711.0156860351562,
            730.5152587890625
        ],
        [
            701.8233642578125,
            733.2506713867188,
            709.5845336914062,
            751.8002319335938
        ]
    ],
    "scores": [
        0.9989325404167175,
        0.9006714224815369,
        0.2377825826406479,
        0.10460641980171204
    ]
}