{
    "predicted_boxes": [
        [
            1125.043701171875,
            677.7698364257812,
            1512.3104248046875,
            750.0462036132812
        ],
        [
            1132.0592041015625,
            622.6788330078125,
            1513.2532958984375,
            691.6973266601562
        ],
        [
            1094.7100830078125,
            741.5797729492188,
            1471.20703125,
            817.1965942382812
        ],
        [
            1120.28173828125,
            612.140380859375,
            1498.644775390625,
            794.1036376953125
        ],
        [
            1216.9468994140625,
            637.2277221679688,
            1238.6878662109375,
            666.55126953125
        ]
    ],
    "scores": [
        0.9223657250404358,
        0.9083316326141357,
        0.8308939933776855,
        0.4020015299320221,
        0.12098271399736404
    ]
}