{
    "predicted_boxes": [
        [
            1716.12109375,
            11.538759231567383,
            1764.9393310546875,
            51.03250503540039
        ],
        [
            1282.715087890625,
            20.721004486083984,
            1317.9371337890625,
            54.94428253173828
        ],
        [
            1636.7596435546875,
            0.9958142638206482,
            1679.1627197265625,
            42.590213775634766
        ],
        [
            1237.9224853515625,
            71.96614837646484,
            1244.5260009765625,
            95.39620208740234
        ],
        [
            1667.1810302734375,
            66.9056396484375,
            1679.7845458984375,
            82.21485137939453
        ],
        [
            1766.080078125,
            33.230751037597656,
            1792.3150634765625,
            63.48451614379883
        ],
        [
            1237.5101318359375,
            89.88406372070312,
            1244.188232421875,
            102.23835754394531
        ],
        [
            1238.0419921875,
            84.91476440429688,
            1245.51806640625,
            100.1771469116211
        ],
        [
            1338.634033203125,
            72.94803619384766,
            1406.76220703125,
            93.31814575195312
        ]
    ],
    "scores": [
        0.9861169457435608,
        0.9619314670562744,
        0.4144885838031769,
        0.2772352993488312,
        0.1729811131954193,
        0.16345150768756866,
        0.09923869371414185,
        0.07148703187704086,
        0.06434384733438492
    ]
}