{
    "predicted_boxes": [
        [
            1061.787841796875,
            726.035888671875,
            1074.21728515625,
            743.2584228515625
        ],
        [
            534.0410766601562,
            518.1403198242188,
            556.5956420898438,
            536.7191162109375
        ]
    ],
    "scores": [
        0.06913574039936066,
        0.06088586896657944
    ]
}