{
    "predicted_boxes": [
        [
            1285.91162109375,
            640.1249389648438,
            1454.42041015625,
            673.80908203125
        ],
        [
            1053.403076171875,
            596.9846801757812,
            1093.9420166015625,
            629.5819091796875
        ],
        [
            1060.7021484375,
            629.4158935546875,
            1086.520751953125,
            642.1805419921875
        ],
        [
            69.70477294921875,
            882.7865600585938,
            86.1598129272461,
            903.7994995117188
        ],
        [
            405.9531555175781,
            621.4009399414062,
            419.0740966796875,
            659.9141235351562
        ],
        [
            1199.1917724609375,
            555.1920166015625,
            1216.9234619140625,
            573.4816284179688
        ],
        [
            197.79702758789062,
            575.2913818359375,
            262.62225341796875,
            603.272216796875
        ],
        [
            472.6620178222656,
            633.0081176757812,
            591.007080078125,
            675.9974365234375
        ],
        [
            1198.912841796875,
            575.20556640625,
            1216.2996826171875,
            594.9547119140625
        ],
        [
            482.4239501953125,
            631.5811157226562,
            583.0653686523438,
            656.7577514648438
        ]
    ],
    "scores": [
        0.9897626638412476,
        0.694915771484375,
        0.6717460751533508,
        0.47027918696403503,
        0.33052316308021545,
        0.1878395676612854,
        0.15148645639419556,
        0.13140352070331573,
        0.1090504452586174,
        0.08224768936634064
    ]
}