{
    "predicted_boxes": [
        [
            1428.6475830078125,
            68.87076568603516,
            1464.639892578125,
            98.91360473632812
        ]
    ],
    "scores": [
        0.9456634521484375
    ]
}