{
    "predicted_boxes": [
        [
            1092.7493896484375,
            233.9456329345703,
            1143.8555908203125,
            276.558837890625
        ],
        [
            171.26220703125,
            677.6851806640625,
            199.570556640625,
            702.9627685546875
        ],
        [
            1426.967529296875,
            229.8450927734375,
            1472.243896484375,
            270.7250061035156
        ]
    ],
    "scores": [
        0.9468467831611633,
        0.31376609206199646,
        0.10775042325258255
    ]
}