{
    "predicted_boxes": [
        [
            583.7265625,
            704.028564453125,
            618.7368774414062,
            733.61181640625
        ],
        [
            1071.384765625,
            707.7846069335938,
            1104.4364013671875,
            733.8518676757812
        ],
        [
            1096.68408203125,
            765.3103637695312,
            1103.6121826171875,
            783.4603881835938
        ]
    ],
    "scores": [
        0.9825552701950073,
        0.9440430402755737,
        0.052999693900346756
    ]
}