{
    "predicted_boxes": [
        [
            405.0478515625,
            643.15966796875,
            449.77752685546875,
            680.5691528320312
        ],
        [
            233.51577758789062,
            478.4075622558594,
            260.8298645019531,
            501.599609375
        ]
    ],
    "scores": [
        0.9946295022964478,
        0.5390732884407043
    ]
}