{
    "predicted_boxes": [
        [
            1416.466552734375,
            83.42015838623047,
            1469.42041015625,
            126.09455871582031
        ],
        [
            17.827335357666016,
            626.1570434570312,
            409.7277526855469,
            834.5567016601562
        ],
        [
            1702.697265625,
            184.5753631591797,
            1743.0579833984375,
            197.3600311279297
        ]
    ],
    "scores": [
        0.9771851897239685,
        0.06402507424354553,
        0.05559682473540306
    ]
}