{
    "predicted_boxes": [
        [
            578.0216064453125,
            657.559814453125,
            616.0091552734375,
            686.5869750976562
        ],
        [
            136.98439025878906,
            449.80279541015625,
            165.54649353027344,
            476.1388244628906
        ],
        [
            597.236572265625,
            659.168701171875,
            616.5349731445312,
            682.6963500976562
        ]
    ],
    "scores": [
        0.8697912693023682,
        0.6874045729637146,
        0.17083710432052612
    ]
}