{
    "predicted_boxes": [
        [
            1631.6817626953125,
            670.425048828125,
            1917.6484375,
            735.0844116210938
        ],
        [
            119.59585571289062,
            657.4740600585938,
            346.64471435546875,
            731.0216674804688
        ],
        [
            1090.3707275390625,
            614.2977905273438,
            1149.025146484375,
            663.6484375
        ],
        [
            1103.8831787109375,
            663.8671264648438,
            1134.3419189453125,
            679.0065307617188
        ],
        [
            1805.2091064453125,
            670.0231323242188,
            1919.4835205078125,
            731.6375122070312
        ],
        [
            1046.5821533203125,
            711.6909790039062,
            1055.8712158203125,
            735.5280151367188
        ],
        [
            1484.714599609375,
            470.9582214355469,
            1525.4947509765625,
            562.449462890625
        ],
        [
            95.29265594482422,
            880.0961303710938,
            103.36666107177734,
            894.5098876953125
        ],
        [
            1057.3250732421875,
            676.3086547851562,
            1071.9053955078125,
            691.7625122070312
        ],
        [
            1302.8985595703125,
            657.6845092773438,
            1313.4671630859375,
            704.7035522460938
        ],
        [
            1227.4571533203125,
            140.17567443847656,
            1244.366455078125,
            158.7410430908203
        ],
        [
            96.51895904541016,
            883.5318603515625,
            101.19068145751953,
            892.86474609375
        ],
        [
            96.61357879638672,
            879.85498046875,
            102.1042709350586,
            890.2020874023438
        ],
        [
            1725.014892578125,
            676.3021240234375,
            1764.61669921875,
            723.1182861328125
        ]
    ],
    "scores": [
        0.999453604221344,
        0.9945158362388611,
        0.987065851688385,
        0.9770407676696777,
        0.7843546867370605,
        0.581989049911499,
        0.4899352192878723,
        0.4303058683872223,
        0.3895226716995239,
        0.20128466188907623,
        0.11831671744585037,
        0.11480136960744858,
        0.08783024549484253,
        0.08162256330251694
    ]
}