{
    "predicted_boxes": [
        [
            1211.67041015625,
            666.9259033203125,
            1308.365478515625,
            722.4988403320312
        ],
        [
            1592.3046875,
            633.3532104492188,
            1645.5888671875,
            672.8958129882812
        ]
    ],
    "scores": [
        0.9931814074516296,
        0.9459476470947266
    ]
}