{
    "predicted_boxes": [
        [
            1372.6502685546875,
            23.81641387939453,
            1418.3388671875,
            88.06239318847656
        ]
    ],
    "scores": [
        0.10224884003400803
    ]
}