{
    "predicted_boxes": [
        [
            1333.5921630859375,
            662.3684692382812,
            1544.5748291015625,
            700.2395629882812
        ],
        [
            1071.7454833984375,
            651.796630859375,
            1095.7777099609375,
            666.900634765625
        ],
        [
            1062.8316650390625,
            613.6976318359375,
            1108.622314453125,
            653.2940673828125
        ],
        [
            1049.4287109375,
            660.26416015625,
            1063.4747314453125,
            674.2413940429688
        ],
        [
            1239.569091796875,
            560.5339965820312,
            1262.3824462890625,
            608.468505859375
        ],
        [
            1239.707763671875,
            590.8671875,
            1262.510498046875,
            608.8004760742188
        ],
        [
            464.50860595703125,
            657.0726928710938,
            534.2914428710938,
            682.5977783203125
        ],
        [
            1220.7552490234375,
            592.3690795898438,
            1237.4130859375,
            608.8975219726562
        ],
        [
            1049.610107421875,
            668.9856567382812,
            1063.6099853515625,
            682.12109375
        ],
        [
            1073.9644775390625,
            658.252685546875,
            1094.40185546875,
            669.0885620117188
        ],
        [
            1415.98388671875,
            665.3930053710938,
            1502.3714599609375,
            697.9451904296875
        ],
        [
            1200.24072265625,
            652.50390625,
            1208.5965576171875,
            683.4343872070312
        ],
        [
            1049.924072265625,
            664.1728515625,
            1061.2105712890625,
            677.80908203125
        ],
        [
            1051.466064453125,
            657.265625,
            1060.198486328125,
            666.8949584960938
        ],
        [
            1045.1190185546875,
            659.6221923828125,
            1066.31201171875,
            687.5673828125
        ]
    ],
    "scores": [
        0.9990795850753784,
        0.9920430779457092,
        0.9762968420982361,
        0.8564520478248596,
        0.8461220264434814,
        0.4774514436721802,
        0.2706250250339508,
        0.21996474266052246,
        0.16158469021320343,
        0.151209756731987,
        0.11499334126710892,
        0.06404992192983627,
        0.06085788831114769,
        0.058027442544698715,
        0.05094324052333832
    ]
}