{
    "predicted_boxes": [
        [
            886.9227905273438,
            309.76019287109375,
            928.6937866210938,
            344.6624450683594
        ]
    ],
    "scores": [
        0.6943957805633545
    ]
}