{
    "predicted_boxes": [
        [
            975.6945190429688,
            725.8988037109375,
            989.4955444335938,
            741.6567993164062
        ],
        [
            976.5762329101562,
            738.6915283203125,
            987.2029418945312,
            757.0674438476562
        ]
    ],
    "scores": [
        0.43476617336273193,
        0.053335271775722504
    ]
}