{
    "predicted_boxes": [
        [
            1343.0177001953125,
            33.27338790893555,
            1378.976806640625,
            69.41605377197266
        ],
        [
            1380.18896484375,
            80.03836059570312,
            1461.276123046875,
            106.05653381347656
        ],
        [
            1787.8973388671875,
            23.917451858520508,
            1842.1341552734375,
            64.09846496582031
        ],
        [
            1279.8983154296875,
            84.62811279296875,
            1285.2635498046875,
            106.27989959716797
        ],
        [
            1380.9949951171875,
            67.7433853149414,
            1458.2803955078125,
            87.80264282226562
        ],
        [
            1393.34619140625,
            85.78279876708984,
            1446.64453125,
            103.56795501708984
        ]
    ],
    "scores": [
        0.8138315081596375,
        0.6834081411361694,
        0.315693736076355,
        0.29614657163619995,
        0.10010915994644165,
        0.08539244532585144
    ]
}