{
    "predicted_boxes": [
        [
            1651.1356201171875,
            620.8749389648438,
            1695.7745361328125,
            658.529052734375
        ]
    ],
    "scores": [
        0.9612265825271606
    ]
}