{
    "predicted_boxes": [
        [
            1892.9019775390625,
            691.396240234375,
            1919.43505859375,
            715.3235473632812
        ],
        [
            1284.0604248046875,
            74.02090454101562,
            1326.8660888671875,
            110.24720001220703
        ]
    ],
    "scores": [
        0.759821891784668,
        0.6195569634437561
    ]
}