{
    "predicted_boxes": [
        [
            1721.447998046875,
            647.6868896484375,
            1918.985107421875,
            716.0595092773438
        ],
        [
            1108.8994140625,
            643.0142211914062,
            1141.9815673828125,
            660.1950073242188
        ],
        [
            1094.47607421875,
            590.6748657226562,
            1159.947998046875,
            643.1553955078125
        ],
        [
            1326.73291015625,
            637.034912109375,
            1340.4959716796875,
            686.5200805664062
        ],
        [
            1059.605224609375,
            659.3328857421875,
            1073.8558349609375,
            673.19580078125
        ],
        [
            1327.61181640625,
            563.2037353515625,
            1367.2760009765625,
            618.7913208007812
        ],
        [
            1566.767333984375,
            415.9759826660156,
            1615.839111328125,
            524.2615966796875
        ],
        [
            1059.8963623046875,
            673.1702880859375,
            1073.376953125,
            690.9451293945312
        ]
    ],
    "scores": [
        0.9987780451774597,
        0.9886314272880554,
        0.9645530581474304,
        0.933733344078064,
        0.6297795176506042,
        0.32259637117385864,
        0.258888304233551,
        0.07790640741586685
    ]
}