{
    "predicted_boxes": [
        [
            354.0146484375,
            694.0911254882812,
            406.0367431640625,
            740.8677978515625
        ],
        [
            1131.360107421875,
            695.989501953125,
            1182.9180908203125,
            741.3844604492188
        ],
        [
            548.3344116210938,
            792.8701171875,
            554.8204956054688,
            816.0877075195312
        ],
        [
            812.9522705078125,
            794.22705078125,
            819.6629638671875,
            813.9664916992188
        ]
    ],
    "scores": [
        0.9895132184028625,
        0.9745782017707825,
        0.11822567880153656,
        0.06627832353115082
    ]
}