{
    "predicted_boxes": [
        [
            1263.79248046875,
            560.42822265625,
            1372.4486083984375,
            640.4102783203125
        ],
        [
            0.0,
            572.7224731445312,
            61.92738342285156,
            646.6305541992188
        ],
        [
            130.09979248046875,
            366.8968200683594,
            165.0762176513672,
            396.401123046875
        ],
        [
            373.9224548339844,
            367.8307189941406,
            404.630859375,
            393.021240234375
        ],
        [
            531.5528564453125,
            732.2412719726562,
            544.09130859375,
            748.4158935546875
        ],
        [
            1.0025553703308105,
            585.2964477539062,
            47.19414520263672,
            634.5416259765625
        ]
    ],
    "scores": [
        0.9977722764015198,
        0.9947299957275391,
        0.9504537582397461,
        0.8136453628540039,
        0.18431393802165985,
        0.057382408529520035
    ]
}