{
    "predicted_boxes": [
        [
            616.2286376953125,
            679.5679321289062,
            649.4697265625,
            707.6812133789062
        ],
        [
            708.4380493164062,
            746.746826171875,
            715.2617797851562,
            765.5011596679688
        ],
        [
            1052.7239990234375,
            732.0640869140625,
            1059.2513427734375,
            750.366943359375
        ],
        [
            1209.242431640625,
            702.001953125,
            1221.757080078125,
            718.0219116210938
        ],
        [
            1053.4173583984375,
            747.1743774414062,
            1060.216796875,
            764.7705078125
        ]
    ],
    "scores": [
        0.7620974779129028,
        0.28401780128479004,
        0.2009001225233078,
        0.16457754373550415,
        0.11331337690353394
    ]
}