{
    "predicted_boxes": [
        [
            264.0532531738281,
            856.8697509765625,
            289.7803039550781,
            880.9259033203125
        ]
    ],
    "scores": [
        0.3920530676841736
    ]
}