{
    "predicted_boxes": [
        [
            1120.482177734375,
            650.6963500976562,
            1151.5838623046875,
            669.77197265625
        ],
        [
            1357.697998046875,
            640.1292114257812,
            1373.7838134765625,
            694.6268920898438
        ],
        [
            1102.9716796875,
            595.8899536132812,
            1166.0950927734375,
            651.611083984375
        ],
        [
            31.321643829345703,
            647.853759765625,
            233.3531951904297,
            734.5789794921875
        ],
        [
            1691.61328125,
            365.2455749511719,
            1757.4671630859375,
            503.4411315917969
        ],
        [
            1355.0855712890625,
            563.974609375,
            1399.6065673828125,
            623.9872436523438
        ],
        [
            1048.7850341796875,
            702.96142578125,
            1058.0279541015625,
            715.4905395507812
        ]
    ],
    "scores": [
        0.9978234767913818,
        0.968070387840271,
        0.949891209602356,
        0.8013766407966614,
        0.4820176064968109,
        0.40850830078125,
        0.15379124879837036
    ]
}