{
    "predicted_boxes": [
        [
            418.5843505859375,
            667.4719848632812,
            452.99560546875,
            698.016357421875
        ]
    ],
    "scores": [
        0.3411851227283478
    ]
}