{
    "predicted_boxes": [
        [
            1648.776611328125,
            627.95849609375,
            1692.206787109375,
            665.3670043945312
        ]
    ],
    "scores": [
        0.967948853969574
    ]
}