{
    "predicted_boxes": [
        [
            1756.482666015625,
            639.6670532226562,
            1920.0,
            711.9608764648438
        ],
        [
            1114.226318359375,
            634.1856079101562,
            1145.821044921875,
            652.4161376953125
        ],
        [
            1098.64453125,
            580.7777099609375,
            1162.0517578125,
            634.9846801757812
        ],
        [
            1336.373291015625,
            630.9239501953125,
            1347.0911865234375,
            676.2139892578125
        ],
        [
            1060.8602294921875,
            652.0087890625,
            1074.7294921875,
            668.96337890625
        ],
        [
            1593.3524169921875,
            394.7608947753906,
            1645.340087890625,
            509.9582214355469
        ],
        [
            1565.875,
            50.12354278564453,
            1595.0999755859375,
            108.80583190917969
        ],
        [
            997.1570434570312,
            668.369384765625,
            1035.926025390625,
            681.0018920898438
        ],
        [
            1029.1048583984375,
            671.6887817382812,
            1041.84228515625,
            684.213134765625
        ],
        [
            1060.6517333984375,
            664.1124267578125,
            1074.0701904296875,
            678.7869873046875
        ],
        [
            1051.4993896484375,
            692.87109375,
            1058.38037109375,
            711.15625
        ],
        [
            1061.6385498046875,
            675.126708984375,
            1073.4234619140625,
            688.387939453125
        ],
        [
            1051.5238037109375,
            685.7026977539062,
            1059.0478515625,
            706.6242065429688
        ]
    ],
    "scores": [
        0.9996770620346069,
        0.9822866320610046,
        0.9775146842002869,
        0.8513461947441101,
        0.5981181263923645,
        0.5351181030273438,
        0.3459019362926483,
        0.17447851598262787,
        0.12435612827539444,
        0.11454254388809204,
        0.09392229467630386,
        0.07538848370313644,
        0.07265458256006241
    ]
}