{
    "predicted_boxes": [
        [
            955.7073974609375,
            652.2941284179688,
            1121.4449462890625,
            739.6182861328125
        ],
        [
            963.260986328125,
            653.9260864257812,
            1128.9549560546875,
            699.3419799804688
        ],
        [
            1004.4352416992188,
            658.3867797851562,
            1075.9029541015625,
            682.7674560546875
        ]
    ],
    "scores": [
        0.9930358529090881,
        0.7030147314071655,
        0.06436081975698471
    ]
}