{
    "predicted_boxes": [
        [
            330.6312561035156,
            485.8001403808594,
            448.170654296875,
            612.8297729492188
        ],
        [
            337.2681579589844,
            513.6497192382812,
            369.4261169433594,
            570.3543090820312
        ]
    ],
    "scores": [
        0.9994612336158752,
        0.10505463182926178
    ]
}