{
    "predicted_boxes": [
        [
            1122.358154296875,
            664.2809448242188,
            1159.733154296875,
            683.6488647460938
        ],
        [
            1108.2528076171875,
            607.1103515625,
            1176.56640625,
            663.6422729492188
        ],
        [
            1234.1787109375,
            31.56585693359375,
            1292.4151611328125,
            76.90463256835938
        ],
        [
            1383.709228515625,
            657.6129760742188,
            1399.8828125,
            711.2117309570312
        ],
        [
            96.37359619140625,
            878.3385009765625,
            107.27922058105469,
            892.0274658203125
        ],
        [
            1063.5316162109375,
            683.1314697265625,
            1076.6641845703125,
            697.5331420898438
        ],
        [
            1066.9124755859375,
            711.1324462890625,
            1077.7999267578125,
            725.7491455078125
        ],
        [
            1062.3927001953125,
            684.246337890625,
            1078.644287109375,
            706.0122680664062
        ],
        [
            1812.8875732421875,
            323.5694885253906,
            1892.150634765625,
            480.79730224609375
        ],
        [
            1064.3887939453125,
            694.581298828125,
            1079.21435546875,
            717.8033447265625
        ],
        [
            1112.15185546875,
            720.002197265625,
            1118.5635986328125,
            733.2114868164062
        ],
        [
            1237.3927001953125,
            678.6305541992188,
            1254.8868408203125,
            702.6370239257812
        ],
        [
            1054.7808837890625,
            719.371337890625,
            1063.0535888671875,
            738.3413696289062
        ],
        [
            8.269279479980469,
            663.0800170898438,
            299.57000732421875,
            764.2465209960938
        ],
        [
            1065.978271484375,
            715.4219360351562,
            1075.7823486328125,
            728.2446899414062
        ]
    ],
    "scores": [
        0.9973914623260498,
        0.9942704439163208,
        0.9918181896209717,
        0.9285067319869995,
        0.6353349089622498,
        0.6198722124099731,
        0.5731896758079529,
        0.5481078028678894,
        0.476951539516449,
        0.35733911395072937,
        0.3011458218097687,
        0.29146698117256165,
        0.1372978538274765,
        0.1362975537776947,
        0.07963506877422333
    ]
}