{
    "predicted_boxes": [
        [
            1400.8619384765625,
            97.68099975585938,
            1436.4036865234375,
            127.58177185058594
        ]
    ],
    "scores": [
        0.8154449462890625
    ]
}