{
    "predicted_boxes": [
        [
            1036.82763671875,
            607.988037109375,
            1063.8778076171875,
            635.7667236328125
        ],
        [
            1136.52490234375,
            653.666259765625,
            1234.4337158203125,
            671.39697265625
        ],
        [
            668.5950927734375,
            600.4249267578125,
            715.4774780273438,
            642.9219970703125
        ],
        [
            694.9319458007812,
            640.7252197265625,
            755.2814331054688,
            667.1566162109375
        ],
        [
            1097.0689697265625,
            611.1923828125,
            1107.477294921875,
            626.3462524414062
        ],
        [
            431.63262939453125,
            619.357666015625,
            489.9471740722656,
            667.3640747070312
        ],
        [
            1045.23779296875,
            633.5501708984375,
            1055.9732666015625,
            644.9190673828125
        ],
        [
            412.6579284667969,
            733.2372436523438,
            428.844482421875,
            750.643798828125
        ]
    ],
    "scores": [
        0.9916477203369141,
        0.9756303429603577,
        0.8962623476982117,
        0.7890170216560364,
        0.5673214197158813,
        0.1589813381433487,
        0.1141241118311882,
        0.08487242460250854
    ]
}