{
    "predicted_boxes": [
        [
            1599.9739990234375,
            630.4741821289062,
            1649.39111328125,
            671.3110961914062
        ],
        [
            1226.330322265625,
            665.5857543945312,
            1320.513427734375,
            722.673095703125
        ],
        [
            1234.736572265625,
            665.8963012695312,
            1319.1328125,
            695.7586669921875
        ]
    ],
    "scores": [
        0.9860286116600037,
        0.9717854261398315,
        0.23944024741649628
    ]
}