{
    "predicted_boxes": [
        [
            160.10324096679688,
            676.3427124023438,
            185.33338928222656,
            698.4664916992188
        ]
    ],
    "scores": [
        0.45208054780960083
    ]
}