{
    "predicted_boxes": [
        [
            979.9124755859375,
            279.6929931640625,
            1025.8157958984375,
            318.3160400390625
        ],
        [
            100.91764831542969,
            689.4613647460938,
            126.6402587890625,
            715.9090576171875
        ],
        [
            1281.6898193359375,
            268.7554931640625,
            1322.694091796875,
            308.2440185546875
        ]
    ],
    "scores": [
        0.9880750775337219,
        0.7977107167243958,
        0.2977096438407898
    ]
}