{
    "predicted_boxes": [
        [
            1364.9146728515625,
            54.408626556396484,
            1404.847900390625,
            94.68558502197266
        ],
        [
            1820.1064453125,
            109.40008544921875,
            1831.727783203125,
            127.54156494140625
        ]
    ],
    "scores": [
        0.3753054440021515,
        0.32592806220054626
    ]
}