{
    "predicted_boxes": [
        [
            1271.6724853515625,
            568.8316650390625,
            1358.8819580078125,
            649.3499755859375
        ],
        [
            9.757529258728027,
            568.875,
            109.36636352539062,
            640.254638671875
        ]
    ],
    "scores": [
        0.9991149306297302,
        0.9934377074241638
    ]
}