{
    "predicted_boxes": [
        [
            1422.3270263671875,
            607.3428344726562,
            1569.344970703125,
            718.5977783203125
        ],
        [
            1622.4332275390625,
            73.20800018310547,
            1654.7171630859375,
            104.69342803955078
        ],
        [
            1695.282470703125,
            100.83001708984375,
            1702.3179931640625,
            116.25871276855469
        ]
    ],
    "scores": [
        0.9975900650024414,
        0.983220100402832,
        0.7393863201141357
    ]
}