{
    "predicted_boxes": [
        [
            1105.8404541015625,
            649.817138671875,
            1144.2933349609375,
            685.396484375
        ],
        [
            531.5223999023438,
            646.1358642578125,
            572.0927734375,
            680.1992797851562
        ],
        [
            1106.4405517578125,
            654.6708374023438,
            1130.9295654296875,
            682.4208374023438
        ],
        [
            1122.141845703125,
            656.0707397460938,
            1146.2420654296875,
            680.792236328125
        ]
    ],
    "scores": [
        0.9957203269004822,
        0.9846766591072083,
        0.16880229115486145,
        0.0796281173825264
    ]
}