{
    "predicted_boxes": [
        [
            1123.2327880859375,
            664.2703857421875,
            1158.4146728515625,
            683.1488647460938
        ],
        [
            1109.3878173828125,
            606.8367309570312,
            1176.45556640625,
            664.0335083007812
        ],
        [
            1234.0174560546875,
            31.6995792388916,
            1292.5914306640625,
            76.78831481933594
        ],
        [
            0.0,
            653.9837036132812,
            181.21705627441406,
            762.0123901367188
        ],
        [
            1383.679931640625,
            657.7733154296875,
            1399.88671875,
            711.0231323242188
        ],
        [
            1111.51611328125,
            718.4645385742188,
            1119.001220703125,
            732.5767211914062
        ],
        [
            1811.5931396484375,
            323.2355041503906,
            1892.15625,
            481.97564697265625
        ],
        [
            1062.8756103515625,
            683.6393432617188,
            1078.10693359375,
            701.9312744140625
        ],
        [
            3.1927218437194824,
            659.600830078125,
            179.4066925048828,
            706.2384643554688
        ],
        [
            1237.227294921875,
            679.0016479492188,
            1254.834228515625,
            701.0836791992188
        ],
        [
            1063.8360595703125,
            693.75341796875,
            1079.0579833984375,
            712.1068115234375
        ],
        [
            1060.9866943359375,
            683.5049438476562,
            1080.0941162109375,
            712.8482055664062
        ],
        [
            792.9296264648438,
            718.7099609375,
            799.3948974609375,
            731.7603149414062
        ],
        [
            1068.886474609375,
            714.5465698242188,
            1086.561279296875,
            728.8184204101562
        ]
    ],
    "scores": [
        0.9975038170814514,
        0.9926396608352661,
        0.9912830591201782,
        0.9905638694763184,
        0.9162247776985168,
        0.5680595636367798,
        0.5659797787666321,
        0.5601229667663574,
        0.5127492547035217,
        0.21335375308990479,
        0.19074119627475739,
        0.13913778960704803,
        0.07134208083152771,
        0.055279914289712906
    ]
}