{
    "predicted_boxes": [
        [
            967.80029296875,
            364.0263977050781,
            1003.9805297851562,
            396.5555725097656
        ],
        [
            712.8483276367188,
            360.7131652832031,
            754.7120361328125,
            395.91986083984375
        ]
    ],
    "scores": [
        0.7931616306304932,
        0.08694620430469513
    ]
}