{
    "predicted_boxes": [
        [
            1682.6824951171875,
            347.4795227050781,
            1916.5054931640625,
            544.8403930664062
        ]
    ],
    "scores": [
        0.9008625745773315
    ]
}