{
    "predicted_boxes": [
        [
            1035.4263916015625,
            610.056884765625,
            1063.42333984375,
            636.9404907226562
        ],
        [
            1093.322021484375,
            611.282958984375,
            1104.635986328125,
            628.8185424804688
        ],
        [
            1137.7928466796875,
            653.9920043945312,
            1229.016357421875,
            670.9827270507812
        ],
        [
            446.2569274902344,
            729.3372192382812,
            458.498779296875,
            748.944580078125
        ],
        [
            675.8013916015625,
            603.181640625,
            722.7379150390625,
            643.3472900390625
        ],
        [
            687.2338256835938,
            643.07275390625,
            764.1922607421875,
            665.2904052734375
        ],
        [
            1042.4573974609375,
            635.91064453125,
            1054.450927734375,
            644.0625610351562
        ]
    ],
    "scores": [
        0.98834627866745,
        0.7914345860481262,
        0.6401916742324829,
        0.4495149254798889,
        0.31417542695999146,
        0.2722947895526886,
        0.0892118588089943
    ]
}