{
    "predicted_boxes": [
        [
            592.8480224609375,
            473.7540283203125,
            618.1317749023438,
            495.51953125
        ],
        [
            88.05272674560547,
            673.6885986328125,
            112.91324615478516,
            704.7420043945312
        ],
        [
            1268.5157470703125,
            733.3356323242188,
            1286.620849609375,
            756.67236328125
        ]
    ],
    "scores": [
        0.23315463960170746,
        0.15604807436466217,
        0.0653478354215622
    ]
}