{
    "predicted_boxes": [
        [
            1360.9110107421875,
            651.7767944335938,
            1403.3572998046875,
            689.5645141601562
        ],
        [
            1365.1871337890625,
            700.0156860351562,
            1387.78662109375,
            721.98828125
        ],
        [
            1365.2216796875,
            730.5430297851562,
            1373.32177734375,
            746.7456665039062
        ],
        [
            1365.9169921875,
            702.0045166015625,
            1378.3607177734375,
            720.7158813476562
        ]
    ],
    "scores": [
        0.9956697225570679,
        0.9706907868385315,
        0.0673433244228363,
        0.06409337371587753
    ]
}