{
    "predicted_boxes": [
        [
            1729.5531005859375,
            88.70936584472656,
            1747.3031005859375,
            103.28134155273438
        ],
        [
            445.25640869140625,
            659.5238647460938,
            465.960693359375,
            706.8753051757812
        ],
        [
            1077.4364013671875,
            675.856201171875,
            1384.4241943359375,
            769.8026123046875
        ],
        [
            690.6083984375,
            691.5254516601562,
            712.5850219726562,
            708.8811645507812
        ]
    ],
    "scores": [
        0.40136492252349854,
        0.25517967343330383,
        0.1553531438112259,
        0.058869618922472
    ]
}