{
    "predicted_boxes": [
        [
            1367.820556640625,
            67.44808197021484,
            1412.68603515625,
            105.0009536743164
        ]
    ],
    "scores": [
        0.1343664824962616
    ]
}