{
    "predicted_boxes": [
        [
            1122.0859375,
            664.4826049804688,
            1159.3017578125,
            683.193603515625
        ],
        [
            1234.216064453125,
            31.375747680664062,
            1292.5333251953125,
            77.20187377929688
        ],
        [
            1108.4483642578125,
            607.2176513671875,
            1176.5008544921875,
            663.241943359375
        ],
        [
            0.0,
            654.3423461914062,
            181.12811279296875,
            761.5891723632812
        ],
        [
            1383.6251220703125,
            657.4592895507812,
            1400.155517578125,
            710.8580322265625
        ],
        [
            3.009078025817871,
            659.5501098632812,
            179.80186462402344,
            705.0514526367188
        ],
        [
            1812.9466552734375,
            323.46905517578125,
            1892.459716796875,
            480.74554443359375
        ],
        [
            98.38350677490234,
            877.708740234375,
            107.83558654785156,
            889.4347534179688
        ],
        [
            1063.174560546875,
            682.329833984375,
            1077.849609375,
            700.2655639648438
        ],
        [
            1062.513671875,
            683.1478271484375,
            1079.355224609375,
            712.3761596679688
        ],
        [
            100.45861053466797,
            878.7108154296875,
            106.98761749267578,
            886.976318359375
        ],
        [
            1236.873291015625,
            678.8309936523438,
            1255.245849609375,
            702.7883911132812
        ],
        [
            99.12413024902344,
            881.9721069335938,
            106.33573150634766,
            891.6223754882812
        ]
    ],
    "scores": [
        0.9973660111427307,
        0.9931445121765137,
        0.9927793145179749,
        0.9906432032585144,
        0.96302729845047,
        0.5834057927131653,
        0.5273093581199646,
        0.3898089826107025,
        0.26888489723205566,
        0.20087189972400665,
        0.1191505640745163,
        0.11332467943429947,
        0.06418341398239136
    ]
}