{
    "predicted_boxes": [
        [
            1721.5128173828125,
            583.6857299804688,
            1816.5133056640625,
            655.8108520507812
        ],
        [
            956.9405517578125,
            663.0401611328125,
            1106.6378173828125,
            739.350830078125
        ],
        [
            962.0447387695312,
            665.0477905273438,
            1112.0999755859375,
            702.3667602539062
        ],
        [
            1004.1419677734375,
            671.1482543945312,
            1057.16357421875,
            688.689697265625
        ],
        [
            974.1033935546875,
            717.9457397460938,
            1090.4744873046875,
            740.0094604492188
        ],
        [
            987.7018432617188,
            667.0005493164062,
            1075.2821044921875,
            688.4812622070312
        ]
    ],
    "scores": [
        0.9992188215255737,
        0.9967969059944153,
        0.5713310241699219,
        0.16936853528022766,
        0.13682903349399567,
        0.13060027360916138
    ]
}