{
    "predicted_boxes": [
        [
            557.3406372070312,
            452.84173583984375,
            584.8051147460938,
            476.5374450683594
        ],
        [
            379.1820983886719,
            452.4250183105469,
            409.1142272949219,
            476.9325256347656
        ]
    ],
    "scores": [
        0.7092940807342529,
        0.24059811234474182
    ]
}