{
    "predicted_boxes": [
        [
            1488.07568359375,
            626.659423828125,
            1550.5867919921875,
            675.7047729492188
        ],
        [
            976.78564453125,
            674.7128295898438,
            1097.7601318359375,
            736.691650390625
        ],
        [
            171.6448974609375,
            597.6017456054688,
            207.6913604736328,
            657.0091552734375
        ]
    ],
    "scores": [
        0.9965691566467285,
        0.9932904243469238,
        0.5348972082138062
    ]
}