{
    "predicted_boxes": [
        [
            529.3460693359375,
            684.0857543945312,
            548.3308715820312,
            702.8253173828125
        ]
    ],
    "scores": [
        0.2764998972415924
    ]
}