{
    "predicted_boxes": [
        [
            1249.0277099609375,
            602.75,
            1650.8189697265625,
            674.7197265625
        ],
        [
            1217.9716796875,
            729.0988159179688,
            1610.5770263671875,
            807.949951171875
        ],
        [
            1244.1007080078125,
            630.1778564453125,
            1654.2342529296875,
            727.33642578125
        ],
        [
            1317.5390625,
            684.282958984375,
            1346.0411376953125,
            718.88330078125
        ],
        [
            1223.56640625,
            651.8283081054688,
            1634.445068359375,
            795.1820068359375
        ],
        [
            1329.62939453125,
            613.806640625,
            1356.9710693359375,
            651.0220336914062
        ],
        [
            1476.509521484375,
            623.7212524414062,
            1497.849853515625,
            654.0073852539062
        ],
        [
            1360.9407958984375,
            623.4385375976562,
            1379.2152099609375,
            648.1517333984375
        ]
    ],
    "scores": [
        0.9309982657432556,
        0.8052365183830261,
        0.6462836265563965,
        0.195276141166687,
        0.1672631949186325,
        0.1447215974330902,
        0.08623772859573364,
        0.0701311007142067
    ]
}