{
    "predicted_boxes": [
        [
            1203.7052001953125,
            0.3460253179073334,
            1263.6610107421875,
            66.42776489257812
        ],
        [
            1201.9320068359375,
            70.08936309814453,
            1238.208740234375,
            95.93450164794922
        ],
        [
            1633.949462890625,
            500.73980712890625,
            1858.724365234375,
            672.3082885742188
        ],
        [
            22.074691772460938,
            869.3031616210938,
            43.39057540893555,
            890.2096557617188
        ],
        [
            1647.839111328125,
            100.56755065917969,
            1677.810302734375,
            130.6903076171875
        ],
        [
            1204.5281982421875,
            72.89067077636719,
            1216.4962158203125,
            93.09491729736328
        ]
    ],
    "scores": [
        0.9976143836975098,
        0.9945900440216064,
        0.9438583254814148,
        0.8325585126876831,
        0.4784702658653259,
        0.3701551556587219
    ]
}