{
    "predicted_boxes": [
        [
            770.5403442382812,
            748.1731567382812,
            802.7550048828125,
            777.8323974609375
        ],
        [
            769.1904296875,
            726.38671875,
            804.3823852539062,
            775.7007446289062
        ],
        [
            773.8899536132812,
            780.5288696289062,
            800.1000366210938,
            803.4188232421875
        ],
        [
            770.8087158203125,
            724.9518432617188,
            803.331787109375,
            752.2045288085938
        ],
        [
            324.78289794921875,
            786.1732177734375,
            336.12640380859375,
            809.7500610351562
        ]
    ],
    "scores": [
        0.9650780558586121,
        0.796360194683075,
        0.7758062481880188,
        0.52640700340271,
        0.4154709279537201
    ]
}