{
    "predicted_boxes": [
        [
            1488.0755615234375,
            626.6276245117188,
            1550.5855712890625,
            675.7620239257812
        ],
        [
            976.73828125,
            674.623779296875,
            1097.71142578125,
            736.7152099609375
        ],
        [
            171.63661193847656,
            597.5842895507812,
            207.70596313476562,
            657.0018310546875
        ]
    ],
    "scores": [
        0.9966199398040771,
        0.9940760135650635,
        0.5317594408988953
    ]
}