{
    "predicted_boxes": [
        [
            1615.5771484375,
            669.483154296875,
            1920.0,
            732.5350341796875
        ],
        [
            132.25399780273438,
            659.0860595703125,
            357.9728088378906,
            733.7193603515625
        ],
        [
            1101.3614501953125,
            661.8292236328125,
            1131.0557861328125,
            678.0191650390625
        ],
        [
            1088.33984375,
            611.6897583007812,
            1149.0673828125,
            662.1190795898438
        ],
        [
            1470.1015625,
            475.6160583496094,
            1511.260498046875,
            567.0953979492188
        ],
        [
            1045.64501953125,
            708.3025512695312,
            1057.6810302734375,
            728.19677734375
        ],
        [
            1057.132568359375,
            675.6124877929688,
            1072.14111328125,
            694.395751953125
        ],
        [
            1298.71044921875,
            658.067138671875,
            1310.4205322265625,
            702.6220703125
        ],
        [
            1752.69580078125,
            668.5341186523438,
            1905.0567626953125,
            728.875244140625
        ],
        [
            1220.752685546875,
            143.42919921875,
            1233.4781494140625,
            161.54071044921875
        ],
        [
            1677.8707275390625,
            673.214111328125,
            1747.7991943359375,
            724.1419677734375
        ],
        [
            6.278903484344482,
            873.5858154296875,
            23.116899490356445,
            890.940673828125
        ],
        [
            152.62173461914062,
            661.9268798828125,
            345.30255126953125,
            701.12451171875
        ],
        [
            1627.8837890625,
            669.1965942382812,
            1792.57958984375,
            727.3958740234375
        ],
        [
            1045.02734375,
            709.4171752929688,
            1053.4169921875,
            722.073974609375
        ],
        [
            1046.697265625,
            716.0786743164062,
            1054.5496826171875,
            729.5494384765625
        ],
        [
            1044.6190185546875,
            706.1568603515625,
            1063.682373046875,
            731.6350708007812
        ]
    ],
    "scores": [
        0.999777615070343,
        0.9947496056556702,
        0.9936239719390869,
        0.9847981333732605,
        0.781589925289154,
        0.7483118772506714,
        0.6740061640739441,
        0.39973726868629456,
        0.35504278540611267,
        0.2694261968135834,
        0.18031562864780426,
        0.11827635020017624,
        0.10106438398361206,
        0.09077365696430206,
        0.0638490840792656,
        0.06371596455574036,
        0.052760470658540726
    ]
}