{
    "predicted_boxes": [
        [
            1123.216552734375,
            664.1577758789062,
            1158.435546875,
            683.3902587890625
        ],
        [
            1108.3621826171875,
            606.9954223632812,
            1176.5833740234375,
            663.6671752929688
        ],
        [
            1234.2283935546875,
            31.577808380126953,
            1292.5072021484375,
            76.78270721435547
        ],
        [
            1383.6175537109375,
            657.579345703125,
            1399.871826171875,
            710.8737182617188
        ],
        [
            0.0,
            660.6449584960938,
            182.91802978515625,
            705.2264404296875
        ],
        [
            1063.5445556640625,
            683.1812744140625,
            1076.6861572265625,
            697.580078125
        ],
        [
            1062.424560546875,
            683.98046875,
            1078.39990234375,
            705.7686157226562
        ],
        [
            1067.1807861328125,
            710.9054565429688,
            1077.949462890625,
            724.9940795898438
        ],
        [
            1064.213623046875,
            694.1388549804688,
            1079.068359375,
            715.5213623046875
        ],
        [
            1812.7156982421875,
            322.8825988769531,
            1892.1868896484375,
            481.08087158203125
        ],
        [
            1112.064697265625,
            720.26611328125,
            1118.62353515625,
            733.3372802734375
        ],
        [
            96.70533752441406,
            878.2161865234375,
            106.76049041748047,
            892.0220336914062
        ],
        [
            1066.72802734375,
            715.2760620117188,
            1076.2958984375,
            727.616455078125
        ],
        [
            1066.0909423828125,
            700.6668090820312,
            1078.2403564453125,
            720.2301025390625
        ],
        [
            5.399328231811523,
            667.5184936523438,
            235.44796752929688,
            759.7392578125
        ],
        [
            1055.4385986328125,
            719.6903076171875,
            1062.8458251953125,
            731.1619873046875
        ],
        [
            1237.2349853515625,
            678.5747680664062,
            1254.9815673828125,
            703.0245361328125
        ]
    ],
    "scores": [
        0.9973968267440796,
        0.9942822456359863,
        0.9923496246337891,
        0.9378331303596497,
        0.9081711769104004,
        0.6412699818611145,
        0.5636856555938721,
        0.543249249458313,
        0.478314608335495,
        0.4711710810661316,
        0.3267061710357666,
        0.2654210925102234,
        0.23331020772457123,
        0.2230081856250763,
        0.2028639018535614,
        0.18952810764312744,
        0.14793601632118225
    ]
}