{
    "predicted_boxes": [
        [
            346.99737548828125,
            498.4763488769531,
            462.20269775390625,
            617.4500122070312
        ],
        [
            354.15069580078125,
            530.2781372070312,
            382.5361328125,
            578.3717041015625
        ]
    ],
    "scores": [
        0.9994440674781799,
        0.10153660923242569
    ]
}