{
    "predicted_boxes": [
        [
            641.1715087890625,
            387.02740478515625,
            671.41796875,
            415.12298583984375
        ],
        [
            1584.22607421875,
            783.6029663085938,
            1598.068359375,
            825.7623291015625
        ],
        [
            1583.3416748046875,
            748.8095703125,
            1600.7342529296875,
            766.76123046875
        ],
        [
            1586.5015869140625,
            765.9227905273438,
            1598.5540771484375,
            787.68310546875
        ]
    ],
    "scores": [
        0.7847439050674438,
        0.3637901842594147,
        0.21243441104888916,
        0.05257541313767433
    ]
}