{
    "predicted_boxes": [
        [
            1390.745361328125,
            80.641357421875,
            1437.0496826171875,
            119.21887969970703
        ],
        [
            1200.6888427734375,
            139.95289611816406,
            1283.2503662109375,
            198.3487091064453
        ],
        [
            1403.084716796875,
            116.90167999267578,
            1429.3941650390625,
            132.35299682617188
        ]
    ],
    "scores": [
        0.9938686490058899,
        0.1384170800447464,
        0.05693957954645157
    ]
}