{
    "predicted_boxes": [
        [
            590.962890625,
            632.6004028320312,
            643.090576171875,
            674.5188598632812
        ],
        [
            609.4775390625,
            451.2398986816406,
            638.1516723632812,
            479.02349853515625
        ],
        [
            431.81976318359375,
            745.4491577148438,
            440.54254150390625,
            770.9779663085938
        ]
    ],
    "scores": [
        0.9722904562950134,
        0.9602436423301697,
        0.1270359307527542
    ]
}