{
    "predicted_boxes": [
        [
            319.515380859375,
            494.1725769042969,
            435.5699768066406,
            614.975830078125
        ],
        [
            324.66473388671875,
            521.7733764648438,
            361.7242126464844,
            576.36865234375
        ]
    ],
    "scores": [
        0.9993273019790649,
        0.1106090322136879
    ]
}