{
    "predicted_boxes": [
        [
            1506.266357421875,
            69.88001251220703,
            1541.251708984375,
            98.6977310180664
        ]
    ],
    "scores": [
        0.5498459935188293
    ]
}