{
    "predicted_boxes": [
        [
            1123.9935302734375,
            632.6039428710938,
            1159.27197265625,
            652.5071411132812
        ],
        [
            1109.1668701171875,
            573.4437866210938,
            1176.4573974609375,
            633.559814453125
        ],
        [
            1384.944091796875,
            627.5524291992188,
            1402.5377197265625,
            678.210693359375
        ],
        [
            0.0,
            626.5667724609375,
            182.53701782226562,
            677.8095703125
        ],
        [
            1818.6202392578125,
            285.4065246582031,
            1897.9342041015625,
            453.17730712890625
        ],
        [
            1053.934326171875,
            687.2864379882812,
            1061.4842529296875,
            712.4737548828125
        ],
        [
            1235.8232421875,
            64.40911102294922,
            1293.804931640625,
            109.2003402709961
        ],
        [
            1054.205322265625,
            703.46240234375,
            1060.20654296875,
            716.8319091796875
        ],
        [
            1054.804443359375,
            697.820068359375,
            1061.6748046875,
            714.2554321289062
        ],
        [
            1065.379638671875,
            651.75439453125,
            1076.7762451171875,
            667.5438232421875
        ]
    ],
    "scores": [
        0.9905023574829102,
        0.9879459142684937,
        0.9780218601226807,
        0.9483522176742554,
        0.5465824604034424,
        0.41480588912963867,
        0.17257694900035858,
        0.07484694570302963,
        0.06411783397197723,
        0.053114280104637146
    ]
}