{
    "predicted_boxes": [
        [
            857.983154296875,
            607.1389770507812,
            1138.007568359375,
            697.9468994140625
        ],
        [
            859.5152587890625,
            609.4180297851562,
            1132.885498046875,
            655.6912231445312
        ],
        [
            991.3848876953125,
            623.7283325195312,
            1012.5928955078125,
            646.5365600585938
        ],
        [
            861.6016235351562,
            699.5932006835938,
            1109.3446044921875,
            747.2562255859375
        ],
        [
            847.41455078125,
            630.6107788085938,
            1127.18896484375,
            764.336181640625
        ],
        [
            1011.9584350585938,
            626.5452880859375,
            1039.44287109375,
            649.797607421875
        ],
        [
            956.9242553710938,
            621.4664306640625,
            981.2071533203125,
            645.7471313476562
        ],
        [
            918.7693481445312,
            618.4158935546875,
            959.0686645507812,
            644.3519897460938
        ]
    ],
    "scores": [
        0.9813376665115356,
        0.7050286531448364,
        0.14109289646148682,
        0.12258496880531311,
        0.09747014939785004,
        0.08776026219129562,
        0.06836915761232376,
        0.054955244064331055
    ]
}