{
    "predicted_boxes": [
        [
            394.4664001464844,
            194.05718994140625,
            442.42132568359375,
            239.81033325195312
        ],
        [
            1329.722900390625,
            743.2937622070312,
            1356.4576416015625,
            770.24755859375
        ],
        [
            1399.371826171875,
            765.5372314453125,
            1458.9671630859375,
            782.837646484375
        ],
        [
            37.31797790527344,
            194.4058837890625,
            88.97369384765625,
            240.05337524414062
        ],
        [
            1090.6676025390625,
            756.8853149414062,
            1104.0885009765625,
            770.261474609375
        ],
        [
            1330.9337158203125,
            769.9829711914062,
            1354.712646484375,
            789.994873046875
        ],
        [
            1695.424072265625,
            762.4949340820312,
            1706.2193603515625,
            786.0545043945312
        ],
        [
            1328.411865234375,
            731.8360595703125,
            1358.884033203125,
            779.8555297851562
        ],
        [
            1694.8511962890625,
            789.3615112304688,
            1705.7218017578125,
            808.9378051757812
        ],
        [
            1399.684326171875,
            765.6824951171875,
            1419.5550537109375,
            780.9793701171875
        ]
    ],
    "scores": [
        0.9707844853401184,
        0.9281466603279114,
        0.8752647042274475,
        0.7954954504966736,
        0.7048413753509521,
        0.6905406713485718,
        0.3537176549434662,
        0.23453287780284882,
        0.1143726333975792,
        0.09078168123960495
    ]
}