{
    "predicted_boxes": [
        [
            1008.33837890625,
            631.1923828125,
            1035.500732421875,
            653.66259765625
        ],
        [
            1134.997314453125,
            646.5057373046875,
            1148.2684326171875,
            660.3048706054688
        ],
        [
            630.120849609375,
            628.1300048828125,
            659.1337280273438,
            651.7711791992188
        ]
    ],
    "scores": [
        0.7736429572105408,
        0.30640703439712524,
        0.29088377952575684
    ]
}