{
    "predicted_boxes": [
        [
            571.950439453125,
            513.5580444335938,
            677.8182373046875,
            623.4122924804688
        ],
        [
            578.8908081054688,
            538.8280639648438,
            605.053955078125,
            589.5700073242188
        ]
    ],
    "scores": [
        0.9994783997535706,
        0.15431055426597595
    ]
}