{
    "predicted_boxes": [
        [
            1505.547607421875,
            32.051422119140625,
            1562.3394775390625,
            79.09673309326172
        ],
        [
            1049.6463623046875,
            386.109130859375,
            1083.5882568359375,
            415.220947265625
        ],
        [
            821.0833129882812,
            383.01605224609375,
            859.0960083007812,
            413.73565673828125
        ]
    ],
    "scores": [
        0.9974783062934875,
        0.989321231842041,
        0.9659152626991272
    ]
}