{
    "predicted_boxes": [
        [
            1107.0787353515625,
            573.8875732421875,
            1173.8399658203125,
            633.36572265625
        ],
        [
            0.0,
            630.62841796875,
            194.66775512695312,
            720.2318725585938
        ],
        [
            1124.16943359375,
            632.9473266601562,
            1158.9332275390625,
            650.8792724609375
        ],
        [
            1227.1815185546875,
            62.42936325073242,
            1283.3402099609375,
            109.90770721435547
        ],
        [
            1376.5556640625,
            625.7647094726562,
            1395.0050048828125,
            679.076171875
        ],
        [
            3.4263386726379395,
            628.5374755859375,
            194.4584503173828,
            676.9346313476562
        ],
        [
            1783.4970703125,
            302.7286071777344,
            1861.0205078125,
            459.4323425292969
        ],
        [
            1062.493896484375,
            652.7806396484375,
            1077.8369140625,
            666.743408203125
        ],
        [
            1117.975830078125,
            666.8311767578125,
            1152.7408447265625,
            681.1192626953125
        ],
        [
            1118.05126953125,
            647.2099609375,
            1159.9266357421875,
            684.7242431640625
        ],
        [
            1236.091064453125,
            648.9420166015625,
            1255.2733154296875,
            664.5265502929688
        ]
    ],
    "scores": [
        0.9952993392944336,
        0.993463397026062,
        0.9917154908180237,
        0.9895511269569397,
        0.9430756568908691,
        0.8962833285331726,
        0.6220881938934326,
        0.17231009900569916,
        0.14234599471092224,
        0.08318636566400528,
        0.07990315556526184
    ]
}