{
    "predicted_boxes": [
        [
            1833.716796875,
            673.9832153320312,
            1874.8310546875,
            711.2968139648438
        ],
        [
            1515.9149169921875,
            694.3342895507812,
            1610.306396484375,
            741.36083984375
        ]
    ],
    "scores": [
        0.98867267370224,
        0.05155082046985626
    ]
}