{
    "predicted_boxes": [
        [
            401.3796081542969,
            338.50909423828125,
            439.1177673339844,
            373.834228515625
        ],
        [
            663.5430297851562,
            339.6981506347656,
            699.023681640625,
            372.2817687988281
        ],
        [
            0.33311355113983154,
            178.45382690429688,
            11.654909133911133,
            217.00311279296875
        ],
        [
            1432.0267333984375,
            767.906982421875,
            1451.1563720703125,
            784.3521728515625
        ],
        [
            561.84619140625,
            740.8136596679688,
            577.0363159179688,
            763.60595703125
        ],
        [
            1430.664306640625,
            738.9052124023438,
            1452.7593994140625,
            766.208251953125
        ]
    ],
    "scores": [
        0.984443187713623,
        0.7765511274337769,
        0.2731517553329468,
        0.17669589817523956,
        0.12395469844341278,
        0.05385693535208702
    ]
}