{
    "predicted_boxes": [
        [
            1217.45703125,
            641.79443359375,
            1260.7952880859375,
            678.2224731445312
        ],
        [
            1217.642578125,
            691.3411865234375,
            1245.9208984375,
            719.1114501953125
        ],
        [
            1675.752197265625,
            72.14497375488281,
            1713.2222900390625,
            102.85010528564453
        ],
        [
            1218.7786865234375,
            696.218505859375,
            1236.995361328125,
            716.7455444335938
        ],
        [
            1230.2359619140625,
            695.7727661132812,
            1244.8037109375,
            715.9370727539062
        ],
        [
            1681.4002685546875,
            100.12443542480469,
            1700.5205078125,
            115.02424621582031
        ],
        [
            1684.268798828125,
            103.01437377929688,
            1694.8961181640625,
            117.64415740966797
        ],
        [
            1299.486083984375,
            731.8271484375,
            1311.4544677734375,
            745.8345947265625
        ]
    ],
    "scores": [
        0.9975391626358032,
        0.6876475214958191,
        0.5749287009239197,
        0.23332493007183075,
        0.1735643744468689,
        0.11767388880252838,
        0.11468792706727982,
        0.07978597283363342
    ]
}