{
    "predicted_boxes": [
        [
            1301.6142578125,
            22.551239013671875,
            1335.7652587890625,
            61.88383102416992
        ],
        [
            1736.0068359375,
            12.643965721130371,
            1789.0216064453125,
            54.59323501586914
        ],
        [
            1308.24169921875,
            42.56763458251953,
            1325.433837890625,
            66.40935516357422
        ],
        [
            1690.99609375,
            90.86759948730469,
            1696.5384521484375,
            102.78407287597656
        ],
        [
            1689.98486328125,
            69.93054962158203,
            1697.5379638671875,
            85.26581573486328
        ],
        [
            1689.119140625,
            90.24526977539062,
            1694.46630859375,
            101.94784545898438
        ],
        [
            1329.914794921875,
            64.3657455444336,
            1349.625,
            82.12283325195312
        ]
    ],
    "scores": [
        0.9940928816795349,
        0.9607671499252319,
        0.2769904136657715,
        0.20310604572296143,
        0.16515661776065826,
        0.1310472935438156,
        0.09692345559597015
    ]
}