{
    "predicted_boxes": [
        [
            198.7136688232422,
            256.5174865722656,
            247.15438842773438,
            298.7372741699219
        ],
        [
            517.5155639648438,
            257.8876953125,
            561.0696411132812,
            297.9164123535156
        ],
        [
            1383.049072265625,
            768.963134765625,
            1405.5487060546875,
            789.53076171875
        ],
        [
            1145.6790771484375,
            754.10791015625,
            1155.98193359375,
            770.5398559570312
        ],
        [
            1715.74560546875,
            755.8965454101562,
            1745.2001953125,
            790.777099609375
        ],
        [
            1380.8282470703125,
            747.3385009765625,
            1405.2769775390625,
            768.2444458007812
        ]
    ],
    "scores": [
        0.9922681450843811,
        0.9739053249359131,
        0.4082019031047821,
        0.13347341120243073,
        0.1035827174782753,
        0.05381649360060692
    ]
}