{
    "predicted_boxes": [
        [
            1577.6903076171875,
            639.3428344726562,
            1631.4281005859375,
            681.3901977539062
        ],
        [
            1174.0447998046875,
            676.317626953125,
            1273.177734375,
            721.1883544921875
        ],
        [
            1170.5008544921875,
            714.3138427734375,
            1271.6981201171875,
            733.992431640625
        ],
        [
            1181.1690673828125,
            690.6293334960938,
            1264.8184814453125,
            713.9342651367188
        ],
        [
            1181.7523193359375,
            677.6810913085938,
            1264.52197265625,
            701.7811279296875
        ]
    ],
    "scores": [
        0.9952881336212158,
        0.8558489084243774,
        0.5075340867042542,
        0.14646288752555847,
        0.06386133283376694
    ]
}