{
    "predicted_boxes": [
        [
            309.66619873046875,
            123.9370346069336,
            369.6204833984375,
            177.1410675048828
        ],
        [
            328.4114990234375,
            130.25454711914062,
            364.4676208496094,
            169.80078125
        ]
    ],
    "scores": [
        0.4745451807975769,
        0.0958331897854805
    ]
}