{
    "predicted_boxes": [
        [
            1370.5364990234375,
            32.297142028808594,
            1405.647216796875,
            66.37267303466797
        ],
        [
            1822.534423828125,
            12.190475463867188,
            1881.320556640625,
            62.273658752441406
        ]
    ],
    "scores": [
        0.944362223148346,
        0.9355124235153198
    ]
}