{
    "predicted_boxes": [
        [
            145.08201599121094,
            519.4591064453125,
            256.97625732421875,
            596.401123046875
        ],
        [
            1406.0096435546875,
            687.6947631835938,
            1498.9005126953125,
            759.3748779296875
        ],
        [
            1398.205322265625,
            512.7500610351562,
            1516.96484375,
            593.4544067382812
        ],
        [
            1405.980224609375,
            599.28271484375,
            1505.51806640625,
            679.0984497070312
        ],
        [
            154.52200317382812,
            594.4196166992188,
            247.64210510253906,
            679.6961059570312
        ],
        [
            159.7033233642578,
            686.3916625976562,
            252.1843719482422,
            746.60107421875
        ],
        [
            1137.5303955078125,
            672.1369018554688,
            1192.177734375,
            684.01025390625
        ],
        [
            141.83421325683594,
            526.091796875,
            255.4295196533203,
            663.6996459960938
        ],
        [
            1402.4598388671875,
            547.0811157226562,
            1509.2789306640625,
            756.8977661132812
        ]
    ],
    "scores": [
        0.9981197714805603,
        0.9971529245376587,
        0.9970978498458862,
        0.9937157034873962,
        0.9911255240440369,
        0.9148305058479309,
        0.7485857009887695,
        0.08204828202724457,
        0.05260234326124191
    ]
}