{
    "predicted_boxes": [
        [
            472.81146240234375,
            288.3932800292969,
            516.554931640625,
            332.1963195800781
        ],
        [
            472.6527404785156,
            293.2690734863281,
            501.0660095214844,
            326.86553955078125
        ],
        [
            773.2532958984375,
            294.1375427246094,
            816.18017578125,
            335.7294616699219
        ]
    ],
    "scores": [
        0.9950828552246094,
        0.25241735577583313,
        0.15217342972755432
    ]
}