{
    "predicted_boxes": [
        [
            629.201171875,
            625.776611328125,
            657.8334350585938,
            650.028076171875
        ],
        [
            1127.3670654296875,
            647.0639038085938,
            1137.3695068359375,
            658.8912963867188
        ]
    ],
    "scores": [
        0.9886609315872192,
        0.8136002421379089
    ]
}