{
    "predicted_boxes": [
        [
            299.9983825683594,
            649.7991943359375,
            337.8931579589844,
            684.506591796875
        ]
    ],
    "scores": [
        0.9819136261940002
    ]
}