{
    "predicted_boxes": [
        [
            1686.673095703125,
            41.150848388671875,
            1734.278076171875,
            80.32782745361328
        ],
        [
            1018.5306396484375,
            674.5834350585938,
            1051.11328125,
            706.9278564453125
        ],
        [
            1036.1607666015625,
            715.334716796875,
            1054.2032470703125,
            731.8657836914062
        ],
        [
            1697.716796875,
            79.25318145751953,
            1721.97509765625,
            94.58405303955078
        ]
    ],
    "scores": [
        0.9214524030685425,
        0.8358197808265686,
        0.5142250061035156,
        0.4595746397972107
    ]
}