{
    "predicted_boxes": [
        [
            1420.1968994140625,
            72.62757110595703,
            1472.929443359375,
            117.99845123291016
        ],
        [
            1429.647705078125,
            117.90808868408203,
            1456.7618408203125,
            134.1648406982422
        ],
        [
            12.085641860961914,
            631.6456909179688,
            355.6988220214844,
            786.7473754882812
        ]
    ],
    "scores": [
        0.9853361248970032,
        0.3318076431751251,
        0.12421299517154694
    ]
}