{
    "predicted_boxes": [
        [
            622.8001708984375,
            627.0263061523438,
            651.1113891601562,
            651.48974609375
        ]
    ],
    "scores": [
        0.9268481731414795
    ]
}