{
    "predicted_boxes": [
        [
            1359.1304931640625,
            65.83281707763672,
            1422.1314697265625,
            122.56744384765625
        ],
        [
            1374.159912109375,
            120.34132385253906,
            1406.3895263671875,
            135.83663940429688
        ]
    ],
    "scores": [
        0.9753416180610657,
        0.5573837757110596
    ]
}