{
    "predicted_boxes": [
        [
            1343.8323974609375,
            647.166015625,
            1439.19580078125,
            719.8370971679688
        ],
        [
            1517.073486328125,
            63.670352935791016,
            1553.0111083984375,
            101.37910461425781
        ],
        [
            1602.6571044921875,
            94.91474151611328,
            1609.9493408203125,
            112.1524887084961
        ],
        [
            1600.050537109375,
            94.37259674072266,
            1606.4888916015625,
            113.11675262451172
        ]
    ],
    "scores": [
        0.9932523369789124,
        0.9489871263504028,
        0.8731388449668884,
        0.05466662347316742
    ]
}