{
    "predicted_boxes": [
        [
            1397.0087890625,
            489.763427734375,
            1529.49609375,
            597.7495727539062
        ],
        [
            1042.0096435546875,
            699.4037475585938,
            1052.821044921875,
            721.4814453125
        ],
        [
            1230.8687744140625,
            161.69346618652344,
            1243.78515625,
            197.9258270263672
        ]
    ],
    "scores": [
        0.9981630444526672,
        0.48002785444259644,
        0.22685961425304413
    ]
}