{
    "predicted_boxes": [
        [
            956.5089111328125,
            642.1441650390625,
            1141.9019775390625,
            712.0863647460938
        ],
        [
            945.0419921875,
            701.1644287109375,
            1130.884521484375,
            736.4387817382812
        ],
        [
            947.9788818359375,
            667.6005859375,
            1136.4510498046875,
            731.2285766601562
        ],
        [
            961.5901489257812,
            642.7172241210938,
            1136.6365966796875,
            678.0672607421875
        ],
        [
            1398.33251953125,
            154.56613159179688,
            1406.5069580078125,
            177.45237731933594
        ],
        [
            976.5260009765625,
            707.3046875,
            1098.7978515625,
            733.6174926757812
        ],
        [
            983.2772216796875,
            645.3521728515625,
            1093.64990234375,
            671.2693481445312
        ],
        [
            1022.6563720703125,
            708.072265625,
            1081.790283203125,
            731.75146484375
        ],
        [
            1008.5684204101562,
            648.154052734375,
            1049.5806884765625,
            665.2861938476562
        ],
        [
            1022.2536010742188,
            648.5440673828125,
            1082.8306884765625,
            669.0733642578125
        ]
    ],
    "scores": [
        0.989371657371521,
        0.9471595883369446,
        0.2842153310775757,
        0.16166500747203827,
        0.12629863619804382,
        0.12508127093315125,
        0.08998661488294601,
        0.08931291848421097,
        0.07830162346363068,
        0.05256795138120651
    ]
}