{
    "predicted_boxes": [
        [
            1310.39697265625,
            391.30511474609375,
            1480.554443359375,
            535.9076538085938
        ],
        [
            720.3048095703125,
            714.6941528320312,
            728.717529296875,
            736.2898559570312
        ],
        [
            1795.1380615234375,
            279.89056396484375,
            1841.9437255859375,
            307.6571960449219
        ],
        [
            1391.125732421875,
            428.43304443359375,
            1443.86279296875,
            492.6866760253906
        ],
        [
            957.2041015625,
            176.69039916992188,
            1002.5462646484375,
            219.33424377441406
        ],
        [
            720.0195922851562,
            735.9871826171875,
            727.2977905273438,
            753.4066162109375
        ]
    ],
    "scores": [
        0.9990789890289307,
        0.36446332931518555,
        0.1700001358985901,
        0.07997666299343109,
        0.06974555552005768,
        0.0590939000248909
    ]
}