{
    "predicted_boxes": [
        [
            587.052001953125,
            672.1627197265625,
            623.8176879882812,
            701.3240356445312
        ],
        [
            578.2811279296875,
            627.6577758789062,
            631.450439453125,
            666.3181762695312
        ],
        [
            1180.939453125,
            625.112060546875,
            1237.607177734375,
            666.3143310546875
        ],
        [
            583.7310180664062,
            709.3530883789062,
            629.8905639648438,
            744.5181884765625
        ],
        [
            767.8958129882812,
            685.9629516601562,
            832.4725341796875,
            705.77734375
        ],
        [
            1190.035888671875,
            668.9053344726562,
            1229.4775390625,
            701.4953002929688
        ],
        [
            839.05859375,
            662.4906005859375,
            885.526611328125,
            693.6882934570312
        ],
        [
            1061.9512939453125,
            652.310546875,
            1083.0267333984375,
            670.1542358398438
        ],
        [
            827.4613037109375,
            687.1283569335938,
            851.3258666992188,
            706.4982299804688
        ],
        [
            579.3460693359375,
            636.85986328125,
            630.3746948242188,
            704.2176513671875
        ],
        [
            797.7340087890625,
            687.2119140625,
            825.0039672851562,
            705.6073608398438
        ],
        [
            851.6939697265625,
            662.31787109375,
            882.0714721679688,
            685.6903076171875
        ]
    ],
    "scores": [
        0.9931974411010742,
        0.9490091800689697,
        0.9250063896179199,
        0.8595514893531799,
        0.6127490401268005,
        0.581483781337738,
        0.5392969846725464,
        0.26494553685188293,
        0.15592986345291138,
        0.10407847911119461,
        0.06813376396894455,
        0.056927699595689774
    ]
}