{
    "predicted_boxes": [
        [
            1370.415283203125,
            33.164398193359375,
            1405.364990234375,
            66.3771743774414
        ],
        [
            1822.5584716796875,
            12.156210899353027,
            1881.37451171875,
            62.244483947753906
        ]
    ],
    "scores": [
        0.94037926197052,
        0.9400672912597656
    ]
}