{
    "predicted_boxes": [
        [
            1346.476318359375,
            650.64306640625,
            1440.439208984375,
            721.658935546875
        ],
        [
            1494.249755859375,
            60.15645980834961,
            1531.772705078125,
            100.10669708251953
        ]
    ],
    "scores": [
        0.9973701238632202,
        0.9725590944290161
    ]
}