{
    "predicted_boxes": [
        [
            724.4806518554688,
            756.4292602539062,
            754.6659545898438,
            781.5081787109375
        ],
        [
            723.0509033203125,
            786.9618530273438,
            753.9961547851562,
            808.0706176757812
        ],
        [
            721.1445922851562,
            725.636962890625,
            761.0931396484375,
            757.0413818359375
        ],
        [
            902.2550048828125,
            749.168701171875,
            925.7088623046875,
            773.8709716796875
        ],
        [
            721.7342529296875,
            735.9473876953125,
            759.694580078125,
            780.4901123046875
        ],
        [
            1087.481689453125,
            740.5460205078125,
            1098.029296875,
            752.7904052734375
        ],
        [
            809.4281005859375,
            804.1785888671875,
            814.1908569335938,
            829.8494873046875
        ],
        [
            885.0267944335938,
            758.5518798828125,
            904.0430297851562,
            772.5789184570312
        ]
    ],
    "scores": [
        0.9694478511810303,
        0.9657073020935059,
        0.7677833437919617,
        0.6885123252868652,
        0.4167630672454834,
        0.20087485015392303,
        0.14721530675888062,
        0.13141140341758728
    ]
}