{
    "predicted_boxes": [
        [
            1245.1336669921875,
            604.5350952148438,
            1394.6943359375,
            633.947021484375
        ],
        [
            541.282958984375,
            592.79638671875,
            650.754150390625,
            634.418701171875
        ],
        [
            393.77294921875,
            560.228271484375,
            437.652587890625,
            581.197509765625
        ],
        [
            1057.452880859375,
            558.977783203125,
            1095.7484130859375,
            593.0846557617188
        ],
        [
            370.44525146484375,
            482.7976379394531,
            460.6679992675781,
            562.1494140625
        ],
        [
            1188.3499755859375,
            592.4705810546875,
            1199.6240234375,
            609.883056640625
        ],
        [
            509.8808288574219,
            590.4867553710938,
            522.0067138671875,
            622.4502563476562
        ],
        [
            1167.038818359375,
            596.326416015625,
            1175.772705078125,
            611.9103393554688
        ],
        [
            1057.8475341796875,
            593.6453857421875,
            1066.7818603515625,
            606.5591430664062
        ],
        [
            1168.696533203125,
            545.0169067382812,
            1192.6690673828125,
            577.3645629882812
        ],
        [
            1067.22998046875,
            590.9906005859375,
            1085.896240234375,
            603.1305541992188
        ],
        [
            1172.9696044921875,
            530.6192016601562,
            1193.2122802734375,
            551.641357421875
        ],
        [
            1222.4224853515625,
            157.5542449951172,
            1237.17578125,
            176.98049926757812
        ],
        [
            1374.1805419921875,
            40.996131896972656,
            1415.3775634765625,
            84.50521850585938
        ]
    ],
    "scores": [
        0.9978329539299011,
        0.99473637342453,
        0.9913837909698486,
        0.9718320965766907,
        0.9079338908195496,
        0.8916901350021362,
        0.8897302150726318,
        0.8660433292388916,
        0.4898659288883209,
        0.301167368888855,
        0.11000224202871323,
        0.10589522868394852,
        0.08582720905542374,
        0.08444236218929291
    ]
}