{
    "predicted_boxes": [
        [
            1194.9041748046875,
            622.3065185546875,
            1314.4580078125,
            644.4417724609375
        ],
        [
            553.5789794921875,
            595.9943237304688,
            585.2823486328125,
            611.377197265625
        ],
        [
            535.7180786132812,
            538.2761840820312,
            603.4074096679688,
            595.3685302734375
        ],
        [
            1135.7320556640625,
            561.72998046875,
            1150.823974609375,
            582.0195922851562
        ],
        [
            1138.087158203125,
            607.013916015625,
            1146.673095703125,
            628.3269653320312
        ],
        [
            1049.5050048828125,
            574.225341796875,
            1084.314697265625,
            602.7390747070312
        ],
        [
            1034.6192626953125,
            623.5283813476562,
            1041.462890625,
            642.6314086914062
        ],
        [
            1136.7928466796875,
            585.355712890625,
            1150.6953125,
            608.2639770507812
        ],
        [
            1054.6014404296875,
            600.9163208007812,
            1073.55224609375,
            613.6673583984375
        ],
        [
            618.0249633789062,
            607.6961669921875,
            710.4984741210938,
            647.1346435546875
        ],
        [
            1141.2662353515625,
            591.369384765625,
            1152.3043212890625,
            606.8273315429688
        ]
    ],
    "scores": [
        0.9917124509811401,
        0.981033205986023,
        0.8784534931182861,
        0.7646519541740417,
        0.6469911932945251,
        0.5409983396530151,
        0.4144122898578644,
        0.25365114212036133,
        0.12471389770507812,
        0.08651889860630035,
        0.08342617750167847
    ]
}