{
    "predicted_boxes": [
        [
            1772.4527587890625,
            557.5458984375,
            1874.0660400390625,
            636.9579467773438
        ],
        [
            958.7544555664062,
            650.0905151367188,
            1118.126220703125,
            704.8017578125
        ],
        [
            986.9383544921875,
            652.2898559570312,
            1091.3861083984375,
            677.078369140625
        ],
        [
            992.4849853515625,
            706.4370727539062,
            1038.3677978515625,
            724.558837890625
        ],
        [
            950.6552124023438,
            675.5289306640625,
            1111.2333984375,
            726.2256469726562
        ],
        [
            971.471435546875,
            673.0866088867188,
            1100.542236328125,
            703.4946899414062
        ],
        [
            979.8173217773438,
            704.8310546875,
            1061.3330078125,
            725.4979248046875
        ],
        [
            1013.8798828125,
            654.9716186523438,
            1070.4744873046875,
            673.6509399414062
        ],
        [
            999.5233154296875,
            710.4907836914062,
            1015.1676635742188,
            722.281494140625
        ],
        [
            1022.3878784179688,
            706.0567016601562,
            1048.0399169921875,
            723.1825561523438
        ]
    ],
    "scores": [
        0.9992725253105164,
        0.9855555295944214,
        0.3256849944591522,
        0.2100609838962555,
        0.16712574660778046,
        0.13389860093593597,
        0.07451357692480087,
        0.07006749510765076,
        0.05913626030087471,
        0.05185096338391304
    ]
}