{
    "predicted_boxes": [
        [
            1507.14599609375,
            443.18084716796875,
            1679.974853515625,
            580.4856567382812
        ],
        [
            1043.0047607421875,
            704.0293579101562,
            1049.2247314453125,
            716.0877685546875
        ],
        [
            1041.1329345703125,
            703.8534545898438,
            1046.1649169921875,
            715.259521484375
        ],
        [
            1041.92724609375,
            701.8945922851562,
            1047.821044921875,
            712.7469482421875
        ],
        [
            1044.0693359375,
            705.248046875,
            1052.3087158203125,
            719.5811157226562
        ],
        [
            37.98698806762695,
            902.8485717773438,
            43.702171325683594,
            919.1699829101562
        ]
    ],
    "scores": [
        0.9975239634513855,
        0.2001885026693344,
        0.14858390390872955,
        0.08015374839305878,
        0.06333232671022415,
        0.051639847457408905
    ]
}