{
    "predicted_boxes": [
        [
            1566.999755859375,
            525.44482421875,
            1764.409912109375,
            683.3495483398438
        ],
        [
            1202.4010009765625,
            0.0,
            1242.848876953125,
            45.16746520996094
        ],
        [
            411.2210998535156,
            733.591796875,
            467.8596496582031,
            747.4803466796875
        ],
        [
            1646.9554443359375,
            92.8222885131836,
            1676.7454833984375,
            119.85985565185547
        ],
        [
            1.4174715280532837,
            629.0922241210938,
            11.852675437927246,
            640.284912109375
        ],
        [
            16.823101043701172,
            865.8818969726562,
            41.21731948852539,
            887.7113647460938
        ],
        [
            363.57879638671875,
            718.5061645507812,
            415.58551025390625,
            753.5198364257812
        ]
    ],
    "scores": [
        0.924557089805603,
        0.8961398005485535,
        0.251208633184433,
        0.23109106719493866,
        0.18085508048534393,
        0.09959542751312256,
        0.057486459612846375
    ]
}