{
    "predicted_boxes": [
        [
            1307.2698974609375,
            659.7953491210938,
            1505.75634765625,
            693.9322509765625
        ],
        [
            1071.5367431640625,
            648.244140625,
            1089.8175048828125,
            663.5675659179688
        ],
        [
            1058.7091064453125,
            610.8417358398438,
            1103.9110107421875,
            648.4193725585938
        ],
        [
            1050.2464599609375,
            654.3956298828125,
            1058.7562255859375,
            668.3285522460938
        ],
        [
            1219.4893798828125,
            589.373291015625,
            1242.2545166015625,
            607.5911865234375
        ],
        [
            1220.705322265625,
            563.1027221679688,
            1242.1590576171875,
            604.3385009765625
        ],
        [
            1171.9329833984375,
            584.0239868164062,
            1205.41064453125,
            613.21923828125
        ],
        [
            1190.29736328125,
            649.037109375,
            1201.9942626953125,
            678.2885131835938
        ],
        [
            428.354248046875,
            647.759521484375,
            568.5048828125,
            674.7417602539062
        ],
        [
            78.79502868652344,
            881.43115234375,
            89.88082122802734,
            896.4424438476562
        ],
        [
            1050.006103515625,
            666.2291870117188,
            1058.534423828125,
            682.686279296875
        ],
        [
            943.0826416015625,
            662.0528564453125,
            982.9451904296875,
            678.1976928710938
        ],
        [
            1050.6080322265625,
            660.0093383789062,
            1058.8399658203125,
            673.9337768554688
        ],
        [
            1249.93896484375,
            569.1875,
            1292.6011962890625,
            619.4209594726562
        ]
    ],
    "scores": [
        0.9978362917900085,
        0.9807606935501099,
        0.9494287967681885,
        0.9162390232086182,
        0.7339128851890564,
        0.588689386844635,
        0.5608888864517212,
        0.452536404132843,
        0.42199549078941345,
        0.22358793020248413,
        0.13143061101436615,
        0.12047415971755981,
        0.0718599483370781,
        0.06325177848339081
    ]
}