{
    "predicted_boxes": [
        [
            489.5411376953125,
            647.6052856445312,
            543.6275024414062,
            694.4678344726562
        ],
        [
            483.1575622558594,
            595.9611206054688,
            551.2446899414062,
            649.9866333007812
        ],
        [
            488.7906494140625,
            700.4873046875,
            542.8026733398438,
            742.8021850585938
        ],
        [
            1226.1881103515625,
            599.6124877929688,
            1290.9906005859375,
            647.2659912109375
        ],
        [
            1065.3311767578125,
            642.2677001953125,
            1083.8402099609375,
            661.3743896484375
        ],
        [
            1120.516845703125,
            679.2703857421875,
            1146.093505859375,
            692.3832397460938
        ],
        [
            1230.6495361328125,
            649.2734375,
            1287.1695556640625,
            693.5836181640625
        ],
        [
            1091.741455078125,
            652.9930419921875,
            1099.99267578125,
            669.4407958984375
        ],
        [
            840.1265869140625,
            651.0524291992188,
            870.5088500976562,
            676.2879028320312
        ],
        [
            744.4498291015625,
            674.6427001953125,
            809.6354370117188,
            694.3680419921875
        ],
        [
            826.18212890625,
            669.2669067382812,
            846.1184692382812,
            682.2409057617188
        ]
    ],
    "scores": [
        0.9665184617042542,
        0.9326260685920715,
        0.8679317235946655,
        0.5676498413085938,
        0.4336640536785126,
        0.3923991620540619,
        0.3196198046207428,
        0.12822656333446503,
        0.12340627610683441,
        0.08446796983480453,
        0.06971432268619537
    ]
}