{
    "predicted_boxes": [
        [
            1345.176513671875,
            612.8889770507812,
            1426.4730224609375,
            682.5361328125
        ],
        [
            265.9471435546875,
            542.6455078125,
            360.0876770019531,
            614.60009765625
        ],
        [
            275.4493103027344,
            691.2203979492188,
            356.9808654785156,
            752.0927124023438
        ],
        [
            1344.1221923828125,
            692.2552490234375,
            1423.3193359375,
            753.0182495117188
        ],
        [
            273.8034362792969,
            612.4022827148438,
            352.68743896484375,
            683.498779296875
        ],
        [
            1334.191162109375,
            541.2818603515625,
            1435.0068359375,
            614.9468383789062
        ],
        [
            1135.9801025390625,
            674.4683837890625,
            1181.601806640625,
            686.2719116210938
        ],
        [
            1338.2568359375,
            565.0947875976562,
            1431.2435302734375,
            679.1218872070312
        ],
        [
            1341.1282958984375,
            597.087890625,
            1429.1839599609375,
            728.42626953125
        ],
        [
            1137.003662109375,
            672.3499145507812,
            1181.520263671875,
            679.122314453125
        ],
        [
            270.8822937011719,
            616.471435546875,
            358.15802001953125,
            737.4952392578125
        ],
        [
            590.6937255859375,
            729.2234497070312,
            600.039306640625,
            746.6998291015625
        ],
        [
            755.1039428710938,
            670.1205444335938,
            788.2125244140625,
            692.32177734375
        ],
        [
            792.1203002929688,
            670.951171875,
            836.5263671875,
            697.0660400390625
        ]
    ],
    "scores": [
        0.9969714879989624,
        0.9966588020324707,
        0.9954226613044739,
        0.9949677586555481,
        0.9942870736122131,
        0.9930221438407898,
        0.9697217345237732,
        0.2808842360973358,
        0.18971320986747742,
        0.15480348467826843,
        0.15082047879695892,
        0.0645410567522049,
        0.0586690679192543,
        0.05146397650241852
    ]
}