{
    "predicted_boxes": [
        [
            1630.4014892578125,
            21.867977142333984,
            1677.781005859375,
            59.40684127807617
        ],
        [
            1272.9991455078125,
            68.35090637207031,
            1329.2708740234375,
            86.33531951904297
        ],
        [
            1203.1614990234375,
            30.621139526367188,
            1236.1212158203125,
            62.51877975463867
        ],
        [
            1270.093505859375,
            70.31790161132812,
            1333.59912109375,
            102.68463897705078
        ]
    ],
    "scores": [
        0.8713311553001404,
        0.16842922568321228,
        0.08641259372234344,
        0.0756731927394867
    ]
}