{
    "predicted_boxes": [
        [
            1122.2779541015625,
            664.4127807617188,
            1159.4129638671875,
            682.5985717773438
        ],
        [
            1234.2672119140625,
            31.20633316040039,
            1292.7261962890625,
            77.19012451171875
        ],
        [
            1108.613037109375,
            607.155029296875,
            1175.9708251953125,
            663.2980346679688
        ],
        [
            0.0,
            654.2634887695312,
            181.0140838623047,
            761.7365112304688
        ],
        [
            1383.7431640625,
            657.4664916992188,
            1400.1568603515625,
            710.7141723632812
        ],
        [
            3.2359914779663086,
            659.5797119140625,
            179.5360870361328,
            705.7015991210938
        ],
        [
            1812.7188720703125,
            323.3064880371094,
            1892.4271240234375,
            480.9708557128906
        ],
        [
            1063.060546875,
            683.831298828125,
            1077.8963623046875,
            700.44677734375
        ],
        [
            1112.13525390625,
            718.7940063476562,
            1119.26611328125,
            733.1646728515625
        ],
        [
            1063.297607421875,
            690.1343994140625,
            1078.9130859375,
            711.4834594726562
        ],
        [
            1237.1517333984375,
            678.7430419921875,
            1255.2039794921875,
            702.2958984375
        ],
        [
            98.50987243652344,
            877.9876708984375,
            107.58464813232422,
            890.01513671875
        ]
    ],
    "scores": [
        0.997347354888916,
        0.99220871925354,
        0.9921427965164185,
        0.9905567169189453,
        0.9554299116134644,
        0.5696015954017639,
        0.5588685870170593,
        0.4537261724472046,
        0.3971044719219208,
        0.34376823902130127,
        0.17493239045143127,
        0.17327100038528442
    ]
}