{
    "predicted_boxes": [
        [
            1582.8961181640625,
            636.6749877929688,
            1636.1236572265625,
            681.209716796875
        ],
        [
            1137.29345703125,
            679.7232666015625,
            1247.8663330078125,
            729.5973510742188
        ],
        [
            1137.0576171875,
            713.9209594726562,
            1240.63623046875,
            732.6817626953125
        ],
        [
            1.3858453035354614,
            899.9151611328125,
            12.598268508911133,
            913.6740112304688
        ]
    ],
    "scores": [
        0.9952752590179443,
        0.18931305408477783,
        0.16643014550209045,
        0.07515986263751984
    ]
}