{
    "predicted_boxes": [
        [
            1480.22314453125,
            106.4382095336914,
            1511.26513671875,
            130.09530639648438
        ]
    ],
    "scores": [
        0.36105307936668396
    ]
}