{
    "predicted_boxes": [
        [
            1090.0701904296875,
            612.5374755859375,
            1100.775146484375,
            631.94677734375
        ],
        [
            1137.12841796875,
            654.6265258789062,
            1220.573974609375,
            670.6023559570312
        ],
        [
            1034.126953125,
            611.1785888671875,
            1063.711669921875,
            637.4593505859375
        ],
        [
            686.3369140625,
            606.5565795898438,
            729.6700439453125,
            642.72021484375
        ],
        [
            699.921630859375,
            642.4192504882812,
            768.2432861328125,
            667.6950073242188
        ],
        [
            483.3383483886719,
            626.462646484375,
            537.7323608398438,
            672.1264038085938
        ],
        [
            711.9033813476562,
            642.6310424804688,
            763.0914916992188,
            659.484130859375
        ],
        [
            1143.35986328125,
            655.8237915039062,
            1164.721923828125,
            668.9382934570312
        ],
        [
            712.4901733398438,
            653.211181640625,
            763.4651489257812,
            665.5696411132812
        ]
    ],
    "scores": [
        0.9704728126525879,
        0.923618495464325,
        0.8945280909538269,
        0.5680235624313354,
        0.45978066325187683,
        0.39622461795806885,
        0.15157745778560638,
        0.102027028799057,
        0.05188291147351265
    ]
}