{
    "predicted_boxes": [
        [
            1324.269775390625,
            560.0140380859375,
            1415.848388671875,
            634.7918701171875
        ],
        [
            0.0,
            555.6815185546875,
            40.196571350097656,
            628.0628662109375
        ],
        [
            1203.109375,
            78.24241638183594,
            1249.528564453125,
            127.03742218017578
        ],
        [
            0.0,
            571.2449340820312,
            19.321857452392578,
            615.8402709960938
        ],
        [
            1120.996337890625,
            729.4380493164062,
            1129.7313232421875,
            743.1695556640625
        ]
    ],
    "scores": [
        0.9970554113388062,
        0.9882110953330994,
        0.8820716142654419,
        0.38248172402381897,
        0.23227812349796295
    ]
}