{
    "predicted_boxes": [
        [
            1476.6756591796875,
            84.68868255615234,
            1507.7576904296875,
            116.24785614013672
        ]
    ],
    "scores": [
        0.4851411283016205
    ]
}