{
    "predicted_boxes": [
        [
            636.0314331054688,
            457.471435546875,
            730.705078125,
            594.8480834960938
        ],
        [
            778.474609375,
            663.0550537109375,
            806.1951904296875,
            678.9910888671875
        ],
        [
            794.8445434570312,
            604.4302368164062,
            822.310546875,
            638.1868286132812
        ],
        [
            770.3540649414062,
            618.6813354492188,
            817.60546875,
            666.950927734375
        ]
    ],
    "scores": [
        0.998347282409668,
        0.08725482225418091,
        0.08228930085897446,
        0.06808596849441528
    ]
}