{
    "predicted_boxes": [
        [
            1444.5716552734375,
            653.7953491210938,
            1487.623291015625,
            688.953857421875
        ],
        [
            1453.5540771484375,
            698.2949829101562,
            1478.50634765625,
            720.2416381835938
        ],
        [
            1408.6417236328125,
            93.58340454101562,
            1429.5933837890625,
            107.23119354248047
        ],
        [
            1399.7017822265625,
            60.878292083740234,
            1438.5511474609375,
            94.98637390136719
        ],
        [
            1484.584716796875,
            733.5347290039062,
            1495.9844970703125,
            763.03515625
        ],
        [
            1366.0284423828125,
            637.8902587890625,
            1402.3218994140625,
            658.4547119140625
        ]
    ],
    "scores": [
        0.9903889298439026,
        0.9857819080352783,
        0.9707441329956055,
        0.9375524520874023,
        0.36786285042762756,
        0.15395592153072357
    ]
}