{
    "predicted_boxes": [
        [
            1080.931884765625,
            657.9297485351562,
            1115.394287109375,
            688.0385131835938
        ],
        [
            597.7703857421875,
            660.5543212890625,
            633.6005859375,
            687.8216552734375
        ],
        [
            1355.3983154296875,
            217.5132293701172,
            1409.4232177734375,
            263.2976989746094
        ],
        [
            1116.6474609375,
            723.5025634765625,
            1126.7637939453125,
            734.9693603515625
        ]
    ],
    "scores": [
        0.8237521052360535,
        0.6353846192359924,
        0.09761018306016922,
        0.05076051130890846
    ]
}