{
    "predicted_boxes": [
        [
            1122.4417724609375,
            664.2684326171875,
            1159.7630615234375,
            683.6720581054688
        ],
        [
            1108.3905029296875,
            607.10546875,
            1176.567626953125,
            663.5438232421875
        ],
        [
            0.0,
            655.7531127929688,
            184.49649047851562,
            751.9055786132812
        ],
        [
            1234.2003173828125,
            31.589717864990234,
            1292.525146484375,
            76.71224212646484
        ],
        [
            1383.5941162109375,
            657.5637817382812,
            1399.8970947265625,
            710.9024658203125
        ],
        [
            1063.861572265625,
            682.5557861328125,
            1076.9627685546875,
            696.9332885742188
        ],
        [
            1063.455322265625,
            692.5360107421875,
            1078.800537109375,
            711.849609375
        ],
        [
            1062.588134765625,
            684.04248046875,
            1078.5535888671875,
            706.138671875
        ],
        [
            1064.4678955078125,
            709.1651000976562,
            1078.8094482421875,
            724.6967163085938
        ],
        [
            2.930110454559326,
            659.4722900390625,
            179.35403442382812,
            709.4098510742188
        ],
        [
            1812.727783203125,
            323.0052185058594,
            1892.119140625,
            481.03936767578125
        ],
        [
            1065.52783203125,
            698.1488037109375,
            1077.9609375,
            716.0338134765625
        ],
        [
            1112.26416015625,
            719.7786865234375,
            1118.85986328125,
            732.5589599609375
        ],
        [
            96.50410461425781,
            877.9150390625,
            107.12691497802734,
            893.07861328125
        ],
        [
            1237.2291259765625,
            678.5933837890625,
            1254.97021484375,
            702.9569702148438
        ],
        [
            1064.5653076171875,
            717.106689453125,
            1077.5809326171875,
            728.3367919921875
        ],
        [
            1067.4530029296875,
            706.5042114257812,
            1079.201171875,
            720.2703857421875
        ]
    ],
    "scores": [
        0.9973469972610474,
        0.994142472743988,
        0.9938791990280151,
        0.9923766255378723,
        0.9428524374961853,
        0.847644031047821,
        0.702953040599823,
        0.6913579106330872,
        0.5230128765106201,
        0.4918232858181,
        0.4751165807247162,
        0.4018583297729492,
        0.38219135999679565,
        0.1741752326488495,
        0.15677013993263245,
        0.11545164883136749,
        0.09803260117769241
    ]
}