{
    "predicted_boxes": [
        [
            955.4600219726562,
            645.3109130859375,
            1136.5350341796875,
            724.27197265625
        ],
        [
            949.5050048828125,
            694.2200317382812,
            1128.7305908203125,
            733.1640625
        ],
        [
            965.5264282226562,
            644.5446166992188,
            1131.0625,
            679.337890625
        ],
        [
            973.6777954101562,
            669.2301635742188,
            1115.62744140625,
            703.9122314453125
        ],
        [
            983.0657958984375,
            648.5908813476562,
            1095.9071044921875,
            673.160400390625
        ],
        [
            972.6680297851562,
            706.5239868164062,
            1100.986328125,
            733.7272338867188
        ]
    ],
    "scores": [
        0.9686015844345093,
        0.842668890953064,
        0.21051199734210968,
        0.1231001764535904,
        0.09990634769201279,
        0.05654309689998627
    ]
}