{
    "predicted_boxes": [
        [
            1296.9644775390625,
            650.1259765625,
            1339.621337890625,
            690.0291137695312
        ],
        [
            1300.4344482421875,
            703.6939086914062,
            1326.488037109375,
            722.2379150390625
        ],
        [
            1305.424560546875,
            704.8063354492188,
            1317.8818359375,
            721.2952880859375
        ],
        [
            658.1574096679688,
            724.0615844726562,
            670.6449584960938,
            742.1477661132812
        ],
        [
            1302.1807861328125,
            729.1995849609375,
            1310.5145263671875,
            742.391845703125
        ]
    ],
    "scores": [
        0.9947776794433594,
        0.959581196308136,
        0.29744434356689453,
        0.1901881843805313,
        0.1024213507771492
    ]
}