{
    "predicted_boxes": [
        [
            1327.7850341796875,
            674.9322509765625,
            1368.23876953125,
            711.4105834960938
        ],
        [
            1880.1458740234375,
            13.68167781829834,
            1919.8067626953125,
            62.08784866333008
        ],
        [
            1880.2857666015625,
            60.03420639038086,
            1920.0,
            115.94075012207031
        ],
        [
            1878.9764404296875,
            9.84317398071289,
            1919.9573974609375,
            151.373779296875
        ],
        [
            1434.4984130859375,
            35.34823989868164,
            1478.514892578125,
            77.95489501953125
        ],
        [
            796.0899047851562,
            753.7459716796875,
            804.56982421875,
            769.1466674804688
        ]
    ],
    "scores": [
        0.779138445854187,
        0.7058182954788208,
        0.23067325353622437,
        0.15411244332790375,
        0.12434786558151245,
        0.09029517322778702
    ]
}