{
    "predicted_boxes": [
        [
            1576.156005859375,
            638.4750366210938,
            1627.4681396484375,
            678.3622436523438
        ],
        [
            1183.5308837890625,
            671.9808959960938,
            1282.3033447265625,
            719.731201171875
        ],
        [
            584.037109375,
            623.8973388671875,
            604.8311157226562,
            675.1456298828125
        ],
        [
            968.6145629882812,
            693.6519775390625,
            1121.46435546875,
            748.8056640625
        ]
    ],
    "scores": [
        0.9915820956230164,
        0.28514087200164795,
        0.17582106590270996,
        0.05441303923726082
    ]
}