{
    "predicted_boxes": [
        [
            494.98406982421875,
            725.8575439453125,
            535.099365234375,
            759.5874633789062
        ],
        [
            1095.0394287109375,
            722.7498779296875,
            1137.2972412109375,
            760.8322143554688
        ],
        [
            428.36322021484375,
            806.9205932617188,
            436.2922058105469,
            825.1908569335938
        ],
        [
            1028.5111083984375,
            806.8145141601562,
            1036.6024169921875,
            818.9038696289062
        ]
    ],
    "scores": [
        0.9751610159873962,
        0.9638684391975403,
        0.4544680714607239,
        0.2266359180212021
    ]
}