{
    "predicted_boxes": [
        [
            454.8945617675781,
            589.654541015625,
            527.2775268554688,
            643.2022705078125
        ],
        [
            1238.7841796875,
            589.1852416992188,
            1309.9395751953125,
            643.6896362304688
        ],
        [
            461.9662170410156,
            642.0152587890625,
            522.3098754882812,
            695.428955078125
        ],
        [
            461.5304260253906,
            699.6673583984375,
            523.1968994140625,
            745.256591796875
        ],
        [
            1243.2628173828125,
            643.8560180664062,
            1304.1923828125,
            692.5218505859375
        ],
        [
            1241.1810302734375,
            699.683837890625,
            1305.5684814453125,
            746.1223754882812
        ],
        [
            1123.423583984375,
            677.699462890625,
            1152.513916015625,
            690.5816040039062
        ],
        [
            838.41650390625,
            649.38818359375,
            873.2388916015625,
            679.5609130859375
        ],
        [
            825.5241088867188,
            669.1698608398438,
            846.2484741210938,
            689.9555053710938
        ],
        [
            1189.044189453125,
            749.31982421875,
            1195.433837890625,
            766.0263671875
        ],
        [
            1188.8226318359375,
            727.0292358398438,
            1196.330810546875,
            744.8392333984375
        ],
        [
            1423.4112548828125,
            744.335205078125,
            1444.39892578125,
            769.6663818359375
        ]
    ],
    "scores": [
        0.9975183010101318,
        0.9954524636268616,
        0.9858677983283997,
        0.9812417030334473,
        0.9735503196716309,
        0.7762991786003113,
        0.6887605786323547,
        0.6765006184577942,
        0.2783375680446625,
        0.14023032784461975,
        0.06888595223426819,
        0.06141674891114235
    ]
}