{
    "predicted_boxes": [
        [
            672.6192016601562,
            688.8125610351562,
            684.9873046875,
            705.5824584960938
        ],
        [
            673.5669555664062,
            688.1392822265625,
            684.3008422851562,
            723.4051513671875
        ]
    ],
    "scores": [
        0.6958818435668945,
        0.12488771229982376
    ]
}