{
    "predicted_boxes": [
        [
            1156.8829345703125,
            644.003173828125,
            1251.7271728515625,
            661.2139892578125
        ],
        [
            1040.2808837890625,
            598.113525390625,
            1070.384765625,
            625.8074340820312
        ],
        [
            1028.5491943359375,
            642.1181030273438,
            1033.6019287109375,
            654.6720581054688
        ],
        [
            636.705322265625,
            584.605224609375,
            690.2546997070312,
            628.38720703125
        ],
        [
            1028.4212646484375,
            646.2418823242188,
            1032.974609375,
            656.9553833007812
        ],
        [
            1278.956787109375,
            150.3534393310547,
            1290.7811279296875,
            199.31190490722656
        ],
        [
            1111.1402587890625,
            629.1708374023438,
            1119.7359619140625,
            644.1012573242188
        ],
        [
            678.3311767578125,
            631.4469604492188,
            747.4091186523438,
            658.845947265625
        ]
    ],
    "scores": [
        0.9909778833389282,
        0.222181037068367,
        0.21219603717327118,
        0.1275365799665451,
        0.10026965290307999,
        0.0864751935005188,
        0.0837891474366188,
        0.06914817541837692
    ]
}