{
    "predicted_boxes": [
        [
            1152.39697265625,
            466.8846435546875,
            1279.130859375,
            572.8601684570312
        ],
        [
            1208.617919921875,
            237.2064666748047,
            1253.0281982421875,
            277.9466857910156
        ],
        [
            675.1998901367188,
            700.8310546875,
            685.0152587890625,
            717.8208618164062
        ]
    ],
    "scores": [
        0.9982165694236755,
        0.8921193480491638,
        0.07905958592891693
    ]
}