{
    "predicted_boxes": [
        [
            1122.4219970703125,
            664.25537109375,
            1159.7423095703125,
            683.6486206054688
        ],
        [
            1108.386474609375,
            607.1199951171875,
            1176.591552734375,
            663.5181274414062
        ],
        [
            1234.2041015625,
            31.578067779541016,
            1292.538330078125,
            76.69998168945312
        ],
        [
            0.0,
            654.2178955078125,
            181.33628845214844,
            762.0609130859375
        ],
        [
            1383.6263427734375,
            657.5642700195312,
            1399.8946533203125,
            710.8930053710938
        ],
        [
            1062.8895263671875,
            683.0037841796875,
            1077.830078125,
            701.4822998046875
        ],
        [
            1062.0501708984375,
            689.0971069335938,
            1079.3702392578125,
            717.3248901367188
        ],
        [
            1812.6903076171875,
            322.8020935058594,
            1892.184814453125,
            481.27459716796875
        ],
        [
            3.044468402862549,
            659.66943359375,
            179.5882110595703,
            705.947998046875
        ],
        [
            1059.1822509765625,
            715.594482421875,
            1077.6251220703125,
            726.64501953125
        ],
        [
            1112.1036376953125,
            720.1258544921875,
            1118.525634765625,
            733.2257690429688
        ],
        [
            1237.2613525390625,
            678.3924560546875,
            1254.9515380859375,
            702.7948608398438
        ],
        [
            1061.4097900390625,
            710.886962890625,
            1078.4053955078125,
            723.4078369140625
        ],
        [
            1063.0792236328125,
            701.8036499023438,
            1079.4197998046875,
            722.2676391601562
        ]
    ],
    "scores": [
        0.9973819851875305,
        0.9940109848976135,
        0.9922027587890625,
        0.9901054501533508,
        0.9395221471786499,
        0.7150561809539795,
        0.48806625604629517,
        0.4763885736465454,
        0.47503939270973206,
        0.25857770442962646,
        0.22699329257011414,
        0.16441993415355682,
        0.1567455381155014,
        0.06854187697172165
    ]
}