{
    "predicted_boxes": [
        [
            1246.4974365234375,
            606.6517944335938,
            1405.4217529296875,
            635.911376953125
        ],
        [
            515.2227783203125,
            598.330810546875,
            629.6435546875,
            635.534423828125
        ],
        [
            1052.4385986328125,
            561.8193969726562,
            1090.6285400390625,
            598.4503784179688
        ],
        [
            475.97857666015625,
            588.7616577148438,
            489.0650634765625,
            624.0670776367188
        ],
        [
            339.9726867675781,
            554.1317138671875,
            389.6820068359375,
            578.6590576171875
        ],
        [
            1047.114990234375,
            596.7520751953125,
            1058.6407470703125,
            609.1162109375
        ],
        [
            1165.6328125,
            593.733642578125,
            1171.9820556640625,
            620.2906494140625
        ],
        [
            1064.1983642578125,
            591.2294921875,
            1082.371826171875,
            604.09326171875
        ],
        [
            1030.60791015625,
            625.095458984375,
            1035.4156494140625,
            636.1851196289062
        ],
        [
            1186.4044189453125,
            595.7310180664062,
            1197.251953125,
            615.4826049804688
        ],
        [
            314.39874267578125,
            473.6404113769531,
            416.0274963378906,
            554.3491821289062
        ],
        [
            1171.48486328125,
            531.8475341796875,
            1191.9595947265625,
            555.3383178710938
        ],
        [
            1164.8428955078125,
            599.2742919921875,
            1170.0516357421875,
            618.2467041015625
        ],
        [
            1031.660400390625,
            623.3937377929688,
            1036.820068359375,
            634.8130493164062
        ]
    ],
    "scores": [
        0.998108983039856,
        0.9948400855064392,
        0.9619598388671875,
        0.6467012763023376,
        0.4793558716773987,
        0.34005290269851685,
        0.2859480082988739,
        0.16516438126564026,
        0.1547701507806778,
        0.14575740694999695,
        0.0928494930267334,
        0.07314937561750412,
        0.06842392683029175,
        0.06571175903081894
    ]
}