{
    "predicted_boxes": [
        [
            595.1981201171875,
            409.272705078125,
            628.1396484375,
            437.8710632324219
        ],
        [
            362.9716491699219,
            416.4071044921875,
            398.6842956542969,
            445.7271423339844
        ],
        [
            845.0799560546875,
            770.0289916992188,
            871.6696166992188,
            802.5208129882812
        ],
        [
            0.16934852302074432,
            286.0479431152344,
            13.38518238067627,
            318.1919860839844
        ]
    ],
    "scores": [
        0.896567165851593,
        0.47107669711112976,
        0.12286671996116638,
        0.09504888951778412
    ]
}