{
    "predicted_boxes": [
        [
            1492.24169921875,
            623.8944702148438,
            1556.85498046875,
            675.8968505859375
        ],
        [
            964.7846069335938,
            675.5923461914062,
            1086.4512939453125,
            738.67236328125
        ],
        [
            1562.745361328125,
            103.05297088623047,
            1785.93603515625,
            187.78396606445312
        ],
        [
            81.54451751708984,
            675.747802734375,
            458.44097900390625,
            822.3706665039062
        ]
    ],
    "scores": [
        0.9984995126724243,
        0.9124810695648193,
        0.06646092236042023,
        0.06396603584289551
    ]
}