{
    "predicted_boxes": [
        [
            1403.466796875,
            91.02436065673828,
            1459.1044921875,
            141.48583984375
        ],
        [
            1416.84423828125,
            140.8072967529297,
            1442.6697998046875,
            156.4279022216797
        ]
    ],
    "scores": [
        0.9899470210075378,
        0.3595041036605835
    ]
}