{
    "predicted_boxes": [
        [
            1009.5989379882812,
            379.7137145996094,
            1043.38671875,
            411.9459228515625
        ],
        [
            766.4879150390625,
            376.3980712890625,
            806.1199951171875,
            411.729736328125
        ]
    ],
    "scores": [
        0.9893143177032471,
        0.96977299451828
    ]
}