{
    "predicted_boxes": [
        [
            1123.465087890625,
            624.3262329101562,
            1159.900634765625,
            645.4005126953125
        ],
        [
            1233.407958984375,
            72.23182678222656,
            1291.967041015625,
            119.0958480834961
        ],
        [
            1107.322509765625,
            566.77880859375,
            1177.0511474609375,
            623.787841796875
        ],
        [
            0.0,
            617.174560546875,
            185.17611694335938,
            719.8010864257812
        ],
        [
            1383.2457275390625,
            617.3242797851562,
            1399.253173828125,
            670.5601806640625
        ],
        [
            1810.7794189453125,
            285.0378112792969,
            1891.1502685546875,
            447.2760314941406
        ],
        [
            1063.904296875,
            642.581787109375,
            1077.7701416015625,
            656.4529418945312
        ],
        [
            1235.4501953125,
            640.6637573242188,
            1255.73828125,
            658.0230712890625
        ]
    ],
    "scores": [
        0.9973769187927246,
        0.9962332844734192,
        0.9905269145965576,
        0.9655048251152039,
        0.8211594223976135,
        0.6505287885665894,
        0.25616469979286194,
        0.07245127111673355
    ]
}