{
    "predicted_boxes": [
        [
            1467.958740234375,
            583.9522094726562,
            1638.2470703125,
            711.1007690429688
        ],
        [
            1647.941650390625,
            77.67278289794922,
            1677.154541015625,
            109.7205581665039
        ]
    ],
    "scores": [
        0.9967663288116455,
        0.6623172163963318
    ]
}