{
    "predicted_boxes": [
        [
            1601.4156494140625,
            603.1653442382812,
            1681.0889892578125,
            665.4190063476562
        ],
        [
            958.8341674804688,
            672.392822265625,
            1094.8763427734375,
            739.6903076171875
        ],
        [
            955.3897705078125,
            715.7493286132812,
            1090.215576171875,
            739.2203979492188
        ],
        [
            986.3119506835938,
            675.4620361328125,
            1055.10205078125,
            691.5394897460938
        ],
        [
            967.9255981445312,
            687.9414672851562,
            1085.606201171875,
            724.730712890625
        ],
        [
            966.2369384765625,
            672.5286254882812,
            1090.4212646484375,
            706.4588623046875
        ],
        [
            1005.83984375,
            721.3640747070312,
            1055.7198486328125,
            737.995361328125
        ]
    ],
    "scores": [
        0.9989801049232483,
        0.9954656958580017,
        0.8005754947662354,
        0.5451760292053223,
        0.11892904341220856,
        0.07125275582075119,
        0.05218984931707382
    ]
}