{
    "predicted_boxes": [
        [
            1164.3062744140625,
            636.6090087890625,
            1270.3642578125,
            655.3765258789062
        ],
        [
            665.4900512695312,
            623.479736328125,
            736.5067138671875,
            644.177734375
        ],
        [
            627.0872802734375,
            617.5589599609375,
            656.2770385742188,
            631.4869384765625
        ],
        [
            1042.51611328125,
            591.7139892578125,
            1073.1602783203125,
            618.1349487304688
        ],
        [
            613.9375,
            571.9782104492188,
            673.4308471679688,
            620.520263671875
        ],
        [
            627.020263671875,
            621.2797241210938,
            659.9234619140625,
            652.3109130859375
        ],
        [
            644.1949462890625,
            619.9937133789062,
            739.3701171875,
            653.95263671875
        ],
        [
            963.4776611328125,
            627.223876953125,
            982.376708984375,
            642.1866455078125
        ],
        [
            1119.8558349609375,
            623.9576416015625,
            1127.5794677734375,
            641.4593505859375
        ]
    ],
    "scores": [
        0.9948781728744507,
        0.9737129211425781,
        0.9694198369979858,
        0.9285884499549866,
        0.6796973943710327,
        0.15581822395324707,
        0.0777006596326828,
        0.06754468381404877,
        0.05944690853357315
    ]
}