{
    "predicted_boxes": [
        [
            1606.29052734375,
            38.16553497314453,
            1657.058349609375,
            83.73927307128906
        ],
        [
            966.4299926757812,
            359.33819580078125,
            1004.4913940429688,
            389.49078369140625
        ],
        [
            721.2094116210938,
            352.9908752441406,
            762.347900390625,
            387.8108825683594
        ]
    ],
    "scores": [
        0.9940218329429626,
        0.7785019278526306,
        0.07355755567550659
    ]
}