{
    "predicted_boxes": [
        [
            1183.25927734375,
            453.8230895996094,
            1323.2103271484375,
            567.3250122070312
        ],
        [
            1230.39306640625,
            221.94680786132812,
            1281.8758544921875,
            267.6626281738281
        ],
        [
            685.3004760742188,
            705.2234497070312,
            692.8668823242188,
            725.5595703125
        ],
        [
            887.8081665039062,
            719.087646484375,
            904.1558837890625,
            742.0726928710938
        ]
    ],
    "scores": [
        0.9989142417907715,
        0.9768639206886292,
        0.3150247633457184,
        0.050823748111724854
    ]
}