{
    "predicted_boxes": [
        [
            1088.7657470703125,
            718.4259033203125,
            1130.5823974609375,
            752.852294921875
        ],
        [
            517.571044921875,
            716.8515625,
            561.6346435546875,
            751.7376708984375
        ],
        [
            1121.35986328125,
            793.5712890625,
            1129.4791259765625,
            821.1739501953125
        ],
        [
            1028.74072265625,
            800.212158203125,
            1034.275390625,
            826.1469116210938
        ]
    ],
    "scores": [
        0.9682382345199585,
        0.5776993632316589,
        0.28150132298469543,
        0.2108335942029953
    ]
}