{
    "predicted_boxes": [
        [
            1120.8328857421875,
            665.505859375,
            1198.6099853515625,
            680.8202514648438
        ],
        [
            610.58837890625,
            651.9482421875,
            646.9700317382812,
            684.271728515625
        ],
        [
            1036.1102294921875,
            624.5446166992188,
            1060.9215087890625,
            648.0492553710938
        ],
        [
            612.6159057617188,
            656.6738891601562,
            697.767578125,
            685.9973754882812
        ],
        [
            736.286865234375,
            625.97802734375,
            775.1730346679688,
            656.4490966796875
        ],
        [
            1082.378662109375,
            627.9683837890625,
            1093.8306884765625,
            647.0391845703125
        ],
        [
            746.9613647460938,
            651.6292724609375,
            799.655517578125,
            673.7272338867188
        ],
        [
            644.200927734375,
            661.8984985351562,
            695.38037109375,
            684.0443725585938
        ],
        [
            1164.5010986328125,
            725.2808837890625,
            1174.66650390625,
            747.3157958984375
        ],
        [
            736.3649291992188,
            656.6751098632812,
            764.6614990234375,
            673.5382080078125
        ],
        [
            627.6983642578125,
            669.9708862304688,
            691.1547241210938,
            688.2355346679688
        ],
        [
            760.590087890625,
            651.9142456054688,
            797.2026977539062,
            667.4992065429688
        ]
    ],
    "scores": [
        0.9887297749519348,
        0.8661402463912964,
        0.8222204446792603,
        0.729453980922699,
        0.7098183631896973,
        0.6955187320709229,
        0.4687458276748657,
        0.3993006646633148,
        0.2848455607891083,
        0.09161312133073807,
        0.0828976109623909,
        0.054952334612607956
    ]
}