{
    "predicted_boxes": [
        [
            1215.531005859375,
            608.8189086914062,
            1287.7255859375,
            669.6140747070312
        ],
        [
            173.22158813476562,
            605.3023071289062,
            249.052490234375,
            665.4553833007812
        ],
        [
            1079.545166015625,
            740.09765625,
            1088.0361328125,
            759.3164672851562
        ],
        [
            823.624267578125,
            752.2691650390625,
            829.6093139648438,
            759.3525390625
        ],
        [
            1080.55322265625,
            754.4100952148438,
            1088.0653076171875,
            779.4672241210938
        ],
        [
            824.0038452148438,
            734.1361694335938,
            828.8448486328125,
            745.6160888671875
        ]
    ],
    "scores": [
        0.9950054287910461,
        0.9937610030174255,
        0.10466986149549484,
        0.10020092874765396,
        0.09077838063240051,
        0.07676846534013748
    ]
}