{
    "predicted_boxes": [
        [
            1122.47412109375,
            664.2938842773438,
            1159.7015380859375,
            683.5037841796875
        ],
        [
            1108.2977294921875,
            607.2305297851562,
            1176.6376953125,
            663.3818359375
        ],
        [
            1234.25,
            31.485315322875977,
            1292.6285400390625,
            77.1279525756836
        ],
        [
            0.0,
            653.9363403320312,
            181.21669006347656,
            761.9191284179688
        ],
        [
            1383.62646484375,
            657.608642578125,
            1399.9931640625,
            710.99755859375
        ],
        [
            1811.6142578125,
            323.6700744628906,
            1891.9881591796875,
            481.7326354980469
        ],
        [
            3.2534255981445312,
            659.6112670898438,
            179.5046844482422,
            706.3036499023438
        ],
        [
            1062.7589111328125,
            683.131103515625,
            1077.9488525390625,
            702.8977661132812
        ],
        [
            1062.4852294921875,
            687.6920166015625,
            1079.139404296875,
            714.892578125
        ],
        [
            1236.9771728515625,
            679.421142578125,
            1254.967041015625,
            699.7427368164062
        ]
    ],
    "scores": [
        0.99785977602005,
        0.9942820072174072,
        0.9931176900863647,
        0.9907938838005066,
        0.9398412108421326,
        0.5683808326721191,
        0.5504659414291382,
        0.5267989039421082,
        0.11697399616241455,
        0.08160851895809174
    ]
}