{
    "predicted_boxes": [
        [
            1063.29443359375,
            673.8982543945312,
            1091.3121337890625,
            698.6409912109375
        ]
    ],
    "scores": [
        0.2292809784412384
    ]
}