{
    "predicted_boxes": [
        [
            1772.6712646484375,
            533.3817138671875,
            1894.638427734375,
            591.8384399414062
        ],
        [
            1345.625,
            661.93359375,
            1438.221435546875,
            723.7969970703125
        ],
        [
            1436.7913818359375,
            54.856605529785156,
            1475.9010009765625,
            95.38435363769531
        ],
        [
            1697.0706787109375,
            322.1604309082031,
            1920.0,
            520.9757080078125
        ],
        [
            1445.4058837890625,
            87.26861572265625,
            1466.9615478515625,
            103.25895690917969
        ]
    ],
    "scores": [
        0.9967080354690552,
        0.9961624145507812,
        0.9868342280387878,
        0.9663248658180237,
        0.07515565305948257
    ]
}