{
    "predicted_boxes": [
        [
            1328.1737060546875,
            245.8875274658203,
            1380.5277099609375,
            293.5948791503906
        ],
        [
            1081.0523681640625,
            661.6458129882812,
            1111.0833740234375,
            688.2654418945312
        ]
    ],
    "scores": [
        0.6680322289466858,
        0.07114023715257645
    ]
}