{
    "predicted_boxes": [
        [
            958.0984497070312,
            643.8153076171875,
            1131.0655517578125,
            724.1345825195312
        ],
        [
            956.0096435546875,
            700.3369750976562,
            1112.467041015625,
            726.69189453125
        ],
        [
            961.764404296875,
            643.3505249023438,
            1127.9727783203125,
            681.458740234375
        ],
        [
            983.8196411132812,
            644.2499389648438,
            1087.0198974609375,
            669.1376342773438
        ],
        [
            974.5746459960938,
            660.2750244140625,
            1119.11181640625,
            702.6931762695312
        ],
        [
            1008.453125,
            703.9412841796875,
            1088.8155517578125,
            725.0697631835938
        ]
    ],
    "scores": [
        0.9943331480026245,
        0.8423365950584412,
        0.6639426946640015,
        0.3935713469982147,
        0.3674132525920868,
        0.16281145811080933
    ]
}