{
    "predicted_boxes": [
        [
            1462.8199462890625,
            436.919921875,
            1646.522705078125,
            573.88427734375
        ],
        [
            205.11631774902344,
            246.91421508789062,
            247.80844116210938,
            285.5213623046875
        ]
    ],
    "scores": [
        0.99479079246521,
        0.1629972904920578
    ]
}