{
    "predicted_boxes": [
        [
            1082.8880615234375,
            657.2562866210938,
            1117.20654296875,
            676.565185546875
        ],
        [
            1260.0625,
            82.04019165039062,
            1294.1246337890625,
            101.17285919189453
        ],
        [
            1243.851806640625,
            24.498397827148438,
            1312.3116455078125,
            81.46823120117188
        ],
        [
            1068.415771484375,
            602.7366333007812,
            1131.6395263671875,
            658.6913452148438
        ],
        [
            1054.66162109375,
            682.1005859375,
            1090.0322265625,
            709.8018798828125
        ],
        [
            1865.418212890625,
            85.30298614501953,
            1894.6002197265625,
            117.69914245605469
        ],
        [
            1068.756591796875,
            720.5956420898438,
            1079.334716796875,
            762.5233154296875
        ],
        [
            1068.43505859375,
            719.55712890625,
            1080.4779052734375,
            736.2474365234375
        ]
    ],
    "scores": [
        0.9958149790763855,
        0.9944815635681152,
        0.994232714176178,
        0.994138240814209,
        0.9936416745185852,
        0.3599162995815277,
        0.21940220892429352,
        0.17077739536762238
    ]
}