{
    "predicted_boxes": [
        [
            1178.5714111328125,
            638.516357421875,
            1289.830810546875,
            659.1728515625
        ],
        [
            1045.67919921875,
            591.7918701171875,
            1077.9013671875,
            625.2506103515625
        ],
        [
            639.8971557617188,
            623.4886474609375,
            723.2374267578125,
            646.1636352539062
        ],
        [
            594.5791625976562,
            615.4153442382812,
            623.51904296875,
            631.1249389648438
        ],
        [
            1123.873779296875,
            583.5281372070312,
            1140.779296875,
            600.4928588867188
        ],
        [
            576.5187377929688,
            563.2093505859375,
            642.6864624023438,
            618.6763916015625
        ]
    ],
    "scores": [
        0.9942705631256104,
        0.961498498916626,
        0.902502179145813,
        0.8746709823608398,
        0.8694033026695251,
        0.5616387128829956
    ]
}