{
    "predicted_boxes": [
        [
            1264.230712890625,
            60.162105560302734,
            1309.3857421875,
            97.55012512207031
        ],
        [
            228.55760192871094,
            253.3988800048828,
            275.6744384765625,
            297.0859069824219
        ]
    ],
    "scores": [
        0.9956438541412354,
        0.6328166723251343
    ]
}