{
    "predicted_boxes": [
        [
            1375.73974609375,
            355.2900695800781,
            1572.6126708984375,
            519.2031860351562
        ],
        [
            982.85595703125,
            155.5487518310547,
            1034.5994873046875,
            201.37725830078125
        ],
        [
            1478.703369140625,
            402.003662109375,
            1527.240966796875,
            469.3003845214844
        ],
        [
            986.145751953125,
            161.6544647216797,
            1010.4356079101562,
            194.71804809570312
        ]
    ],
    "scores": [
        0.9928596019744873,
        0.44989511370658875,
        0.11679588258266449,
        0.07338163256645203
    ]
}