{
    "predicted_boxes": [
        [
            678.010498046875,
            768.6773681640625,
            714.4144897460938,
            800.8196411132812
        ],
        [
            676.998046875,
            734.549560546875,
            714.6527709960938,
            764.931396484375
        ],
        [
            673.866943359375,
            708.627685546875,
            716.7588500976562,
            762.75830078125
        ],
        [
            802.5520629882812,
            745.7379150390625,
            864.5520629882812,
            761.923583984375
        ],
        [
            673.8967895507812,
            701.7635498046875,
            716.9667358398438,
            737.6410522460938
        ],
        [
            886.035400390625,
            725.8081665039062,
            911.21923828125,
            745.0946655273438
        ],
        [
            876.7032470703125,
            744.03271484375,
            912.3644409179688,
            756.4645385742188
        ],
        [
            865.9114990234375,
            742.1257934570312,
            880.3408203125,
            762.19775390625
        ],
        [
            1164.640625,
            703.0540771484375,
            1208.740234375,
            740.3755493164062
        ]
    ],
    "scores": [
        0.9806414246559143,
        0.804515540599823,
        0.516245424747467,
        0.4111054539680481,
        0.21672894060611725,
        0.15425096452236176,
        0.1419268101453781,
        0.12756314873695374,
        0.06497997045516968
    ]
}