{
    "predicted_boxes": [
        [
            326.02520751953125,
            644.3637084960938,
            365.9604187011719,
            679.7239990234375
        ]
    ],
    "scores": [
        0.9866952896118164
    ]
}