{
    "predicted_boxes": [
        [
            1716.8670654296875,
            553.6739501953125,
            1828.463623046875,
            607.3270263671875
        ],
        [
            1646.0794677734375,
            361.1000061035156,
            1891.046142578125,
            533.9796142578125
        ],
        [
            1346.0753173828125,
            668.1598510742188,
            1426.7410888671875,
            725.2511596679688
        ],
        [
            1423.612548828125,
            51.32050323486328,
            1462.642578125,
            87.09891510009766
        ],
        [
            1429.1466064453125,
            83.21739196777344,
            1454.6085205078125,
            100.2759017944336
        ]
    ],
    "scores": [
        0.9984723925590515,
        0.9895709753036499,
        0.9740472435951233,
        0.9517965912818909,
        0.3859064280986786
    ]
}