{
    "predicted_boxes": [
        [
            1253.9671630859375,
            646.2086181640625,
            1297.54736328125,
            684.5518188476562
        ],
        [
            1257.2266845703125,
            696.5233764648438,
            1276.242919921875,
            717.551025390625
        ],
        [
            1257.6009521484375,
            726.9765014648438,
            1268.1912841796875,
            744.2681884765625
        ],
        [
            1320.9078369140625,
            733.2498779296875,
            1333.9412841796875,
            748.55029296875
        ],
        [
            1258.3682861328125,
            724.091064453125,
            1266.6458740234375,
            738.9693603515625
        ]
    ],
    "scores": [
        0.9970309734344482,
        0.9819568395614624,
        0.29042986035346985,
        0.09870944917201996,
        0.06939822435379028
    ]
}