{
    "predicted_boxes": [
        [
            1749.884521484375,
            753.37353515625,
            1772.69189453125,
            779.841064453125
        ],
        [
            1750.7249755859375,
            743.9420776367188,
            1773.1053466796875,
            767.8230590820312
        ],
        [
            1727.9246826171875,
            751.8085327148438,
            1743.8287353515625,
            769.7352294921875
        ],
        [
            499.3304748535156,
            1.2184442281723022,
            588.1307983398438,
            42.629173278808594
        ],
        [
            1755.675537109375,
            742.8041381835938,
            1769.5843505859375,
            758.8504638671875
        ]
    ],
    "scores": [
        0.9375532865524292,
        0.23630446195602417,
        0.14151714742183685,
        0.06775210797786713,
        0.053022727370262146
    ]
}