{
    "predicted_boxes": [
        [
            428.1500244140625,
            717.1427001953125,
            478.61474609375,
            758.6817626953125
        ],
        [
            1115.26123046875,
            720.595703125,
            1157.255615234375,
            756.8102416992188
        ],
        [
            820.7863159179688,
            807.5009765625,
            827.0576782226562,
            827.9938354492188
        ],
        [
            1157.61865234375,
            813.3807983398438,
            1170.5328369140625,
            830.3920288085938
        ],
        [
            326.83721923828125,
            815.2279052734375,
            340.8030090332031,
            835.6683349609375
        ],
        [
            1034.6170654296875,
            806.9932250976562,
            1039.699951171875,
            837.3080444335938
        ],
        [
            818.9739379882812,
            806.190185546875,
            827.5078125,
            820.7372436523438
        ],
        [
            571.423095703125,
            806.4313354492188,
            577.757568359375,
            828.22021484375
        ],
        [
            435.9391174316406,
            724.1813354492188,
            468.34185791015625,
            751.2833862304688
        ],
        [
            630.2127685546875,
            807.6270141601562,
            637.9798583984375,
            820.68017578125
        ],
        [
            821.1307983398438,
            820.3340454101562,
            827.2994384765625,
            829.7748413085938
        ]
    ],
    "scores": [
        0.9855550527572632,
        0.9692571759223938,
        0.22238215804100037,
        0.1321815401315689,
        0.1204565241932869,
        0.10784216225147247,
        0.09489402920007706,
        0.09046640247106552,
        0.07428821921348572,
        0.06506034731864929,
        0.05559209734201431
    ]
}