{
    "predicted_boxes": [
        [
            1394.167724609375,
            98.83150482177734,
            1436.885986328125,
            132.31451416015625
        ],
        [
            798.7434692382812,
            722.0176391601562,
            807.254638671875,
            736.4172973632812
        ]
    ],
    "scores": [
        0.9712861180305481,
        0.3235875070095062
    ]
}