{
    "predicted_boxes": [
        [
            1848.427490234375,
            515.9663696289062,
            1919.081787109375,
            577.4431762695312
        ],
        [
            1354.5396728515625,
            658.207275390625,
            1443.7159423828125,
            721.2748413085938
        ],
        [
            1766.416259765625,
            296.39361572265625,
            1920.0,
            490.0638732910156
        ],
        [
            1449.9434814453125,
            57.01786422729492,
            1488.523193359375,
            92.70914459228516
        ],
        [
            1883.14013671875,
            130.718017578125,
            1889.6646728515625,
            146.29949951171875
        ],
        [
            1883.0894775390625,
            149.36241149902344,
            1889.9786376953125,
            166.00523376464844
        ],
        [
            1884.54833984375,
            145.44017028808594,
            1889.8846435546875,
            160.07696533203125
        ]
    ],
    "scores": [
        0.9979208111763,
        0.9946340322494507,
        0.9857339859008789,
        0.7794259190559387,
        0.3457289934158325,
        0.2770724892616272,
        0.055264491587877274
    ]
}