{
    "predicted_boxes": [
        [
            1136.81884765625,
            668.295166015625,
            1210.303955078125,
            683.0690307617188
        ],
        [
            1759.5916748046875,
            325.3934326171875,
            1920.0,
            484.31524658203125
        ],
        [
            1062.2947998046875,
            628.0309448242188,
            1085.06494140625,
            649.4076538085938
        ],
        [
            1767.2713623046875,
            665.2747192382812,
            1920.0,
            794.8394775390625
        ],
        [
            1104.0968017578125,
            636.5162353515625,
            1113.129638671875,
            654.9443969726562
        ],
        [
            361.21533203125,
            736.1068725585938,
            377.1206970214844,
            760.0308227539062
        ],
        [
            362.5793151855469,
            764.0343017578125,
            376.2294921875,
            812.6993408203125
        ],
        [
            1774.1412353515625,
            491.01397705078125,
            1920.0,
            640.4741821289062
        ],
        [
            1361.2662353515625,
            738.4121704101562,
            1377.6082763671875,
            759.6717529296875
        ]
    ],
    "scores": [
        0.9909833669662476,
        0.8831411600112915,
        0.8786831498146057,
        0.6974818110466003,
        0.5874457359313965,
        0.5467978715896606,
        0.361641526222229,
        0.3197672665119171,
        0.05839589983224869
    ]
}