{
    "predicted_boxes": [
        [
            565.6419067382812,
            313.9075622558594,
            608.8060302734375,
            356.9142150878906
        ],
        [
            849.077392578125,
            322.149658203125,
            888.8566284179688,
            358.11712646484375
        ]
    ],
    "scores": [
        0.9885033965110779,
        0.3614429831504822
    ]
}