{
    "predicted_boxes": [
        [
            603.912841796875,
            629.3690185546875,
            632.2271118164062,
            654.306884765625
        ],
        [
            959.6736450195312,
            632.4769287109375,
            985.3536376953125,
            653.732421875
        ],
        [
            1070.43310546875,
            650.9320068359375,
            1081.1962890625,
            677.672607421875
        ]
    ],
    "scores": [
        0.99591064453125,
        0.10472890734672546,
        0.06038786470890045
    ]
}