{
    "predicted_boxes": [
        [
            1649.144775390625,
            70.80894470214844,
            1677.4765625,
            99.03909301757812
        ]
    ],
    "scores": [
        0.2063906490802765
    ]
}