{
    "predicted_boxes": [
        [
            1431.815185546875,
            60.794979095458984,
            1481.6239013671875,
            104.47511291503906
        ],
        [
            1443.007080078125,
            104.87318420410156,
            1467.6719970703125,
            120.6173095703125
        ]
    ],
    "scores": [
        0.9948432445526123,
        0.7452672719955444
    ]
}