{
    "predicted_boxes": [
        [
            1395.035888671875,
            664.3277587890625,
            1647.200439453125,
            710.5162963867188
        ],
        [
            1069.3404541015625,
            612.6492309570312,
            1117.880859375,
            654.4585571289062
        ],
        [
            172.605712890625,
            634.727783203125,
            196.2825927734375,
            689.74853515625
        ],
        [
            1079.4691162109375,
            651.922607421875,
            1105.762451171875,
            667.1236572265625
        ],
        [
            1292.0535888671875,
            542.964599609375,
            1318.4388427734375,
            600.84326171875
        ],
        [
            1053.357666015625,
            662.754150390625,
            1065.32177734375,
            677.3045043945312
        ],
        [
            1228.9739990234375,
            651.3414306640625,
            1236.7020263671875,
            689.6768798828125
        ],
        [
            1500.6241455078125,
            667.1387329101562,
            1599.0208740234375,
            706.3924560546875
        ],
        [
            1054.914306640625,
            661.9179077148438,
            1063.91796875,
            672.4249267578125
        ],
        [
            1203.1533203125,
            658.4989624023438,
            1218.317138671875,
            674.6268310546875
        ],
        [
            1243.35986328125,
            597.12939453125,
            1290.7393798828125,
            628.1751708984375
        ],
        [
            1292.4786376953125,
            582.580078125,
            1317.1470947265625,
            599.9848022460938
        ],
        [
            1053.392333984375,
            670.7272338867188,
            1067.262451171875,
            687.1077270507812
        ],
        [
            340.6212463378906,
            655.978515625,
            493.94854736328125,
            704.8910522460938
        ],
        [
            936.2230834960938,
            679.328857421875,
            985.7208251953125,
            713.2485961914062
        ],
        [
            940.30419921875,
            675.56396484375,
            979.611328125,
            691.8245849609375
        ]
    ],
    "scores": [
        0.998239278793335,
        0.990802526473999,
        0.9868969321250916,
        0.9606450200080872,
        0.6733545660972595,
        0.48232558369636536,
        0.3842707574367523,
        0.3274719715118408,
        0.19546836614608765,
        0.15790171921253204,
        0.14599394798278809,
        0.12097467482089996,
        0.11874484270811081,
        0.0947858989238739,
        0.09471745789051056,
        0.08031251281499863
    ]
}