{
    "predicted_boxes": [
        [
            1236.3961181640625,
            77.86662292480469,
            1280.989013671875,
            121.8630142211914
        ],
        [
            1516.4290771484375,
            689.4279174804688,
            1530.8189697265625,
            703.757568359375
        ]
    ],
    "scores": [
        0.7624111175537109,
        0.12083393335342407
    ]
}