{
    "predicted_boxes": [
        [
            1421.221435546875,
            68.63568115234375,
            1466.718505859375,
            112.78667449951172
        ],
        [
            1431.728759765625,
            108.72767639160156,
            1455.439453125,
            123.50304412841797
        ]
    ],
    "scores": [
        0.9894112944602966,
        0.07013101130723953
    ]
}