{
    "predicted_boxes": [
        [
            1461.490234375,
            615.594482421875,
            1538.234375,
            652.16259765625
        ],
        [
            1281.299072265625,
            682.7275390625,
            1345.58447265625,
            733.8611450195312
        ],
        [
            1422.36181640625,
            484.88494873046875,
            1572.1217041015625,
            608.3433227539062
        ],
        [
            1344.6417236328125,
            40.164852142333984,
            1390.1365966796875,
            81.91664123535156
        ],
        [
            1354.5609130859375,
            71.77246856689453,
            1378.7275390625,
            92.8488540649414
        ],
        [
            1348.8310546875,
            57.0974235534668,
            1386.653076171875,
            92.43769836425781
        ]
    ],
    "scores": [
        0.9967465400695801,
        0.995995044708252,
        0.9945554733276367,
        0.9824951887130737,
        0.8657023310661316,
        0.39645278453826904
    ]
}