{
    "predicted_boxes": [
        [
            1278.206787109375,
            579.2883911132812,
            1364.864501953125,
            649.2296142578125
        ],
        [
            48.73163604736328,
            574.743896484375,
            134.6680450439453,
            647.7230834960938
        ],
        [
            0.0,
            192.14651489257812,
            21.599990844726562,
            263.8984375
        ],
        [
            546.4606323242188,
            732.2920532226562,
            556.2049560546875,
            748.5007934570312
        ]
    ],
    "scores": [
        0.9983624815940857,
        0.9943810105323792,
        0.11734665185213089,
        0.09428925812244415
    ]
}