{
    "predicted_boxes": [
        [
            462.5273742675781,
            187.0353546142578,
            510.7157897949219,
            232.8707275390625
        ],
        [
            478.20855712890625,
            192.48915100097656,
            510.7544250488281,
            225.60972595214844
        ],
        [
            110.8939208984375,
            174.7094268798828,
            159.74539184570312,
            226.1991424560547
        ],
        [
            687.6802978515625,
            8.433164596557617,
            750.6412963867188,
            42.48724365234375
        ],
        [
            1327.3077392578125,
            734.0864868164062,
            1336.276611328125,
            751.1514282226562
        ]
    ],
    "scores": [
        0.9871156215667725,
        0.5494296550750732,
        0.20234423875808716,
        0.17378297448158264,
        0.08836577087640762
    ]
}