{
    "predicted_boxes": [
        [
            1122.638427734375,
            662.2428588867188,
            1159.0416259765625,
            683.4823608398438
        ],
        [
            1233.0106201171875,
            31.713163375854492,
            1292.9659423828125,
            79.92334747314453
        ],
        [
            1109.0452880859375,
            605.2572631835938,
            1175.06298828125,
            662.6065063476562
        ],
        [
            0.0,
            658.5946655273438,
            184.1807403564453,
            716.363525390625
        ],
        [
            1383.4384765625,
            654.7319946289062,
            1400.0687255859375,
            710.0164184570312
        ],
        [
            1111.5977783203125,
            716.939697265625,
            1118.8271484375,
            731.087890625
        ],
        [
            1054.243408203125,
            718.5139770507812,
            1062.591064453125,
            740.326171875
        ],
        [
            1813.4427490234375,
            319.862548828125,
            1892.741943359375,
            481.2879943847656
        ],
        [
            98.22943878173828,
            878.2310791015625,
            107.4632568359375,
            894.3453369140625
        ],
        [
            1054.71484375,
            720.2057495117188,
            1061.421142578125,
            731.8145751953125
        ],
        [
            7.305811882019043,
            654.6173706054688,
            221.77272033691406,
            754.8019409179688
        ],
        [
            1064.8719482421875,
            683.6024169921875,
            1076.8922119140625,
            696.0076904296875
        ],
        [
            1065.7803955078125,
            699.0293579101562,
            1078.181884765625,
            719.68359375
        ],
        [
            1054.1727294921875,
            716.3244018554688,
            1062.1185302734375,
            727.9832763671875
        ],
        [
            1592.8583984375,
            46.68595886230469,
            1599.5675048828125,
            65.10047149658203
        ]
    ],
    "scores": [
        0.9980728626251221,
        0.9855141639709473,
        0.9825217723846436,
        0.9593520760536194,
        0.9348790645599365,
        0.5593252778053284,
        0.5196623206138611,
        0.42007288336753845,
        0.324299156665802,
        0.30553773045539856,
        0.28333115577697754,
        0.1365433931350708,
        0.11124559491872787,
        0.09174070507287979,
        0.09012435376644135
    ]
}