{
    "predicted_boxes": [
        [
            1669.4100341796875,
            46.181148529052734,
            1711.6341552734375,
            87.76670837402344
        ],
        [
            642.3922119140625,
            332.5783996582031,
            683.8858642578125,
            366.3211669921875
        ],
        [
            903.749267578125,
            335.3047180175781,
            938.7733154296875,
            371.079345703125
        ]
    ],
    "scores": [
        0.9917178153991699,
        0.9830098748207092,
        0.9752189517021179
    ]
}