{
    "predicted_boxes": [
        [
            1424.9156494140625,
            686.0475463867188,
            1521.5594482421875,
            760.1146240234375
        ],
        [
            1422.1219482421875,
            500.8079833984375,
            1540.7125244140625,
            590.2610473632812
        ],
        [
            109.13870239257812,
            504.79046630859375,
            223.44447326660156,
            590.0339965820312
        ],
        [
            1431.4576416015625,
            591.8602905273438,
            1520.27734375,
            675.878173828125
        ],
        [
            117.21053314208984,
            593.7487182617188,
            216.08413696289062,
            677.2706909179688
        ],
        [
            1139.7689208984375,
            672.65380859375,
            1199.2373046875,
            683.5598754882812
        ],
        [
            122.93790435791016,
            684.6279907226562,
            216.26239013671875,
            745.25537109375
        ],
        [
            538.5172119140625,
            730.0897216796875,
            551.1943969726562,
            749.4996948242188
        ],
        [
            819.9058837890625,
            639.9906616210938,
            852.6155395507812,
            664.7190551757812
        ],
        [
            112.47252655029297,
            526.577880859375,
            220.24331665039062,
            657.11181640625
        ],
        [
            1145.546875,
            676.1712036132812,
            1192.9241943359375,
            684.6947631835938
        ],
        [
            1071.9329833984375,
            632.8117065429688,
            1095.6995849609375,
            657.3822631835938
        ],
        [
            1426.9708251953125,
            585.0025024414062,
            1529.3380126953125,
            738.8641357421875
        ],
        [
            1273.5833740234375,
            732.380615234375,
            1284.7216796875,
            764.1068115234375
        ],
        [
            1423.576904296875,
            526.0335083007812,
            1533.75390625,
            646.8560180664062
        ]
    ],
    "scores": [
        0.9973262548446655,
        0.9967100620269775,
        0.9962653517723083,
        0.9851170778274536,
        0.9774540066719055,
        0.905820906162262,
        0.6268172860145569,
        0.2079506814479828,
        0.1635710597038269,
        0.13359029591083527,
        0.08848723769187927,
        0.07865886390209198,
        0.06685026735067368,
        0.06576323509216309,
        0.0590091273188591
    ]
}