{
    "predicted_boxes": [
        [
            209.89683532714844,
            237.3402557373047,
            252.4872283935547,
            276.6595458984375
        ],
        [
            1274.7266845703125,
            68.59233093261719,
            1323.593017578125,
            103.3985595703125
        ]
    ],
    "scores": [
        0.9128039479255676,
        0.561587393283844
    ]
}