{
    "predicted_boxes": [
        [
            861.8377685546875,
            777.0057373046875,
            887.6408081054688,
            796.1785888671875
        ],
        [
            861.0127563476562,
            749.5482177734375,
            886.986572265625,
            775.3936767578125
        ],
        [
            930.9451293945312,
            762.0055541992188,
            992.7188720703125,
            780.6910400390625
        ],
        [
            859.5791015625,
            743.83935546875,
            888.885986328125,
            790.2218627929688
        ],
        [
            1233.23828125,
            723.8199462890625,
            1266.07470703125,
            750.2130126953125
        ]
    ],
    "scores": [
        0.895173192024231,
        0.797312319278717,
        0.3874456286430359,
        0.36006253957748413,
        0.23815730214118958
    ]
}