{
    "predicted_boxes": [
        [
            913.4671630859375,
            727.0685424804688,
            924.4874877929688,
            744.83544921875
        ],
        [
            784.4856567382812,
            412.2218322753906,
            813.2188110351562,
            435.7589416503906
        ]
    ],
    "scores": [
        0.10607107728719711,
        0.08480343967676163
    ]
}