{
    "predicted_boxes": [
        [
            201.31385803222656,
            865.0497436523438,
            221.4512939453125,
            884.3486938476562
        ],
        [
            1856.668212890625,
            0.32708436250686646,
            1914.630126953125,
            69.99778747558594
        ]
    ],
    "scores": [
        0.751103937625885,
        0.20918923616409302
    ]
}