{
    "predicted_boxes": [
        [
            662.4119873046875,
            433.7330017089844,
            689.241943359375,
            460.2232360839844
        ],
        [
            633.0609130859375,
            619.9868774414062,
            683.0549926757812,
            665.0447387695312
        ]
    ],
    "scores": [
        0.9822982549667358,
        0.981238067150116
    ]
}