{
    "predicted_boxes": [
        [
            1290.8795166015625,
            659.580810546875,
            1472.993408203125,
            692.0611572265625
        ],
        [
            1054.057373046875,
            611.8624877929688,
            1097.2420654296875,
            647.87841796875
        ],
        [
            1066.1552734375,
            648.80078125,
            1086.8489990234375,
            662.7501220703125
        ],
        [
            1046.226318359375,
            653.6680297851562,
            1059.7178955078125,
            666.1784057617188
        ],
        [
            1206.46142578125,
            568.4116821289062,
            1224.2496337890625,
            587.0323486328125
        ],
        [
            456.59423828125,
            650.9242553710938,
            578.6333618164062,
            671.0447387695312
        ],
        [
            1205.10693359375,
            593.61572265625,
            1224.9754638671875,
            609.4952392578125
        ],
        [
            75.91474151611328,
            878.189453125,
            86.55884552001953,
            895.47509765625
        ],
        [
            384.0406188964844,
            641.0751342773438,
            398.766845703125,
            677.7060546875
        ],
        [
            1172.4207763671875,
            580.1143798828125,
            1202.624755859375,
            608.0984497070312
        ],
        [
            1183.4129638671875,
            645.0098266601562,
            1198.0843505859375,
            673.8906860351562
        ],
        [
            449.2908935546875,
            651.22314453125,
            576.066650390625,
            697.072998046875
        ],
        [
            772.01806640625,
            682.2887573242188,
            778.3583374023438,
            693.3553466796875
        ],
        [
            1204.6240234375,
            568.4481201171875,
            1226.8536376953125,
            604.902587890625
        ],
        [
            771.76416015625,
            680.8971557617188,
            779.30810546875,
            689.0560302734375
        ]
    ],
    "scores": [
        0.999212384223938,
        0.9732933640480042,
        0.9503605365753174,
        0.9350066781044006,
        0.6734253764152527,
        0.6276162266731262,
        0.5636090040206909,
        0.475257933139801,
        0.4436495006084442,
        0.4349212348461151,
        0.2693328857421875,
        0.18964627385139465,
        0.16158027946949005,
        0.14124348759651184,
        0.05593933165073395
    ]
}