{
    "predicted_boxes": [
        [
            1287.1307373046875,
            682.7103881835938,
            1322.9674072265625,
            715.2249755859375
        ],
        [
            761.8766479492188,
            759.7733764648438,
            770.1972045898438,
            774.6861572265625
        ],
        [
            1465.654541015625,
            29.8404483795166,
            1510.147216796875,
            71.20264434814453
        ],
        [
            1302.780029296875,
            726.3297729492188,
            1324.7447509765625,
            742.5092163085938
        ]
    ],
    "scores": [
        0.9903469681739807,
        0.11234991997480392,
        0.09081315249204636,
        0.07004547864198685
    ]
}