{
    "predicted_boxes": [
        [
            1122.6368408203125,
            662.85693359375,
            1159.3350830078125,
            682.4710083007812
        ],
        [
            1233.880126953125,
            30.94570541381836,
            1292.1053466796875,
            78.215087890625
        ],
        [
            0.0,
            654.8653564453125,
            180.87570190429688,
            761.533203125
        ],
        [
            1107.5372314453125,
            605.5543823242188,
            1175.196533203125,
            662.64892578125
        ],
        [
            1383.29345703125,
            654.266357421875,
            1400.6739501953125,
            710.6590576171875
        ],
        [
            96.4901123046875,
            878.2278442382812,
            107.74248504638672,
            893.9458618164062
        ],
        [
            1053.8017578125,
            718.834716796875,
            1062.871337890625,
            741.645263671875
        ],
        [
            1.2040619850158691,
            659.6600952148438,
            180.626220703125,
            702.4677124023438
        ],
        [
            1814.6068115234375,
            322.5846252441406,
            1892.126708984375,
            480.73846435546875
        ],
        [
            1063.715087890625,
            683.0010986328125,
            1077.016845703125,
            696.8884887695312
        ],
        [
            1054.266357421875,
            720.8582763671875,
            1061.4429931640625,
            732.4868774414062
        ],
        [
            1112.1903076171875,
            717.7857055664062,
            1118.19775390625,
            733.72119140625
        ],
        [
            1061.9605712890625,
            684.7665405273438,
            1078.47607421875,
            707.0513916015625
        ],
        [
            1066.4324951171875,
            703.8611450195312,
            1079.2711181640625,
            724.59521484375
        ],
        [
            1064.958984375,
            693.5376586914062,
            1078.6290283203125,
            719.2839965820312
        ]
    ],
    "scores": [
        0.9971011281013489,
        0.996523916721344,
        0.9919791221618652,
        0.990566074848175,
        0.9571914076805115,
        0.9376146793365479,
        0.717709481716156,
        0.65130215883255,
        0.6002026200294495,
        0.2617182731628418,
        0.20924042165279388,
        0.10244838893413544,
        0.08853597939014435,
        0.06796645373106003,
        0.058368876576423645
    ]
}