{
    "predicted_boxes": [
        [
            27.850574493408203,
            869.1312255859375,
            43.930355072021484,
            887.8240966796875
        ],
        [
            696.8274536132812,
            728.6979370117188,
            711.0011596679688,
            751.554443359375
        ]
    ],
    "scores": [
        0.8198376297950745,
        0.49879491329193115
    ]
}