{
    "predicted_boxes": [
        [
            1121.24609375,
            650.5613403320312,
            1206.1412353515625,
            666.888916015625
        ],
        [
            710.69775390625,
            607.1512451171875,
            751.7354736328125,
            638.4508666992188
        ],
        [
            712.50537109375,
            638.9298095703125,
            780.3477783203125,
            662.5496215820312
        ],
        [
            728.955322265625,
            637.817138671875,
            778.2362060546875,
            655.7390747070312
        ],
        [
            1029.6771240234375,
            607.8569946289062,
            1056.735595703125,
            632.8654174804688
        ],
        [
            715.2775268554688,
            639.6723022460938,
            750.2606201171875,
            656.1609497070312
        ],
        [
            714.7172241210938,
            643.3489379882812,
            741.8987426757812,
            661.295166015625
        ],
        [
            730.893798828125,
            646.055419921875,
            776.2142333984375,
            660.5214233398438
        ],
        [
            725.4817504882812,
            651.3525390625,
            777.4320678710938,
            664.1248168945312
        ],
        [
            715.6183471679688,
            639.0985717773438,
            731.3085327148438,
            658.9585571289062
        ],
        [
            712.4678955078125,
            636.3255615234375,
            769.4429931640625,
            651.1495971679688
        ],
        [
            715.1297607421875,
            647.0528564453125,
            731.3421630859375,
            664.1611328125
        ],
        [
            710.3746337890625,
            618.711181640625,
            777.2421875,
            664.0847778320312
        ],
        [
            1182.5106201171875,
            715.2776489257812,
            1193.7381591796875,
            731.2774047851562
        ]
    ],
    "scores": [
        0.9573496580123901,
        0.9125947952270508,
        0.9113608002662659,
        0.6187962889671326,
        0.5188766121864319,
        0.3012365996837616,
        0.22531908750534058,
        0.18832069635391235,
        0.12486124783754349,
        0.09345462918281555,
        0.08231710642576218,
        0.07232150435447693,
        0.055746808648109436,
        0.05539262667298317
    ]
}