{
    "predicted_boxes": [
        [
            1213.2357177734375,
            611.2214965820312,
            1341.268798828125,
            635.2859497070312
        ],
        [
            511.6080322265625,
            579.5492553710938,
            544.3161010742188,
            598.2669677734375
        ],
        [
            1054.590087890625,
            565.3945922851562,
            1089.1583251953125,
            594.2874145507812
        ],
        [
            587.004150390625,
            600.6824340820312,
            692.5106811523438,
            633.2091064453125
        ],
        [
            1056.573974609375,
            595.0462036132812,
            1083.4075927734375,
            606.1249389648438
        ],
        [
            1053.9892578125,
            585.0137939453125,
            1086.25146484375,
            603.78515625
        ],
        [
            582.6713256835938,
            597.6106567382812,
            589.92236328125,
            628.5874633789062
        ],
        [
            588.9786376953125,
            601.7022094726562,
            600.1561279296875,
            629.0382080078125
        ],
        [
            1148.283447265625,
            601.396484375,
            1156.3909912109375,
            615.790771484375
        ]
    ],
    "scores": [
        0.993763267993927,
        0.9865942001342773,
        0.9639133214950562,
        0.8498932719230652,
        0.7698651552200317,
        0.2910906970500946,
        0.12317265570163727,
        0.08760374039411545,
        0.07481352984905243
    ]
}