{
    "predicted_boxes": [
        [
            1036.7879638671875,
            679.4683837890625,
            1062.908203125,
            703.4270629882812
        ],
        [
            622.1836547851562,
            675.3477783203125,
            652.4415283203125,
            701.1279296875
        ],
        [
            708.6887817382812,
            741.9049072265625,
            714.7994384765625,
            761.7061157226562
        ],
        [
            1201.272216796875,
            697.0475463867188,
            1219.427490234375,
            712.8175048828125
        ]
    ],
    "scores": [
        0.9731632471084595,
        0.344480037689209,
        0.12054472416639328,
        0.09139982610940933
    ]
}