{
    "predicted_boxes": [
        [
            1412.7393798828125,
            84.5259780883789,
            1465.648193359375,
            132.8532257080078
        ],
        [
            1423.075927734375,
            130.49119567871094,
            1452.2926025390625,
            146.61456298828125
        ]
    ],
    "scores": [
        0.9782934188842773,
        0.07629678398370743
    ]
}