{
    "predicted_boxes": [
        [
            1526.3336181640625,
            69.06502532958984,
            1561.5072021484375,
            98.26628875732422
        ]
    ],
    "scores": [
        0.9142443537712097
    ]
}