{
    "predicted_boxes": [
        [
            1148.6187744140625,
            629.0006103515625,
            1203.880126953125,
            677.1868896484375
        ],
        [
            1142.068603515625,
            693.4511108398438,
            1169.82421875,
            718.8707275390625
        ],
        [
            1148.7386474609375,
            727.777587890625,
            1161.1683349609375,
            744.3220825195312
        ],
        [
            1151.07177734375,
            742.4263916015625,
            1159.8890380859375,
            761.0619506835938
        ],
        [
            1776.481201171875,
            72.94673156738281,
            1810.7674560546875,
            108.54322052001953
        ]
    ],
    "scores": [
        0.99407958984375,
        0.9889095425605774,
        0.1830781251192093,
        0.1493821144104004,
        0.05197130888700485
    ]
}