{
    "predicted_boxes": [
        [
            1122.7830810546875,
            652.9456787109375,
            1206.84130859375,
            665.7996826171875
        ],
        [
            707.6696166992188,
            606.8687744140625,
            748.340576171875,
            639.3280639648438
        ],
        [
            1084.6141357421875,
            612.5466918945312,
            1094.94921875,
            631.845703125
        ],
        [
            710.9387817382812,
            639.3595581054688,
            780.94970703125,
            664.2882690429688
        ],
        [
            1030.4364013671875,
            608.4369506835938,
            1058.9559326171875,
            634.3995361328125
        ],
        [
            596.0299072265625,
            647.4224243164062,
            664.0235595703125,
            674.1427001953125
        ],
        [
            712.0023193359375,
            640.02685546875,
            746.82373046875,
            665.1161499023438
        ],
        [
            709.9786376953125,
            643.3833618164062,
            730.1829223632812,
            665.5134887695312
        ],
        [
            1148.560546875,
            653.9203491210938,
            1192.4002685546875,
            663.7940063476562
        ],
        [
            729.6717529296875,
            644.8466796875,
            751.2633056640625,
            662.013427734375
        ],
        [
            723.2944946289062,
            643.6710205078125,
            762.1304321289062,
            664.5725708007812
        ]
    ],
    "scores": [
        0.9849662780761719,
        0.9629145264625549,
        0.7784174680709839,
        0.771073579788208,
        0.6210682392120361,
        0.3991016745567322,
        0.35412004590034485,
        0.16620704531669617,
        0.16468319296836853,
        0.10273484140634537,
        0.059769075363874435
    ]
}