{
    "predicted_boxes": [
        [
            316.23974609375,
            429.5296325683594,
            344.88140869140625,
            455.50286865234375
        ],
        [
            727.6253662109375,
            718.976806640625,
            744.83837890625,
            737.7307739257812
        ],
        [
            1238.733154296875,
            156.7506561279297,
            1252.390869140625,
            190.37643432617188
        ]
    ],
    "scores": [
        0.9470316171646118,
        0.46394434571266174,
        0.08147860318422318
    ]
}