{
    "predicted_boxes": [
        [
            639.3789672851562,
            724.2732543945312,
            682.72216796875,
            758.8807983398438
        ],
        [
            638.4127197265625,
            674.5558471679688,
            683.1742553710938,
            719.5773315429688
        ],
        [
            635.4879150390625,
            648.120361328125,
            683.2711791992188,
            685.2093505859375
        ],
        [
            633.5631103515625,
            649.0902099609375,
            686.055908203125,
            715.2117919921875
        ],
        [
            832.8656005859375,
            701.2954711914062,
            854.5506591796875,
            722.11767578125
        ],
        [
            644.7311401367188,
            690.1416015625,
            677.0626220703125,
            718.3480834960938
        ]
    ],
    "scores": [
        0.9526558518409729,
        0.9210312366485596,
        0.7962835431098938,
        0.3193564713001251,
        0.23481588065624237,
        0.09775282442569733
    ]
}