{
    "predicted_boxes": [
        [
            1578.1986083984375,
            407.1549072265625,
            1788.7109375,
            566.0887451171875
        ],
        [
            42.576534271240234,
            903.8602294921875,
            47.69309616088867,
            917.7892456054688
        ],
        [
            1008.7839965820312,
            633.6233520507812,
            1025.8228759765625,
            655.3551635742188
        ]
    ],
    "scores": [
        0.9686474800109863,
        0.09418370574712753,
        0.05072030797600746
    ]
}