{
    "predicted_boxes": [
        [
            710.8469848632812,
            789.4732055664062,
            742.8026733398438,
            812.190185546875
        ],
        [
            712.31689453125,
            756.5864868164062,
            743.9374389648438,
            785.837646484375
        ],
        [
            706.9019165039062,
            726.8480834960938,
            747.9463500976562,
            767.7057495117188
        ],
        [
            854.913330078125,
            767.6279296875,
            875.4150390625,
            786.2421264648438
        ],
        [
            1434.140869140625,
            816.93994140625,
            1459.0440673828125,
            847.3572387695312
        ]
    ],
    "scores": [
        0.9946816563606262,
        0.8464555144309998,
        0.24677172303199768,
        0.11685649305582047,
        0.07126463949680328
    ]
}