{
    "predicted_boxes": [
        [
            72.6862564086914,
            428.5829162597656,
            103.78553009033203,
            455.7405090332031
        ],
        [
            546.4500732421875,
            651.4535522460938,
            587.6504516601562,
            685.1936645507812
        ],
        [
            1880.821533203125,
            652.1642456054688,
            1917.8387451171875,
            750.1973266601562
        ],
        [
            1094.0174560546875,
            647.581787109375,
            1139.464599609375,
            682.2683715820312
        ],
        [
            621.9796142578125,
            511.13140869140625,
            645.7246704101562,
            530.2647705078125
        ]
    ],
    "scores": [
        0.9617842435836792,
        0.7412179112434387,
        0.21866679191589355,
        0.08165726810693741,
        0.0802190750837326
    ]
}