{
    "predicted_boxes": [
        [
            1124.5269775390625,
            653.3589477539062,
            1210.3585205078125,
            669.1857299804688
        ],
        [
            705.9288330078125,
            640.349609375,
            779.56201171875,
            660.695068359375
        ],
        [
            706.5205078125,
            647.9743041992188,
            778.0562133789062,
            666.8572998046875
        ],
        [
            1030.4508056640625,
            608.7898559570312,
            1059.29638671875,
            635.4683837890625
        ],
        [
            699.7433471679688,
            606.7422485351562,
            742.8572387695312,
            640.768310546875
        ],
        [
            1149.56103515625,
            654.4136352539062,
            1201.3082275390625,
            666.298095703125
        ],
        [
            1131.736328125,
            652.891357421875,
            1207.4935302734375,
            662.22900390625
        ],
        [
            708.12890625,
            640.6929321289062,
            732.369384765625,
            663.1514282226562
        ],
        [
            702.599365234375,
            622.4616088867188,
            780.2889404296875,
            667.0656127929688
        ]
    ],
    "scores": [
        0.9934436082839966,
        0.9579196572303772,
        0.8721582293510437,
        0.8122621178627014,
        0.31876975297927856,
        0.2699427902698517,
        0.23503488302230835,
        0.14327099919319153,
        0.07303266227245331
    ]
}