{
    "predicted_boxes": [
        [
            1893.9146728515625,
            674.9926147460938,
            1920.0,
            709.0175170898438
        ],
        [
            1904.4886474609375,
            708.9197387695312,
            1919.0673828125,
            723.6629638671875
        ],
        [
            1908.1690673828125,
            713.0874633789062,
            1917.7880859375,
            724.2532958984375
        ]
    ],
    "scores": [
        0.973686695098877,
        0.21934223175048828,
        0.051919400691986084
    ]
}