{
    "predicted_boxes": [
        [
            174.83990478515625,
            635.9535522460938,
            225.83004760742188,
            657.5296630859375
        ],
        [
            141.23745727539062,
            545.5919799804688,
            255.38966369628906,
            626.14453125
        ],
        [
            76.11434173583984,
            673.852783203125,
            136.07398986816406,
            715.2432861328125
        ]
    ],
    "scores": [
        0.9914048910140991,
        0.9868573546409607,
        0.9765011668205261
    ]
}