{
    "predicted_boxes": [
        [
            1240.4725341796875,
            27.903059005737305,
            1332.90673828125,
            102.65904998779297
        ],
        [
            1264.2271728515625,
            99.6233901977539,
            1302.698974609375,
            124.66770935058594
        ],
        [
            35.062782287597656,
            876.1256713867188,
            58.254981994628906,
            896.0908203125
        ],
        [
            1648.2144775390625,
            128.91213989257812,
            1677.0262451171875,
            157.48385620117188
        ]
    ],
    "scores": [
        0.9951038360595703,
        0.9906762838363647,
        0.08551201969385147,
        0.07138660550117493
    ]
}