{
    "predicted_boxes": [
        [
            1518.3494873046875,
            634.5703125,
            1575.8900146484375,
            682.1268310546875
        ],
        [
            1046.7608642578125,
            679.7355346679688,
            1156.9603271484375,
            744.21044921875
        ]
    ],
    "scores": [
        0.9973143935203552,
        0.9742053747177124
    ]
}