{
    "predicted_boxes": [
        [
            999.6032104492188,
            675.4439697265625,
            1111.2777099609375,
            738.796875
        ],
        [
            1490.704833984375,
            629.427734375,
            1550.9920654296875,
            678.892822265625
        ],
        [
            231.46572875976562,
            603.1743774414062,
            263.2821350097656,
            650.4173583984375
        ],
        [
            1027.0697021484375,
            679.3101806640625,
            1085.1827392578125,
            696.505859375
        ],
        [
            1015.4201049804688,
            678.4823608398438,
            1094.875,
            719.2532348632812
        ]
    ],
    "scores": [
        0.9969499707221985,
        0.9923479557037354,
        0.18448872864246368,
        0.1697160303592682,
        0.07790243625640869
    ]
}