{
    "predicted_boxes": [
        [
            1235.56396484375,
            76.38001251220703,
            1291.5843505859375,
            122.44019317626953
        ],
        [
            1109.00390625,
            560.1666870117188,
            1176.8095703125,
            619.3252563476562
        ],
        [
            1126.599609375,
            619.9500732421875,
            1159.6103515625,
            637.4918212890625
        ],
        [
            0.0,
            612.0913696289062,
            183.50962829589844,
            699.2341918945312
        ],
        [
            1384.73291015625,
            614.5062866210938,
            1402.4718017578125,
            668.2073364257812
        ],
        [
            1822.5496826171875,
            275.4817199707031,
            1900.6934814453125,
            436.0357971191406
        ],
        [
            1062.2120361328125,
            638.0968627929688,
            1078.0103759765625,
            654.2132568359375
        ],
        [
            1054.3863525390625,
            675.0107421875,
            1062.334228515625,
            698.6865234375
        ],
        [
            1064.770263671875,
            655.6167602539062,
            1078.5655517578125,
            677.3461303710938
        ],
        [
            1063.013427734375,
            646.1131591796875,
            1078.0137939453125,
            673.4413452148438
        ]
    ],
    "scores": [
        0.9970102310180664,
        0.9889957904815674,
        0.9883608818054199,
        0.903930127620697,
        0.6594396829605103,
        0.40509864687919617,
        0.3877340257167816,
        0.14623792469501495,
        0.13589024543762207,
        0.10831388086080551
    ]
}