{
    "predicted_boxes": [
        [
            1270.564697265625,
            39.86860656738281,
            1348.4068603515625,
            105.60121154785156
        ],
        [
            1285.668212890625,
            103.94786834716797,
            1324.22216796875,
            125.98733520507812
        ],
        [
            459.0272521972656,
            666.8396606445312,
            570.929443359375,
            721.6654663085938
        ]
    ],
    "scores": [
        0.9944577217102051,
        0.9937897324562073,
        0.08616317063570023
    ]
}