{
    "predicted_boxes": [
        [
            1117.6610107421875,
            645.4008178710938,
            1154.3680419921875,
            683.6220092773438
        ],
        [
            504.11566162109375,
            643.4456176757812,
            542.34521484375,
            676.736572265625
        ],
        [
            1069.1239013671875,
            720.8211059570312,
            1078.173583984375,
            734.5686645507812
        ]
    ],
    "scores": [
        0.9972594976425171,
        0.9945494532585144,
        0.05579032748937607
    ]
}