{
    "predicted_boxes": [
        [
            1226.903076171875,
            53.17068099975586,
            1276.323974609375,
            92.5755386352539
        ],
        [
            291.529541015625,
            294.684326171875,
            331.74163818359375,
            333.1189880371094
        ],
        [
            1203.0306396484375,
            54.542354583740234,
            1223.3255615234375,
            67.10745239257812
        ]
    ],
    "scores": [
        0.9912211894989014,
        0.6412414908409119,
        0.09544698894023895
    ]
}