{
    "predicted_boxes": [
        [
            943.0418090820312,
            355.1060485839844,
            981.7024536132812,
            388.4764404296875
        ],
        [
            681.2998657226562,
            349.0513610839844,
            724.8269653320312,
            388.4299011230469
        ]
    ],
    "scores": [
        0.9088035821914673,
        0.8267375230789185
    ]
}