{
    "predicted_boxes": [
        [
            1233.3341064453125,
            581.382080078125,
            1325.294189453125,
            653.1813354492188
        ],
        [
            81.20520782470703,
            590.9436645507812,
            175.58363342285156,
            656.4774169921875
        ],
        [
            185.11871337890625,
            390.7109680175781,
            216.92715454101562,
            418.72003173828125
        ],
        [
            1241.0809326171875,
            722.2078247070312,
            1248.8861083984375,
            738.1943969726562
        ],
        [
            565.3046264648438,
            732.5595092773438,
            573.87744140625,
            747.2061157226562
        ]
    ],
    "scores": [
        0.9983105659484863,
        0.9936845898628235,
        0.9772442579269409,
        0.2374398112297058,
        0.07269222289323807
    ]
}