{
    "predicted_boxes": [
        [
            1384.15673828125,
            654.0933837890625,
            1628.5589599609375,
            693.9031982421875
        ],
        [
            1067.8389892578125,
            603.7568359375,
            1115.0281982421875,
            646.0180053710938
        ],
        [
            1078.615234375,
            643.3636474609375,
            1104.233642578125,
            656.2095336914062
        ],
        [
            1280.325927734375,
            534.8652954101562,
            1307.5306396484375,
            592.3739013671875
        ],
        [
            1199.9288330078125,
            648.723388671875,
            1218.0616455078125,
            673.473388671875
        ],
        [
            1052.9053955078125,
            649.6994018554688,
            1063.9952392578125,
            663.9061889648438
        ],
        [
            1201.0457763671875,
            649.6416625976562,
            1213.5390625,
            664.0518798828125
        ],
        [
            1200.8037109375,
            657.4270629882812,
            1216.096923828125,
            677.3923950195312
        ],
        [
            1052.1544189453125,
            657.334228515625,
            1064.176025390625,
            681.211669921875
        ],
        [
            1466.9964599609375,
            658.7841796875,
            1580.45654296875,
            690.263916015625
        ],
        [
            1221.1513671875,
            643.0923461914062,
            1229.54638671875,
            671.5823974609375
        ],
        [
            1281.462890625,
            573.6303100585938,
            1306.8525390625,
            592.458740234375
        ],
        [
            749.899658203125,
            683.614501953125,
            756.8588256835938,
            691.8021850585938
        ],
        [
            1418.904296875,
            654.1911010742188,
            1536.8419189453125,
            692.974853515625
        ],
        [
            1051.1365966796875,
            665.3837280273438,
            1061.4691162109375,
            682.6782836914062
        ],
        [
            1239.0670166015625,
            582.7767333984375,
            1287.4500732421875,
            617.2616577148438
        ],
        [
            1224.2984619140625,
            641.179443359375,
            1231.0164794921875,
            668.27294921875
        ]
    ],
    "scores": [
        0.9994377493858337,
        0.9876289367675781,
        0.9552163481712341,
        0.8494332432746887,
        0.6215814352035522,
        0.35852354764938354,
        0.33334341645240784,
        0.27497994899749756,
        0.25557318329811096,
        0.2116069793701172,
        0.18722648918628693,
        0.13856017589569092,
        0.07106313854455948,
        0.06567250937223434,
        0.06369828432798386,
        0.05461475998163223,
        0.05364256724715233
    ]
}