{
    "predicted_boxes": [
        [
            1238.94775390625,
            644.2937622070312,
            1281.936767578125,
            680.8258666992188
        ],
        [
            1238.1290283203125,
            694.2586059570312,
            1265.6739501953125,
            716.8710327148438
        ],
        [
            1241.649169921875,
            728.1578369140625,
            1251.16943359375,
            754.0285034179688
        ]
    ],
    "scores": [
        0.9921758770942688,
        0.9750638604164124,
        0.1093793511390686
    ]
}