{
    "predicted_boxes": [
        [
            1110.239501953125,
            454.8008728027344,
            1138.8795166015625,
            478.5687561035156
        ],
        [
            5.6261820793151855,
            866.5480346679688,
            24.717487335205078,
            886.9267578125
        ],
        [
            778.1848754882812,
            728.2852172851562,
            792.7150268554688,
            749.978271484375
        ]
    ],
    "scores": [
        0.7776666283607483,
        0.4117059111595154,
        0.06912963092327118
    ]
}