{
    "predicted_boxes": [
        [
            245.79653930664062,
            274.35888671875,
            290.8536682128906,
            314.2990417480469
        ],
        [
            1398.177978515625,
            769.0689086914062,
            1418.2337646484375,
            788.8238525390625
        ],
        [
            1395.984375,
            744.9002075195312,
            1418.6234130859375,
            767.4490966796875
        ],
        [
            550.8533935546875,
            274.3909912109375,
            593.120849609375,
            312.4561767578125
        ],
        [
            1692.8516845703125,
            754.1342163085938,
            1720.2080078125,
            788.433349609375
        ],
        [
            1397.44482421875,
            750.620849609375,
            1408.5921630859375,
            766.1912231445312
        ]
    ],
    "scores": [
        0.9848247170448303,
        0.9655232429504395,
        0.8320800065994263,
        0.674075186252594,
        0.10744518041610718,
        0.06276555359363556
    ]
}