{
    "predicted_boxes": [
        [
            1502.8521728515625,
            671.4442138671875,
            1852.3677978515625,
            727.3480834960938
        ],
        [
            1079.392333984375,
            616.0033569335938,
            1136.4556884765625,
            661.8115844726562
        ],
        [
            1094.31396484375,
            662.5519409179688,
            1118.5018310546875,
            677.3948974609375
        ],
        [
            1042.5648193359375,
            708.1295776367188,
            1051.3463134765625,
            728.7955322265625
        ],
        [
            1055.1318359375,
            673.3192749023438,
            1071.282470703125,
            689.3860473632812
        ],
        [
            1385.268310546875,
            512.1664428710938,
            1417.387939453125,
            583.3594970703125
        ],
        [
            1269.0411376953125,
            663.3256225585938,
            1281.00927734375,
            695.80615234375
        ],
        [
            1059.62744140625,
            695.8968505859375,
            1070.95849609375,
            712.1622314453125
        ],
        [
            935.912353515625,
            686.7655029296875,
            977.2240600585938,
            704.3114624023438
        ],
        [
            1627.9801025390625,
            673.3939208984375,
            1780.994873046875,
            725.30126953125
        ],
        [
            1043.54345703125,
            707.0787353515625,
            1050.1171875,
            721.3056030273438
        ],
        [
            1057.39892578125,
            687.0950927734375,
            1070.67724609375,
            705.59130859375
        ],
        [
            1554.2603759765625,
            674.5372924804688,
            1633.8768310546875,
            720.1027221679688
        ]
    ],
    "scores": [
        0.9974599480628967,
        0.9660651087760925,
        0.9615074396133423,
        0.938746452331543,
        0.837576150894165,
        0.6480256915092468,
        0.6229451298713684,
        0.25406748056411743,
        0.14999262988567352,
        0.1487819403409958,
        0.1425345093011856,
        0.07191202789545059,
        0.060639191418886185
    ]
}