{
    "predicted_boxes": [
        [
            1065.184814453125,
            773.62841796875,
            1090.0142822265625,
            792.557861328125
        ],
        [
            1063.5115966796875,
            733.2256469726562,
            1093.345458984375,
            776.6961059570312
        ],
        [
            1487.37890625,
            780.3983154296875,
            1495.491455078125,
            795.10302734375
        ],
        [
            802.1420288085938,
            756.027099609375,
            813.8648071289062,
            773.3419189453125
        ],
        [
            1130.1512451171875,
            765.1739501953125,
            1181.9342041015625,
            779.9048461914062
        ]
    ],
    "scores": [
        0.9933502078056335,
        0.9568135142326355,
        0.24897000193595886,
        0.11002721637487411,
        0.08081527054309845
    ]
}