{
    "predicted_boxes": [
        [
            1367.2266845703125,
            66.82990264892578,
            1406.1993408203125,
            97.25995635986328
        ]
    ],
    "scores": [
        0.9919885993003845
    ]
}