{
    "predicted_boxes": [
        [
            1432.256591796875,
            21.706716537475586,
            1480.545654296875,
            83.90522003173828
        ],
        [
            1444.316650390625,
            59.12126541137695,
            1464.781494140625,
            82.24205780029297
        ]
    ],
    "scores": [
        0.8698760271072388,
        0.05851365998387337
    ]
}