{
    "predicted_boxes": [
        [
            1344.6556396484375,
            67.79093933105469,
            1384.1368408203125,
            97.53328704833984
        ]
    ],
    "scores": [
        0.8934540748596191
    ]
}