{
    "predicted_boxes": [
        [
            650.7391357421875,
            730.80810546875,
            691.323974609375,
            760.3701171875
        ],
        [
            651.6796264648438,
            691.642333984375,
            690.6614990234375,
            725.8251953125
        ],
        [
            647.7268676757812,
            654.21875,
            693.4076538085938,
            689.7532348632812
        ],
        [
            546.8610229492188,
            757.6097412109375,
            559.0640258789062,
            775.7613525390625
        ]
    ],
    "scores": [
        0.9203195571899414,
        0.38782504200935364,
        0.15610270202159882,
        0.11022739857435226
    ]
}