{
    "predicted_boxes": [
        [
            1699.605224609375,
            698.8931274414062,
            1801.6151123046875,
            743.346435546875
        ],
        [
            1765.7833251953125,
            701.2923583984375,
            1795.1376953125,
            718.398193359375
        ],
        [
            1747.9013671875,
            698.7667236328125,
            1797.0606689453125,
            736.6795654296875
        ],
        [
            1764.0152587890625,
            704.8949584960938,
            1796.9613037109375,
            731.7362060546875
        ],
        [
            1754.47265625,
            730.5068969726562,
            1777.2093505859375,
            745.3378295898438
        ],
        [
            1721.0574951171875,
            703.5730590820312,
            1773.4505615234375,
            729.1038208007812
        ]
    ],
    "scores": [
        0.9899482727050781,
        0.3138299584388733,
        0.27090364694595337,
        0.0951351597905159,
        0.08297694474458694,
        0.05286136642098427
    ]
}