{
    "predicted_boxes": [
        [
            295.91888427734375,
            412.0340270996094,
            326.7362060546875,
            439.6247863769531
        ]
    ],
    "scores": [
        0.8863105177879333
    ]
}