{
    "predicted_boxes": [
        [
            1356.494140625,
            422.8046569824219,
            1426.1370849609375,
            575.080810546875
        ]
    ],
    "scores": [
        0.9826561212539673
    ]
}