{
    "predicted_boxes": [
        [
            1295.4796142578125,
            626.037109375,
            1368.631103515625,
            690.5441284179688
        ],
        [
            1288.89453125,
            564.4049682617188,
            1378.619140625,
            629.2569580078125
        ],
        [
            361.9897155761719,
            629.3941040039062,
            434.7996520996094,
            686.0452270507812
        ],
        [
            356.1888427734375,
            564.6026611328125,
            435.4893493652344,
            627.1836547851562
        ],
        [
            365.1492919921875,
            696.2759399414062,
            437.2601318359375,
            747.3717651367188
        ],
        [
            1296.784912109375,
            695.6962280273438,
            1367.377685546875,
            749.1552124023438
        ],
        [
            1067.576416015625,
            638.5974731445312,
            1088.021728515625,
            657.6182250976562
        ],
        [
            1126.0650634765625,
            674.815185546875,
            1171.6448974609375,
            687.038330078125
        ],
        [
            1291.4041748046875,
            589.82080078125,
            1374.09912109375,
            735.224609375
        ],
        [
            1297.0086669921875,
            623.2389526367188,
            1366.1031494140625,
            642.0797729492188
        ],
        [
            1594.7178955078125,
            752.6638793945312,
            1625.8414306640625,
            788.6597900390625
        ]
    ],
    "scores": [
        0.9957309365272522,
        0.9925979375839233,
        0.9922641515731812,
        0.9914649128913879,
        0.9902576208114624,
        0.9834988713264465,
        0.6902361512184143,
        0.30113399028778076,
        0.21456660330295563,
        0.08147292584180832,
        0.059339459985494614
    ]
}