{
    "predicted_boxes": [
        [
            321.060546875,
            428.574462890625,
            351.0975646972656,
            454.0422058105469
        ]
    ],
    "scores": [
        0.9113275408744812
    ]
}