{
    "predicted_boxes": [
        [
            1123.1622314453125,
            664.1666259765625,
            1158.44091796875,
            683.37255859375
        ],
        [
            1108.36572265625,
            607.0750122070312,
            1176.445068359375,
            663.6607055664062
        ],
        [
            1234.15869140625,
            31.582847595214844,
            1292.564453125,
            76.7297592163086
        ],
        [
            0.0,
            654.2423706054688,
            181.31134033203125,
            762.0205688476562
        ],
        [
            1383.58056640625,
            657.5672607421875,
            1399.9124755859375,
            710.9166259765625
        ],
        [
            1063.7022705078125,
            682.9817504882812,
            1077.01220703125,
            697.1524047851562
        ],
        [
            1063.3167724609375,
            691.392822265625,
            1078.2974853515625,
            713.4674072265625
        ],
        [
            1811.83740234375,
            323.2367248535156,
            1891.84033203125,
            482.1187438964844
        ],
        [
            3.083836793899536,
            659.6619262695312,
            179.47474670410156,
            705.8759765625
        ],
        [
            1066.5360107421875,
            708.7483520507812,
            1078.7159423828125,
            724.3935546875
        ],
        [
            1112.0823974609375,
            720.32763671875,
            1118.6107177734375,
            733.5967407226562
        ],
        [
            1065.500244140625,
            699.7747802734375,
            1077.918212890625,
            720.31201171875
        ],
        [
            1237.2318115234375,
            678.5867309570312,
            1254.97705078125,
            702.8142700195312
        ],
        [
            1064.2652587890625,
            714.1392211914062,
            1078.4183349609375,
            728.3424072265625
        ],
        [
            1063.509033203125,
            686.2894287109375,
            1077.1285400390625,
            705.9219970703125
        ]
    ],
    "scores": [
        0.9974744915962219,
        0.9945324659347534,
        0.9920881390571594,
        0.9901138544082642,
        0.9413291811943054,
        0.8550782203674316,
        0.6020600199699402,
        0.5485485196113586,
        0.4876696765422821,
        0.42180660367012024,
        0.31719785928726196,
        0.25982239842414856,
        0.17600016295909882,
        0.08765371888875961,
        0.07962168753147125
    ]
}