{
    "predicted_boxes": [
        [
            333.2364807128906,
            428.5447082519531,
            365.8743896484375,
            454.5701599121094
        ],
        [
            525.4549560546875,
            428.32940673828125,
            555.2028198242188,
            453.85400390625
        ]
    ],
    "scores": [
        0.936211347579956,
        0.08428249508142471
    ]
}