{
    "predicted_boxes": [
        [
            1397.765380859375,
            78.9140853881836,
            1439.8623046875,
            115.1941146850586
        ],
        [
            1410.0626220703125,
            115.86681365966797,
            1429.6241455078125,
            128.5836944580078
        ],
        [
            1852.985107421875,
            27.75152015686035,
            1919.447021484375,
            81.68364715576172
        ]
    ],
    "scores": [
        0.9912478923797607,
        0.8512892127037048,
        0.203174889087677
    ]
}