{
    "predicted_boxes": [
        [
            1378.612548828125,
            86.55282592773438,
            1441.240478515625,
            140.1414031982422
        ],
        [
            1397.0810546875,
            138.6399383544922,
            1420.2371826171875,
            155.46543884277344
        ]
    ],
    "scores": [
        0.9923046231269836,
        0.837712287902832
    ]
}