{
    "predicted_boxes": [
        [
            429.0704650878906,
            350.50152587890625,
            464.5573425292969,
            384.4361877441406
        ],
        [
            682.7193603515625,
            350.170166015625,
            718.6953125,
            384.24578857421875
        ],
        [
            1708.9588623046875,
            756.8169555664062,
            1719.0931396484375,
            781.60791015625
        ],
        [
            1572.028564453125,
            746.7476196289062,
            1592.5543212890625,
            769.531982421875
        ],
        [
            586.78662109375,
            740.19287109375,
            602.6015625,
            763.7758178710938
        ]
    ],
    "scores": [
        0.9732342958450317,
        0.6244829297065735,
        0.2939806878566742,
        0.1165926605463028,
        0.06493306905031204
    ]
}