{
    "predicted_boxes": [
        [
            1123.078125,
            653.1529541015625,
            1159.3009033203125,
            673.0628051757812
        ],
        [
            1108.4970703125,
            596.3675537109375,
            1175.90966796875,
            654.8094482421875
        ],
        [
            1384.2664794921875,
            648.2735595703125,
            1402.667236328125,
            699.4319458007812
        ],
        [
            1234.447265625,
            42.45591735839844,
            1292.485595703125,
            86.54328155517578
        ],
        [
            1053.778564453125,
            709.07421875,
            1061.9677734375,
            732.2196655273438
        ],
        [
            1062.4163818359375,
            672.6315307617188,
            1077.8482666015625,
            688.3931274414062
        ],
        [
            1812.046142578125,
            313.4787902832031,
            1894.10546875,
            473.1958312988281
        ],
        [
            1053.8702392578125,
            709.0891723632812,
            1061.5164794921875,
            719.5353393554688
        ],
        [
            1064.379638671875,
            684.259765625,
            1078.7073974609375,
            699.394775390625
        ],
        [
            1112.0264892578125,
            709.0556030273438,
            1118.369873046875,
            721.78857421875
        ],
        [
            1066.45751953125,
            688.1922607421875,
            1078.345947265625,
            704.5691528320312
        ],
        [
            1122.3482666015625,
            655.5361938476562,
            1144.6361083984375,
            671.9130859375
        ],
        [
            1067.159912109375,
            696.991455078125,
            1078.7109375,
            711.8570556640625
        ],
        [
            102.32525634765625,
            875.2446899414062,
            109.09844207763672,
            888.1160278320312
        ],
        [
            102.31607818603516,
            878.0269165039062,
            105.84524536132812,
            887.7318725585938
        ],
        [
            103.45433044433594,
            878.1416625976562,
            107.50099182128906,
            889.2984008789062
        ],
        [
            102.78546142578125,
            874.1636352539062,
            107.06605529785156,
            885.547607421875
        ]
    ],
    "scores": [
        0.9987422823905945,
        0.9805418252944946,
        0.9797241687774658,
        0.927482008934021,
        0.777999758720398,
        0.7327919602394104,
        0.5425100326538086,
        0.5303876399993896,
        0.3303021192550659,
        0.23164331912994385,
        0.15066979825496674,
        0.13950218260288239,
        0.09800989180803299,
        0.09414457529783249,
        0.08366940170526505,
        0.060683902353048325,
        0.05533609911799431
    ]
}