{
    "predicted_boxes": [
        [
            498.5519714355469,
            414.762451171875,
            527.8468017578125,
            440.4903564453125
        ],
        [
            296.46392822265625,
            413.84912109375,
            329.7743225097656,
            441.501220703125
        ],
        [
            298.2086486816406,
            416.5773620605469,
            316.17510986328125,
            438.7584533691406
        ]
    ],
    "scores": [
        0.809785783290863,
        0.6787592768669128,
        0.0616782084107399
    ]
}