{
    "predicted_boxes": [
        [
            1305.8231201171875,
            65.66083526611328,
            1351.4248046875,
            100.97178649902344
        ],
        [
            134.26898193359375,
            200.53273010253906,
            179.15553283691406,
            240.9365692138672
        ]
    ],
    "scores": [
        0.9875823259353638,
        0.5898886322975159
    ]
}