{
    "predicted_boxes": [
        [
            955.3111572265625,
            645.1967163085938,
            1136.617919921875,
            724.0525512695312
        ],
        [
            949.50390625,
            694.3419189453125,
            1128.7008056640625,
            733.1942749023438
        ],
        [
            965.3882446289062,
            644.5276489257812,
            1130.8751220703125,
            679.4072265625
        ],
        [
            967.7617797851562,
            670.7332763671875,
            1117.5177001953125,
            705.7576293945312
        ],
        [
            982.7501831054688,
            648.5029907226562,
            1095.8165283203125,
            673.120849609375
        ],
        [
            970.5533447265625,
            706.3970336914062,
            1103.8109130859375,
            732.0956420898438
        ],
        [
            1018.3672485351562,
            651.8067016601562,
            1081.6710205078125,
            670.3709716796875
        ]
    ],
    "scores": [
        0.9696781635284424,
        0.8602955937385559,
        0.21671119332313538,
        0.115374855697155,
        0.10181251168251038,
        0.07093743979930878,
        0.0532233752310276
    ]
}