{
    "predicted_boxes": [
        [
            728.7205200195312,
            280.7666931152344,
            776.5888061523438,
            322.8670654296875
        ],
        [
            419.0035095214844,
            274.4381408691406,
            465.7716979980469,
            317.9017333984375
        ],
        [
            1327.2479248046875,
            478.3901062011719,
            1353.4647216796875,
            499.62933349609375
        ]
    ],
    "scores": [
        0.9638317823410034,
        0.9616667032241821,
        0.46623796224594116
    ]
}