{
    "predicted_boxes": [
        [
            152.36843872070312,
            196.67710876464844,
            200.32818603515625,
            241.5430450439453
        ],
        [
            517.0869750976562,
            201.01177978515625,
            568.8884887695312,
            249.57923889160156
        ],
        [
            1187.556640625,
            463.58734130859375,
            1215.54296875,
            485.96441650390625
        ],
        [
            871.9862060546875,
            729.3181762695312,
            885.8308715820312,
            749.752197265625
        ]
    ],
    "scores": [
        0.975763201713562,
        0.8453365564346313,
        0.2538982033729553,
        0.15385158360004425
    ]
}