{
    "predicted_boxes": [
        [
            1360.0826416015625,
            519.8869018554688,
            1476.1085205078125,
            613.6680908203125
        ],
        [
            1601.336181640625,
            128.22682189941406,
            1665.3948974609375,
            146.21778869628906
        ],
        [
            1601.858642578125,
            132.70057678222656,
            1665.3048095703125,
            164.15184020996094
        ],
        [
            15.126505851745605,
            632.3656616210938,
            380.6447448730469,
            777.4793701171875
        ]
    ],
    "scores": [
        0.9986240863800049,
        0.125870943069458,
        0.06642687320709229,
        0.057179421186447144
    ]
}