{
    "predicted_boxes": [
        [
            384.05609130859375,
            662.706298828125,
            404.5334777832031,
            707.7049560546875
        ],
        [
            608.0444946289062,
            686.96826171875,
            630.3155517578125,
            703.5477905273438
        ],
        [
            635.52392578125,
            725.0951538085938,
            642.1072998046875,
            741.9671020507812
        ],
        [
            389.78253173828125,
            671.52294921875,
            403.9651184082031,
            703.66357421875
        ]
    ],
    "scores": [
        0.8121975064277649,
        0.44199857115745544,
        0.1766549050807953,
        0.07173293083906174
    ]
}