{
    "predicted_boxes": [
        [
            973.8209228515625,
            548.23193359375,
            1067.755126953125,
            625.0518798828125
        ],
        [
            772.8260498046875,
            738.7285766601562,
            785.3467407226562,
            760.5081176757812
        ],
        [
            1031.2117919921875,
            326.8825378417969,
            1070.197509765625,
            363.968994140625
        ],
        [
            579.3201904296875,
            733.8196411132812,
            587.9940795898438,
            749.2611083984375
        ],
        [
            994.7164306640625,
            566.4629516601562,
            1025.640869140625,
            606.7423095703125
        ],
        [
            983.8557739257812,
            557.4901123046875,
            1051.9266357421875,
            610.4732055664062
        ],
        [
            579.5662231445312,
            752.2587280273438,
            587.2308959960938,
            767.758544921875
        ],
        [
            775.6685180664062,
            759.6770629882812,
            784.2164306640625,
            774.5966796875
        ]
    ],
    "scores": [
        0.998347282409668,
        0.5045140385627747,
        0.3232836127281189,
        0.22312267124652863,
        0.09744058549404144,
        0.06656665354967117,
        0.06542185693979263,
        0.051277585327625275
    ]
}