{
    "predicted_boxes": [
        [
            1244.008544921875,
            604.7650756835938,
            1390.8067626953125,
            631.320068359375
        ],
        [
            520.0372924804688,
            589.1571655273438,
            534.3079833984375,
            620.3701171875
        ],
        [
            1061.9617919921875,
            558.2889404296875,
            1098.7677001953125,
            594.1995239257812
        ],
        [
            387.7926330566406,
            483.7913818359375,
            478.7559814453125,
            562.1242065429688
        ],
        [
            414.84405517578125,
            561.0081176757812,
            456.5012512207031,
            580.8755493164062
        ],
        [
            1167.11572265625,
            590.47998046875,
            1174.5889892578125,
            616.5615234375
        ],
        [
            549.9320678710938,
            597.31494140625,
            658.615234375,
            633.158935546875
        ],
        [
            1068.10791015625,
            588.5046997070312,
            1090.1473388671875,
            600.100830078125
        ],
        [
            414.8058166503906,
            560.42578125,
            435.753173828125,
            580.0787353515625
        ],
        [
            1063.674560546875,
            582.3870239257812,
            1092.39208984375,
            599.3890991210938
        ],
        [
            563.3124389648438,
            611.8834228515625,
            653.7139282226562,
            631.1419067382812
        ],
        [
            1059.0810546875,
            590.0859375,
            1070.204345703125,
            603.8599853515625
        ],
        [
            567.574951171875,
            595.1670532226562,
            644.801025390625,
            610.1930541992188
        ],
        [
            1168.015869140625,
            605.3453979492188,
            1173.942626953125,
            619.4717407226562
        ],
        [
            1175.5072021484375,
            531.08740234375,
            1193.2802734375,
            550.479248046875
        ]
    ],
    "scores": [
        0.9964694976806641,
        0.9940886497497559,
        0.9812763929367065,
        0.9119943380355835,
        0.8593840003013611,
        0.8566485047340393,
        0.6892246007919312,
        0.5828924179077148,
        0.4671436846256256,
        0.2389075607061386,
        0.12212113291025162,
        0.11705569922924042,
        0.10604772716760635,
        0.08398424088954926,
        0.05124838277697563
    ]
}