{
    "predicted_boxes": [
        [
            1089.7115478515625,
            651.7259521484375,
            1130.1920166015625,
            686.1856689453125
        ],
        [
            568.6746215820312,
            656.545166015625,
            608.742919921875,
            687.2882690429688
        ],
        [
            1165.902099609375,
            719.3880004882812,
            1170.6865234375,
            739.2120361328125
        ],
        [
            1126.5516357421875,
            723.1378173828125,
            1135.306640625,
            733.9087524414062
        ]
    ],
    "scores": [
        0.9527929425239563,
        0.9431967735290527,
        0.0724618136882782,
        0.06338069587945938
    ]
}