{
    "predicted_boxes": [
        [
            1393.4669189453125,
            665.9868774414062,
            1433.51953125,
            701.4509887695312
        ],
        [
            1836.439208984375,
            118.22119903564453,
            1900.57177734375,
            158.244384765625
        ],
        [
            1408.2808837890625,
            707.4110717773438,
            1429.566650390625,
            728.4544677734375
        ],
        [
            1831.97119140625,
            78.71156311035156,
            1894.8194580078125,
            110.02068328857422
        ],
        [
            1828.138916015625,
            36.67935562133789,
            1904.2239990234375,
            159.8489990234375
        ],
        [
            1828.213623046875,
            62.318199157714844,
            1902.1171875,
            123.39636993408203
        ],
        [
            1830.721435546875,
            108.91673278808594,
            1901.9847412109375,
            126.98580932617188
        ],
        [
            1844.7528076171875,
            125.464111328125,
            1887.5450439453125,
            152.9985809326172
        ]
    ],
    "scores": [
        0.9771660566329956,
        0.9606577754020691,
        0.9051334857940674,
        0.7678799033164978,
        0.5891716480255127,
        0.46556612849235535,
        0.38306498527526855,
        0.15788353979587555
    ]
}