{
    "predicted_boxes": [
        [
            632.6232299804688,
            634.6385498046875,
            658.5327758789062,
            657.0994262695312
        ],
        [
            1019.3733520507812,
            637.5090942382812,
            1042.262451171875,
            659.6849975585938
        ],
        [
            404.67547607421875,
            651.650146484375,
            419.1427917480469,
            674.7965087890625
        ]
    ],
    "scores": [
        0.9921602606773376,
        0.9758408665657043,
        0.23521167039871216
    ]
}