{
    "predicted_boxes": [
        [
            1860.9388427734375,
            549.9793701171875,
            1920.0,
            633.970703125
        ],
        [
            957.8717041015625,
            650.7378540039062,
            1122.347412109375,
            708.8605346679688
        ],
        [
            953.9041137695312,
            703.8558349609375,
            1110.885986328125,
            734.55810546875
        ],
        [
            986.4839477539062,
            653.9601440429688,
            1098.784912109375,
            682.6348266601562
        ],
        [
            982.3275146484375,
            709.5196533203125,
            1080.76904296875,
            731.9835815429688
        ],
        [
            1007.4034423828125,
            712.1370239257812,
            1058.9632568359375,
            731.73193359375
        ]
    ],
    "scores": [
        0.9987385869026184,
        0.9978669285774231,
        0.942129909992218,
        0.1263178437948227,
        0.09599242359399796,
        0.05712104216217995
    ]
}