{
    "predicted_boxes": [
        [
            564.9481201171875,
            635.95166015625,
            612.32861328125,
            677.19775390625
        ],
        [
            580.2877807617188,
            459.63861083984375,
            605.1846313476562,
            483.58258056640625
        ]
    ],
    "scores": [
        0.9959598183631897,
        0.7325748801231384
    ]
}