{
    "predicted_boxes": [
        [
            1035.27880859375,
            610.7150268554688,
            1063.419677734375,
            636.9036254882812
        ],
        [
            1138.9718017578125,
            653.9928588867188,
            1223.9205322265625,
            671.2675170898438
        ],
        [
            1090.7435302734375,
            610.5402221679688,
            1102.844482421875,
            629.93310546875
        ],
        [
            471.2887878417969,
            626.3116455078125,
            524.7537841796875,
            669.943115234375
        ],
        [
            680.1123046875,
            603.3504028320312,
            726.7666015625,
            643.3283081054688
        ],
        [
            703.7540283203125,
            643.8973388671875,
            763.6605224609375,
            666.3463745117188
        ],
        [
            692.70361328125,
            642.5184936523438,
            715.866455078125,
            657.5889892578125
        ],
        [
            1099.4500732421875,
            641.9172973632812,
            1107.7520751953125,
            653.4468383789062
        ],
        [
            693.5233764648438,
            647.973388671875,
            712.85888671875,
            662.7525024414062
        ]
    ],
    "scores": [
        0.9877395033836365,
        0.9635602235794067,
        0.7699687480926514,
        0.7606865763664246,
        0.5129643082618713,
        0.3246539533138275,
        0.11977668851613998,
        0.11760543286800385,
        0.07665515691041946
    ]
}