{
    "predicted_boxes": [
        [
            1848.462890625,
            6.687112331390381,
            1908.876708984375,
            55.8603401184082
        ],
        [
            1758.9569091796875,
            0.7653640508651733,
            1808.4580078125,
            42.45431900024414
        ],
        [
            1770.6671142578125,
            38.517555236816406,
            1797.32080078125,
            51.394744873046875
        ],
        [
            1771.955810546875,
            43.44478988647461,
            1795.365966796875,
            54.33653259277344
        ],
        [
            1276.605224609375,
            82.11280059814453,
            1284.6126708984375,
            96.18946075439453
        ],
        [
            1793.4202880859375,
            81.18875122070312,
            1805.155517578125,
            96.4355697631836
        ]
    ],
    "scores": [
        0.9836155772209167,
        0.9129877090454102,
        0.8092615604400635,
        0.08854082226753235,
        0.05759097635746002,
        0.05523066595196724
    ]
}