{
    "predicted_boxes": [
        [
            1050.68212890625,
            696.7605590820312,
            1077.2869873046875,
            725.9799194335938
        ],
        [
            602.7870483398438,
            694.2232055664062,
            637.8301391601562,
            723.6019287109375
        ],
        [
            1068.314697265625,
            750.884521484375,
            1078.7333984375,
            764.9087524414062
        ],
        [
            635.1470947265625,
            767.0595703125,
            643.0042724609375,
            779.4081420898438
        ]
    ],
    "scores": [
        0.983795166015625,
        0.9589252471923828,
        0.08974158763885498,
        0.07485274970531464
    ]
}