{
    "predicted_boxes": [
        [
            1242.9696044921875,
            684.773681640625,
            1279.62646484375,
            716.3438110351562
        ],
        [
            1508.966064453125,
            66.98705291748047,
            1535.0162353515625,
            79.74526977539062
        ],
        [
            1499.29931640625,
            27.304763793945312,
            1545.3922119140625,
            67.66605377197266
        ]
    ],
    "scores": [
        0.6998758316040039,
        0.19281907379627228,
        0.0724555253982544
    ]
}