{
    "predicted_boxes": [
        [
            1252.118896484375,
            642.0016479492188,
            1310.6395263671875,
            690.1220703125
        ],
        [
            447.5829162597656,
            698.9772338867188,
            511.6329650878906,
            744.090576171875
        ],
        [
            448.4646301269531,
            640.1547241210938,
            508.08935546875,
            689.7682495117188
        ],
        [
            1247.2762451171875,
            587.8967895507812,
            1319.851318359375,
            641.5723266601562
        ],
        [
            1249.4453125,
            699.85693359375,
            1313.98828125,
            745.8801879882812
        ],
        [
            440.5293884277344,
            589.2255859375,
            516.1250610351562,
            640.493408203125
        ],
        [
            1446.2115478515625,
            744.272216796875,
            1467.2235107421875,
            770.4716796875
        ],
        [
            1123.4859619140625,
            678.4365844726562,
            1156.3240966796875,
            690.8883056640625
        ],
        [
            1443.0208740234375,
            796.800537109375,
            1464.7906494140625,
            847.2991943359375
        ]
    ],
    "scores": [
        0.9743854403495789,
        0.9600862860679626,
        0.9472048282623291,
        0.8702590465545654,
        0.7871077060699463,
        0.7733818292617798,
        0.7700709104537964,
        0.5915168523788452,
        0.29721686244010925
    ]
}