{
    "predicted_boxes": [
        [
            1140.9981689453125,
            694.8604125976562,
            1170.9530029296875,
            720.7268676757812
        ],
        [
            1147.896240234375,
            633.325927734375,
            1199.52978515625,
            676.9978637695312
        ]
    ],
    "scores": [
        0.9937254786491394,
        0.9924920201301575
    ]
}