{
    "predicted_boxes": [
        [
            304.43621826171875,
            658.39404296875,
            334.5235900878906,
            687.26171875
        ]
    ],
    "scores": [
        0.9971398115158081
    ]
}