{
    "predicted_boxes": [
        [
            1122.5128173828125,
            664.2752685546875,
            1159.6707763671875,
            683.4744262695312
        ],
        [
            1108.398681640625,
            607.2410888671875,
            1176.619384765625,
            663.2910766601562
        ],
        [
            1234.2056884765625,
            31.451505661010742,
            1292.6329345703125,
            77.14137268066406
        ],
        [
            0.0,
            654.1749267578125,
            181.21827697753906,
            761.8292846679688
        ],
        [
            1383.5269775390625,
            657.2698364257812,
            1400.160400390625,
            710.901123046875
        ],
        [
            3.0318474769592285,
            659.6068115234375,
            179.73483276367188,
            705.4149780273438
        ],
        [
            1812.7213134765625,
            323.552001953125,
            1892.4041748046875,
            480.5487976074219
        ],
        [
            1062.386474609375,
            683.6861572265625,
            1077.9132080078125,
            703.8331298828125
        ],
        [
            97.80181121826172,
            877.0198974609375,
            108.01071166992188,
            889.0967407226562
        ],
        [
            1236.81982421875,
            679.1853637695312,
            1255.4525146484375,
            703.1515502929688
        ]
    ],
    "scores": [
        0.997793436050415,
        0.9940487146377563,
        0.9931893348693848,
        0.9894202947616577,
        0.9706826210021973,
        0.5395308136940002,
        0.49022942781448364,
        0.15479084849357605,
        0.10858488082885742,
        0.08026846498250961
    ]
}