{
    "predicted_boxes": [
        [
            532.3888549804688,
            654.1393432617188,
            584.47412109375,
            697.8031616210938
        ],
        [
            529.1432495117188,
            608.5285034179688,
            586.9212646484375,
            653.7213134765625
        ],
        [
            532.78125,
            702.6389770507812,
            586.1998901367188,
            743.916015625
        ],
        [
            1205.9482421875,
            657.6318969726562,
            1255.7874755859375,
            698.3433227539062
        ],
        [
            1200.453857421875,
            609.17822265625,
            1262.9381103515625,
            655.0276489257812
        ],
        [
            1205.7139892578125,
            704.9661865234375,
            1250.9920654296875,
            745.2835083007812
        ],
        [
            343.2942810058594,
            773.7070922851562,
            358.0862731933594,
            813.8170776367188
        ]
    ],
    "scores": [
        0.9730815291404724,
        0.9603750109672546,
        0.8425086140632629,
        0.726818323135376,
        0.5352476835250854,
        0.5286375284194946,
        0.15361358225345612
    ]
}