{
    "predicted_boxes": [
        [
            1080.04443359375,
            403.4681396484375,
            1112.671630859375,
            434.2142333984375
        ],
        [
            858.4237670898438,
            403.0984802246094,
            896.1078491210938,
            435.1369934082031
        ]
    ],
    "scores": [
        0.9254295229911804,
        0.5621950030326843
    ]
}