{
    "predicted_boxes": [
        [
            1101.1617431640625,
            647.8632202148438,
            1147.3818359375,
            680.7158813476562
        ],
        [
            35.9348030090332,
            418.4001770019531,
            69.90706634521484,
            445.2867736816406
        ],
        [
            614.5134887695312,
            504.8707275390625,
            636.8751831054688,
            524.4812622070312
        ],
        [
            1367.3936767578125,
            0.1592806726694107,
            1412.483154296875,
            45.838714599609375
        ],
        [
            1137.2484130859375,
            721.95361328125,
            1149.528076171875,
            736.2897338867188
        ],
        [
            530.8568725585938,
            646.9085693359375,
            574.1080322265625,
            684.2545776367188
        ],
        [
            1137.6212158203125,
            745.0590209960938,
            1145.1136474609375,
            757.0360107421875
        ]
    ],
    "scores": [
        0.985088050365448,
        0.8530610203742981,
        0.7516545057296753,
        0.5303950905799866,
        0.41194096207618713,
        0.14978939294815063,
        0.061585161834955215
    ]
}