{
    "predicted_boxes": [
        [
            794.4697875976562,
            666.8780517578125,
            804.8016357421875,
            681.8870239257812
        ],
        [
            360.2040100097656,
            663.0509643554688,
            386.26416015625,
            683.9242553710938
        ]
    ],
    "scores": [
        0.6877403855323792,
        0.17349524796009064
    ]
}