{
    "predicted_boxes": [
        [
            1438.0546875,
            96.03040313720703,
            1472.701171875,
            123.79524230957031
        ],
        [
            1168.2452392578125,
            702.984619140625,
            1177.2763671875,
            721.6275634765625
        ]
    ],
    "scores": [
        0.6675028800964355,
        0.12592002749443054
    ]
}