{
    "predicted_boxes": [
        [
            510.4235534667969,
            469.3079528808594,
            613.273681640625,
            602.6569213867188
        ],
        [
            741.6417236328125,
            620.8074340820312,
            781.9448852539062,
            665.894287109375
        ],
        [
            744.4391479492188,
            667.386474609375,
            770.4913330078125,
            683.407958984375
        ],
        [
            785.5440063476562,
            612.7127685546875,
            824.9420776367188,
            642.1102905273438
        ]
    ],
    "scores": [
        0.9987789988517761,
        0.6799106597900391,
        0.4755918085575104,
        0.35826393961906433
    ]
}