{
    "predicted_boxes": [
        [
            886.1343383789062,
            659.5006713867188,
            918.8059692382812,
            691.4973754882812
        ],
        [
            1814.89697265625,
            93.43901824951172,
            1841.109619140625,
            108.93783569335938
        ]
    ],
    "scores": [
        0.8039308786392212,
        0.4640776813030243
    ]
}