{
    "predicted_boxes": [
        [
            1121.9190673828125,
            644.1504516601562,
            1162.1923828125,
            681.12158203125
        ],
        [
            489.516357421875,
            641.7554931640625,
            530.1654663085938,
            673.5623168945312
        ],
        [
            1892.1766357421875,
            108.68544006347656,
            1899.488525390625,
            119.19268798828125
        ]
    ],
    "scores": [
        0.9969542026519775,
        0.9907127022743225,
        0.07508740574121475
    ]
}