{
    "predicted_boxes": [
        [
            845.6571044921875,
            686.2783813476562,
            865.0574340820312,
            703.7391967773438
        ],
        [
            1581.012451171875,
            101.101806640625,
            1592.5631103515625,
            115.94493865966797
        ]
    ],
    "scores": [
        0.33937498927116394,
        0.1835426539182663
    ]
}