{
    "predicted_boxes": [
        [
            1604.2425537109375,
            117.81880950927734,
            1667.4031982421875,
            150.63119506835938
        ],
        [
            1007.1835327148438,
            637.4510498046875,
            1025.5120849609375,
            658.4978637695312
        ]
    ],
    "scores": [
        0.15385012328624725,
        0.11103761941194534
    ]
}