{
    "predicted_boxes": [
        [
            1122.55908203125,
            662.8002319335938,
            1159.3775634765625,
            682.7080688476562
        ],
        [
            1233.812744140625,
            31.278091430664062,
            1292.193603515625,
            78.73204040527344
        ],
        [
            0.0,
            654.6791381835938,
            182.00775146484375,
            761.3850708007812
        ],
        [
            1107.4273681640625,
            605.3161010742188,
            1174.9876708984375,
            662.2119140625
        ],
        [
            1383.416748046875,
            654.8035888671875,
            1400.0087890625,
            710.8441162109375
        ],
        [
            96.85709381103516,
            878.5403442382812,
            107.75878143310547,
            893.8688354492188
        ],
        [
            1053.5025634765625,
            718.765625,
            1062.9454345703125,
            740.4083862304688
        ],
        [
            1814.1971435546875,
            321.8758544921875,
            1892.0567626953125,
            481.282470703125
        ],
        [
            0.0,
            659.6621704101562,
            181.00149536132812,
            706.6361083984375
        ],
        [
            1062.49169921875,
            683.8906860351562,
            1078.1080322265625,
            699.4318237304688
        ]
    ],
    "scores": [
        0.997710108757019,
        0.9943423271179199,
        0.9923670887947083,
        0.9912687540054321,
        0.9570693969726562,
        0.707703173160553,
        0.6756218671798706,
        0.662074863910675,
        0.28535887598991394,
        0.0834006518125534
    ]
}