{
    "predicted_boxes": [
        [
            1404.6632080078125,
            75.70079040527344,
            1450.3883056640625,
            117.26107788085938
        ],
        [
            1417.3270263671875,
            117.10546112060547,
            1437.4703369140625,
            129.83187866210938
        ]
    ],
    "scores": [
        0.9918566942214966,
        0.07991360127925873
    ]
}