{
    "predicted_boxes": [
        [
            1533.406982421875,
            604.3302612304688,
            1615.0703125,
            644.5452880859375
        ],
        [
            1492.0250244140625,
            456.93072509765625,
            1657.081298828125,
            592.795166015625
        ],
        [
            1305.941162109375,
            684.1329956054688,
            1371.681884765625,
            734.9612426757812
        ],
        [
            1377.3604736328125,
            39.88495635986328,
            1417.3223876953125,
            75.38359069824219
        ],
        [
            1385.0574951171875,
            75.19673919677734,
            1408.0738525390625,
            93.97294616699219
        ]
    ],
    "scores": [
        0.9985464215278625,
        0.9970141649246216,
        0.9607815742492676,
        0.9458186030387878,
        0.24529793858528137
    ]
}