{
    "predicted_boxes": [
        [
            797.6614379882812,
            661.0772705078125,
            836.7349243164062,
            694.871337890625
        ],
        [
            308.39581298828125,
            664.61181640625,
            344.02301025390625,
            690.9542236328125
        ]
    ],
    "scores": [
        0.06876792758703232,
        0.05137329548597336
    ]
}