{
    "predicted_boxes": [
        [
            578.9664916992188,
            703.7702026367188,
            614.7860717773438,
            736.2245483398438
        ],
        [
            1074.53564453125,
            707.93994140625,
            1106.5162353515625,
            736.0656127929688
        ],
        [
            1095.21533203125,
            768.544921875,
            1103.9193115234375,
            790.4569702148438
        ]
    ],
    "scores": [
        0.9889821410179138,
        0.8854490518569946,
        0.22245840728282928
    ]
}