{
    "predicted_boxes": [
        [
            1353.1978759765625,
            502.1116027832031,
            1490.978759765625,
            605.992919921875
        ],
        [
            10.681941986083984,
            299.70062255859375,
            54.1446418762207,
            340.0437927246094
        ],
        [
            468.0879821777344,
            718.9400634765625,
            479.2071533203125,
            737.3568725585938
        ],
        [
            935.1099853515625,
            486.1831970214844,
            959.9403686523438,
            504.00799560546875
        ],
        [
            290.10601806640625,
            300.8048400878906,
            324.8706970214844,
            335.9409484863281
        ]
    ],
    "scores": [
        0.9985951781272888,
        0.39922499656677246,
        0.3305133283138275,
        0.28147587180137634,
        0.09356676787137985
    ]
}