{
    "predicted_boxes": [
        [
            599.6226196289062,
            693.7731323242188,
            638.2098388671875,
            728.4615478515625
        ],
        [
            1058.2861328125,
            700.8234252929688,
            1090.41845703125,
            727.5883178710938
        ],
        [
            1076.0682373046875,
            755.9953002929688,
            1085.451171875,
            770.8508911132812
        ]
    ],
    "scores": [
        0.976296603679657,
        0.8679642677307129,
        0.11195424944162369
    ]
}