{
    "predicted_boxes": [
        [
            1663.8382568359375,
            405.03125,
            1685.4366455078125,
            573.556640625
        ]
    ],
    "scores": [
        0.23560066521167755
    ]
}