{
    "predicted_boxes": [
        [
            1570.09228515625,
            608.7725219726562,
            1646.158203125,
            668.9965209960938
        ],
        [
            958.5963745117188,
            669.6433715820312,
            1093.5828857421875,
            741.1129760742188
        ],
        [
            955.1666259765625,
            715.322265625,
            1087.0330810546875,
            740.01123046875
        ],
        [
            977.6832275390625,
            672.2550048828125,
            1084.7882080078125,
            701.51025390625
        ],
        [
            986.9535522460938,
            674.4791259765625,
            1064.622802734375,
            693.1592407226562
        ]
    ],
    "scores": [
        0.9982936978340149,
        0.9936243295669556,
        0.6108379364013672,
        0.07780268043279648,
        0.06695344299077988
    ]
}