{
    "predicted_boxes": [
        [
            1196.6085205078125,
            603.5814208984375,
            1604.23583984375,
            680.0778198242188
        ],
        [
            1198.6029052734375,
            655.4349365234375,
            1604.484130859375,
            735.037353515625
        ],
        [
            1172.50830078125,
            733.4125366210938,
            1558.0491943359375,
            810.485595703125
        ],
        [
            1273.6492919921875,
            690.5218505859375,
            1300.9158935546875,
            721.3130493164062
        ],
        [
            1180.281982421875,
            614.267578125,
            1592.1461181640625,
            812.6393432617188
        ],
        [
            1285.7999267578125,
            621.4984741210938,
            1311.0523681640625,
            654.9912109375
        ],
        [
            1315.1944580078125,
            629.3271484375,
            1334.2523193359375,
            653.453369140625
        ]
    ],
    "scores": [
        0.8944557905197144,
        0.8442955017089844,
        0.8277643918991089,
        0.3261743187904358,
        0.21387812495231628,
        0.07464469969272614,
        0.06754525750875473
    ]
}