{
    "predicted_boxes": [
        [
            683.5652465820312,
            602.6445922851562,
            965.9827270507812,
            658.2442626953125
        ],
        [
            679.226806640625,
            599.6998291015625,
            957.5630493164062,
            716.417236328125
        ],
        [
            656.6778564453125,
            692.2935791015625,
            941.4253540039062,
            752.43505859375
        ]
    ],
    "scores": [
        0.8746865391731262,
        0.5141984224319458,
        0.11611057817935944
    ]
}