{
    "predicted_boxes": [
        [
            1678.71044921875,
            123.72107696533203,
            1708.46044921875,
            130.7867889404297
        ],
        [
            1679.2186279296875,
            125.27212524414062,
            1710.415283203125,
            136.78189086914062
        ],
        [
            1678.115478515625,
            124.59561157226562,
            1712.8631591796875,
            146.7184600830078
        ]
    ],
    "scores": [
        0.3735908269882202,
        0.3098534941673279,
        0.24399502575397491
    ]
}