{
    "predicted_boxes": [
        [
            1102.689453125,
            651.0994873046875,
            1136.076904296875,
            685.418212890625
        ],
        [
            545.8871459960938,
            650.1459350585938,
            583.6361083984375,
            680.1679077148438
        ]
    ],
    "scores": [
        0.9972096085548401,
        0.8986034393310547
    ]
}