{
    "predicted_boxes": [
        [
            897.6832885742188,
            564.8728637695312,
            983.2496948242188,
            638.26318359375
        ],
        [
            953.5317993164062,
            352.9902648925781,
            989.6032104492188,
            386.44580078125
        ],
        [
            515.9373168945312,
            736.460693359375,
            529.2346801757812,
            752.0587158203125
        ],
        [
            910.74853515625,
            577.455322265625,
            971.0809936523438,
            623.1209716796875
        ]
    ],
    "scores": [
        0.9972847700119019,
        0.8315387964248657,
        0.1397649496793747,
        0.07455580681562424
    ]
}