{
    "predicted_boxes": [
        [
            956.7669067382812,
            649.030029296875,
            1144.4564208984375,
            711.9691162109375
        ],
        [
            980.4263305664062,
            651.6732177734375,
            1109.9229736328125,
            680.8426513671875
        ],
        [
            968.45654296875,
            677.3582763671875,
            1128.7813720703125,
            707.3231811523438
        ]
    ],
    "scores": [
        0.9954813718795776,
        0.06145770475268364,
        0.05448142811655998
    ]
}