{
    "predicted_boxes": [
        [
            1797.6346435546875,
            1.043681025505066,
            1858.3115234375,
            71.03927612304688
        ]
    ],
    "scores": [
        0.14726637303829193
    ]
}