{
    "predicted_boxes": [
        [
            760.69482421875,
            780.4255981445312,
            787.5994262695312,
            803.8222045898438
        ],
        [
            759.0462036132812,
            751.537109375,
            789.7042846679688,
            779.1304321289062
        ],
        [
            757.466552734375,
            734.0358276367188,
            791.8944091796875,
            800.8358154296875
        ]
    ],
    "scores": [
        0.9482425451278687,
        0.6905249953269958,
        0.10134807229042053
    ]
}