{
    "predicted_boxes": [
        [
            1483.415771484375,
            105.7584457397461,
            1515.3541259765625,
            130.4632110595703
        ]
    ],
    "scores": [
        0.18279440701007843
    ]
}