{
    "predicted_boxes": [
        [
            1294.860107421875,
            66.41320037841797,
            1338.232666015625,
            102.14171600341797
        ]
    ],
    "scores": [
        0.9888152480125427
    ]
}