{
    "predicted_boxes": [
        [
            395.25286865234375,
            160.20960998535156,
            446.654296875,
            207.173095703125
        ]
    ],
    "scores": [
        0.9560912847518921
    ]
}