{
    "predicted_boxes": [
        [
            1122.3751220703125,
            664.2822875976562,
            1159.72216796875,
            683.6472778320312
        ],
        [
            1108.2510986328125,
            607.11328125,
            1176.6187744140625,
            663.6387939453125
        ],
        [
            1234.163818359375,
            31.563392639160156,
            1292.413330078125,
            76.89940643310547
        ],
        [
            1383.7103271484375,
            657.61181640625,
            1399.8846435546875,
            711.187744140625
        ],
        [
            1063.518798828125,
            683.0762329101562,
            1076.6947021484375,
            697.4803466796875
        ],
        [
            1062.4603271484375,
            684.259521484375,
            1078.4454345703125,
            706.7026977539062
        ],
        [
            1067.0172119140625,
            711.0400390625,
            1077.7578125,
            725.7481079101562
        ],
        [
            96.93744659423828,
            878.5690307617188,
            107.83381652832031,
            892.8018188476562
        ],
        [
            1812.887451171875,
            323.48675537109375,
            1892.1522216796875,
            480.78076171875
        ],
        [
            1064.4332275390625,
            694.3120727539062,
            1079.2021484375,
            717.1600952148438
        ],
        [
            1112.1805419921875,
            719.9895629882812,
            1118.567626953125,
            733.2254638671875
        ],
        [
            1237.326904296875,
            678.5818481445312,
            1254.8851318359375,
            702.6658935546875
        ],
        [
            1066.2667236328125,
            701.2547607421875,
            1078.196044921875,
            721.4497680664062
        ],
        [
            1054.8468017578125,
            719.3449096679688,
            1063.009765625,
            736.3408203125
        ],
        [
            98.87224578857422,
            880.7877197265625,
            107.17882537841797,
            890.12109375
        ],
        [
            1066.06201171875,
            715.6266479492188,
            1075.6239013671875,
            728.4445190429688
        ],
        [
            1055.072998046875,
            723.72998046875,
            1062.5223388671875,
            744.7584228515625
        ]
    ],
    "scores": [
        0.9974338412284851,
        0.9942360520362854,
        0.9920579791069031,
        0.9282287359237671,
        0.6395694017410278,
        0.5627785325050354,
        0.557907223701477,
        0.5555518865585327,
        0.47315892577171326,
        0.39568355679512024,
        0.305816113948822,
        0.2895601689815521,
        0.2062537968158722,
        0.14473453164100647,
        0.09261257946491241,
        0.06589428335428238,
        0.06494725495576859
    ]
}