{
    "predicted_boxes": [
        [
            1289.31591796875,
            564.0714721679688,
            1378.6156005859375,
            628.9700927734375
        ],
        [
            1296.643310546875,
            626.1064453125,
            1368.11328125,
            692.1207275390625
        ],
        [
            361.0304260253906,
            630.2450561523438,
            433.73114013671875,
            685.9864501953125
        ],
        [
            355.91448974609375,
            564.1583862304688,
            435.2416076660156,
            627.4037475585938
        ],
        [
            362.4571838378906,
            697.82421875,
            436.250732421875,
            747.3807373046875
        ],
        [
            1296.6710205078125,
            695.672607421875,
            1367.265869140625,
            749.2293701171875
        ],
        [
            1068.0518798828125,
            638.9266967773438,
            1087.71875,
            657.15283203125
        ],
        [
            1292.7271728515625,
            587.5090942382812,
            1374.000244140625,
            736.32421875
        ],
        [
            768.5448608398438,
            672.3753051757812,
            787.3075561523438,
            693.3301391601562
        ],
        [
            736.9857788085938,
            672.0899047851562,
            798.6712036132812,
            693.0245361328125
        ],
        [
            1298.12841796875,
            623.3101196289062,
            1366.209228515625,
            642.539306640625
        ],
        [
            1126.1986083984375,
            674.7745361328125,
            1170.781005859375,
            687.8942260742188
        ]
    ],
    "scores": [
        0.9958985447883606,
        0.9954397082328796,
        0.9929534792900085,
        0.9883290529251099,
        0.9880532026290894,
        0.9849263429641724,
        0.6317263245582581,
        0.20994551479816437,
        0.2062641680240631,
        0.1247880607843399,
        0.09226911514997482,
        0.052097734063863754
    ]
}