{
    "predicted_boxes": [
        [
            1514.7066650390625,
            145.0316619873047,
            1540.6842041015625,
            164.75746154785156
        ],
        [
            282.2655944824219,
            427.0101318359375,
            309.55865478515625,
            449.15960693359375
        ]
    ],
    "scores": [
        0.1643844097852707,
        0.06840451806783676
    ]
}