{
    "predicted_boxes": [
        [
            584.3579711914062,
            230.0625762939453,
            633.7793579101562,
            274.88323974609375
        ],
        [
            1902.486328125,
            63.72947311401367,
            1920.0,
            98.20951843261719
        ],
        [
            260.66461181640625,
            220.36143493652344,
            309.25006103515625,
            267.2637023925781
        ],
        [
            1397.6846923828125,
            734.2926025390625,
            1406.51708984375,
            751.0311889648438
        ],
        [
            823.4400024414062,
            34.72837829589844,
            847.5527954101562,
            68.84408569335938
        ],
        [
            978.3509521484375,
            96.66631317138672,
            1010.8195190429688,
            141.59713745117188
        ]
    ],
    "scores": [
        0.9824227094650269,
        0.9583426713943481,
        0.7885611653327942,
        0.30705440044403076,
        0.17994475364685059,
        0.06560983508825302
    ]
}