{
    "predicted_boxes": [
        [
            1120.27880859375,
            625.1405029296875,
            1173.75341796875,
            674.1063842773438
        ],
        [
            1111.339599609375,
            690.5294799804688,
            1143.5943603515625,
            719.000244140625
        ],
        [
            1810.9150390625,
            79.1569595336914,
            1840.688232421875,
            109.00165557861328
        ],
        [
            1401.7860107421875,
            71.78085327148438,
            1412.638427734375,
            100.1916732788086
        ],
        [
            1133.9736328125,
            670.5585327148438,
            1160.8236083984375,
            692.8861694335938
        ],
        [
            1815.4248046875,
            98.96249389648438,
            1832.4991455078125,
            114.051025390625
        ],
        [
            1121.54931640625,
            726.7061767578125,
            1131.2537841796875,
            743.718017578125
        ],
        [
            1402.979248046875,
            84.54764556884766,
            1412.921875,
            101.55999755859375
        ]
    ],
    "scores": [
        0.996707022190094,
        0.9886537194252014,
        0.8209401965141296,
        0.7764480710029602,
        0.22048069536685944,
        0.13405312597751617,
        0.07101189345121384,
        0.05639297515153885
    ]
}