{
    "predicted_boxes": [
        [
            319.5679931640625,
            645.87060546875,
            356.7377624511719,
            680.47021484375
        ]
    ],
    "scores": [
        0.988535463809967
    ]
}