{
    "predicted_boxes": [
        [
            367.1600036621094,
            700.5258178710938,
            424.7949523925781,
            747.1694946289062
        ],
        [
            1127.131103515625,
            705.5910034179688,
            1180.462890625,
            748.1795654296875
        ],
        [
            1037.222412109375,
            803.5314331054688,
            1046.2947998046875,
            820.20556640625
        ],
        [
            608.2738647460938,
            803.260498046875,
            615.0977783203125,
            814.582763671875
        ]
    ],
    "scores": [
        0.9879248142242432,
        0.9622825980186462,
        0.42239442467689514,
        0.10364890098571777
    ]
}