{
    "predicted_boxes": [
        [
            582.1588134765625,
            720.2596435546875,
            589.5801391601562,
            739.5914306640625
        ]
    ],
    "scores": [
        0.4356706142425537
    ]
}