{
    "predicted_boxes": [
        [
            1168.2686767578125,
            636.546630859375,
            1271.439697265625,
            658.587158203125
        ],
        [
            660.5853271484375,
            625.1565551757812,
            734.0269775390625,
            656.3743896484375
        ],
        [
            623.4224853515625,
            617.9491577148438,
            647.1961059570312,
            633.1964111328125
        ],
        [
            608.8756713867188,
            572.2686767578125,
            665.865966796875,
            620.9852294921875
        ],
        [
            1043.186279296875,
            592.173828125,
            1074.1834716796875,
            624.256103515625
        ],
        [
            1115.17333984375,
            590.2070922851562,
            1129.499755859375,
            610.9046020507812
        ],
        [
            1169.404541015625,
            636.918212890625,
            1273.708984375,
            681.5781860351562
        ],
        [
            622.5176391601562,
            618.49755859375,
            653.8568115234375,
            645.5965576171875
        ],
        [
            668.8645629882812,
            626.4541015625,
            717.47119140625,
            650.0189208984375
        ]
    ],
    "scores": [
        0.9979204535484314,
        0.9511548280715942,
        0.9437704086303711,
        0.938433051109314,
        0.784680187702179,
        0.7059326767921448,
        0.17740747332572937,
        0.08106478303670883,
        0.06985162943601608
    ]
}