{
    "predicted_boxes": [
        [
            1275.250732421875,
            5.541559219360352,
            1347.0374755859375,
            65.6549301147461
        ],
        [
            979.7448120117188,
            437.5904846191406,
            1011.7483520507812,
            463.5443115234375
        ]
    ],
    "scores": [
        0.9986358284950256,
        0.938544750213623
    ]
}