{
    "predicted_boxes": [
        [
            638.30908203125,
            687.7600708007812,
            653.9557495117188,
            702.1458129882812
        ]
    ],
    "scores": [
        0.4329425096511841
    ]
}