{
    "predicted_boxes": [
        [
            1514.4403076171875,
            617.523193359375,
            1583.7945556640625,
            673.058349609375
        ],
        [
            956.945556640625,
            673.738037109375,
            1089.69482421875,
            732.56396484375
        ],
        [
            953.549072265625,
            717.3714599609375,
            1067.946533203125,
            738.0744018554688
        ],
        [
            993.4608154296875,
            720.7794189453125,
            1027.103759765625,
            734.2174072265625
        ],
        [
            987.3579711914062,
            719.14501953125,
            1043.785400390625,
            735.3587036132812
        ],
        [
            990.1688842773438,
            678.3568115234375,
            1052.155517578125,
            694.4689331054688
        ],
        [
            968.8168334960938,
            689.476318359375,
            1070.25537109375,
            722.3147583007812
        ],
        [
            72.95649719238281,
            584.1525268554688,
            113.60647583007812,
            652.8792724609375
        ]
    ],
    "scores": [
        0.9987327456474304,
        0.9899457097053528,
        0.45570123195648193,
        0.40023374557495117,
        0.2732381820678711,
        0.20411553978919983,
        0.1849144846200943,
        0.1732432246208191
    ]
}