{
    "predicted_boxes": [
        [
            0.0,
            634.2653198242188,
            206.2718505859375,
            730.0657958984375
        ],
        [
            1123.15283203125,
            642.4990234375,
            1156.109375,
            661.2258911132812
        ],
        [
            1371.93701171875,
            635.1127319335938,
            1388.69384765625,
            688.617919921875
        ],
        [
            1106.498291015625,
            585.16015625,
            1172.6297607421875,
            640.8934936523438
        ],
        [
            1221.2318115234375,
            51.88663101196289,
            1278.195068359375,
            98.72909545898438
        ],
        [
            1097.6109619140625,
            682.51708984375,
            1122.6270751953125,
            707.7907104492188
        ],
        [
            1062.2373046875,
            660.6074829101562,
            1077.90771484375,
            676.9481201171875
        ],
        [
            1754.5457763671875,
            325.8504943847656,
            1827.9654541015625,
            478.5652770996094
        ],
        [
            1050.6826171875,
            695.5082397460938,
            1061.7476806640625,
            709.565185546875
        ],
        [
            1062.124267578125,
            670.4588012695312,
            1079.4072265625,
            684.2847290039062
        ],
        [
            1065.3922119140625,
            678.2344360351562,
            1077.95263671875,
            690.7412109375
        ],
        [
            1051.946533203125,
            711.7234497070312,
            1060.8712158203125,
            722.053955078125
        ],
        [
            1051.7099609375,
            705.3001098632812,
            1061.2474365234375,
            719.7811889648438
        ]
    ],
    "scores": [
        0.9980033040046692,
        0.996712327003479,
        0.9965448975563049,
        0.9919357299804688,
        0.9897792935371399,
        0.7937542796134949,
        0.7848036885261536,
        0.7501028776168823,
        0.24480095505714417,
        0.11726230382919312,
        0.09688974171876907,
        0.09374044090509415,
        0.057889822870492935
    ]
}