{
    "predicted_boxes": [
        [
            1679.2998046875,
            663.2953491210938,
            1720.4949951171875,
            698.2864379882812
        ]
    ],
    "scores": [
        0.9199441075325012
    ]
}