{
    "predicted_boxes": [
        [
            595.575927734375,
            701.3221435546875,
            630.3097534179688,
            731.496826171875
        ],
        [
            1063.9105224609375,
            704.8046264648438,
            1094.2275390625,
            731.957275390625
        ],
        [
            569.2109375,
            762.438720703125,
            577.4804077148438,
            776.0674438476562
        ],
        [
            1307.9683837890625,
            726.646240234375,
            1330.275146484375,
            751.4869995117188
        ]
    ],
    "scores": [
        0.968585729598999,
        0.7414682507514954,
        0.14114338159561157,
        0.07360805571079254
    ]
}