{
    "predicted_boxes": [
        [
            1007.5949096679688,
            628.9248046875,
            1025.103759765625,
            653.9422607421875
        ]
    ],
    "scores": [
        0.5447976589202881
    ]
}