{
    "predicted_boxes": [
        [
            1330.359130859375,
            520.0999145507812,
            1461.7008056640625,
            618.5167236328125
        ],
        [
            38.33705520629883,
            318.7231750488281,
            80.25932312011719,
            355.30023193359375
        ],
        [
            311.4368591308594,
            321.1571044921875,
            341.6231384277344,
            351.8093566894531
        ],
        [
            1894.3189697265625,
            466.34423828125,
            1918.87646484375,
            488.1009521484375
        ]
    ],
    "scores": [
        0.9981020092964172,
        0.7676973938941956,
        0.6610702872276306,
        0.276228129863739
    ]
}