{
    "predicted_boxes": [
        [
            855.0010375976562,
            723.4140625,
            862.7482299804688,
            746.6642456054688
        ],
        [
            1136.43017578125,
            9.479291915893555,
            1179.4136962890625,
            62.465999603271484
        ]
    ],
    "scores": [
        0.3968465030193329,
        0.06595595926046371
    ]
}