{
    "predicted_boxes": [
        [
            1148.8328857421875,
            641.9390869140625,
            1199.49658203125,
            687.3330078125
        ],
        [
            1145.9285888671875,
            700.747314453125,
            1171.3890380859375,
            723.3803100585938
        ],
        [
            1766.246337890625,
            66.78773498535156,
            1800.610595703125,
            101.01204681396484
        ],
        [
            1156.19580078125,
            702.5067749023438,
            1173.1279296875,
            722.6106567382812
        ],
        [
            459.21502685546875,
            594.96240234375,
            530.1863403320312,
            663.2674560546875
        ],
        [
            1147.5712890625,
            702.416259765625,
            1160.3568115234375,
            721.1451416015625
        ],
        [
            1815.8250732421875,
            110.9903793334961,
            1831.7081298828125,
            129.2006072998047
        ],
        [
            1154.319091796875,
            682.9292602539062,
            1187.03662109375,
            701.1592407226562
        ],
        [
            1151.0,
            732.4166870117188,
            1159.3568115234375,
            763.5404052734375
        ]
    ],
    "scores": [
        0.9936205744743347,
        0.966910183429718,
        0.8147209286689758,
        0.32809770107269287,
        0.1987162083387375,
        0.1273406445980072,
        0.10863704979419708,
        0.10722671449184418,
        0.050981130450963974
    ]
}