{
    "predicted_boxes": [
        [
            765.605712890625,
            593.0489501953125,
            835.4559326171875,
            653.1073608398438
        ],
        [
            814.4473266601562,
            392.61669921875,
            845.60546875,
            420.8641662597656
        ],
        [
            393.5067443847656,
            735.696533203125,
            400.8485107421875,
            752.9465942382812
        ],
        [
            773.7952880859375,
            604.2247924804688,
            824.8106079101562,
            638.748291015625
        ]
    ],
    "scores": [
        0.9975663423538208,
        0.23722733557224274,
        0.07768487185239792,
        0.05108123645186424
    ]
}