{
    "predicted_boxes": [
        [
            1312.9437255859375,
            52.49055862426758,
            1383.5899658203125,
            108.48974609375
        ],
        [
            1320.4615478515625,
            109.296875,
            1368.9715576171875,
            130.2696075439453
        ],
        [
            480.2625732421875,
            664.618408203125,
            618.3328247070312,
            726.0219116210938
        ],
        [
            1795.9940185546875,
            174.28536987304688,
            1853.85693359375,
            200.0520782470703
        ]
    ],
    "scores": [
        0.998246431350708,
        0.9431163668632507,
        0.6988311409950256,
        0.16854499280452728
    ]
}