{
    "predicted_boxes": [
        [
            1122.4251708984375,
            664.26123046875,
            1159.7711181640625,
            683.675537109375
        ],
        [
            1108.3792724609375,
            607.142822265625,
            1176.472412109375,
            663.5606079101562
        ],
        [
            1234.2119140625,
            31.604034423828125,
            1292.55224609375,
            76.69761657714844
        ],
        [
            0.0,
            654.1865234375,
            181.282958984375,
            762.0253295898438
        ],
        [
            1383.57861328125,
            657.565673828125,
            1399.9124755859375,
            710.928955078125
        ],
        [
            1063.1365966796875,
            683.2708129882812,
            1077.654296875,
            700.477783203125
        ],
        [
            1062.699462890625,
            690.1943359375,
            1079.2398681640625,
            717.164306640625
        ],
        [
            1811.7958984375,
            323.18878173828125,
            1891.8248291015625,
            482.1643981933594
        ],
        [
            3.0767762660980225,
            659.658935546875,
            179.45223999023438,
            705.963623046875
        ],
        [
            1065.9952392578125,
            698.0589599609375,
            1078.743408203125,
            720.65966796875
        ],
        [
            1064.8746337890625,
            710.283203125,
            1078.1405029296875,
            722.8190307617188
        ],
        [
            1065.53271484375,
            715.42431640625,
            1077.0137939453125,
            726.0240478515625
        ],
        [
            1112.26904296875,
            719.7081909179688,
            1118.8277587890625,
            732.5421752929688
        ],
        [
            1237.3031005859375,
            678.6553344726562,
            1254.9776611328125,
            702.9265747070312
        ],
        [
            97.763427734375,
            877.7078857421875,
            106.31145477294922,
            891.5733642578125
        ],
        [
            1065.8154296875,
            718.9851684570312,
            1079.3671875,
            729.306640625
        ]
    ],
    "scores": [
        0.9972875118255615,
        0.994343638420105,
        0.9919180274009705,
        0.9902713298797607,
        0.9412763714790344,
        0.7225177884101868,
        0.5950875878334045,
        0.5520871877670288,
        0.4896944463253021,
        0.32834985852241516,
        0.3256080448627472,
        0.27759116888046265,
        0.26787012815475464,
        0.18215419352054596,
        0.10420043021440506,
        0.09678665548563004
    ]
}