{
    "predicted_boxes": [
        [
            1296.8270263671875,
            649.9237670898438,
            1339.738037109375,
            690.9210815429688
        ],
        [
            1300.0198974609375,
            703.7432861328125,
            1326.7469482421875,
            722.2428588867188
        ],
        [
            1305.3017578125,
            704.8187255859375,
            1317.9786376953125,
            721.2994384765625
        ],
        [
            658.2486572265625,
            723.9483032226562,
            670.5502319335938,
            742.278564453125
        ],
        [
            1302.0263671875,
            727.470458984375,
            1310.0968017578125,
            743.2147216796875
        ],
        [
            764.746826171875,
            664.7909545898438,
            792.2520141601562,
            685.0015869140625
        ]
    ],
    "scores": [
        0.9947946667671204,
        0.9610214233398438,
        0.3219260573387146,
        0.259028822183609,
        0.13036148250102997,
        0.05577091872692108
    ]
}