{
    "predicted_boxes": [
        [
            1116.1629638671875,
            648.9326171875,
            1147.8992919921875,
            667.1939697265625
        ],
        [
            1794.8665771484375,
            650.4874877929688,
            1919.756591796875,
            725.4661254882812
        ],
        [
            1100.6934814453125,
            594.4127807617188,
            1163.8909912109375,
            649.9141235351562
        ],
        [
            1343.8082275390625,
            644.2938232421875,
            1358.302734375,
            691.0107421875
        ],
        [
            1629.2724609375,
            397.8285827636719,
            1687.4473876953125,
            514.354736328125
        ],
        [
            1059.5064697265625,
            666.3308715820312,
            1074.9837646484375,
            682.5599365234375
        ],
        [
            1055.5257568359375,
            666.1495971679688,
            1075.4468994140625,
            694.437744140625
        ],
        [
            1028.056640625,
            682.7378540039062,
            1049.9808349609375,
            691.2467651367188
        ],
        [
            1050.703125,
            701.3004760742188,
            1059.01220703125,
            722.5342407226562
        ],
        [
            97.3275146484375,
            881.2581787109375,
            104.33019256591797,
            894.1990356445312
        ],
        [
            1058.8956298828125,
            679.3392944335938,
            1074.3206787109375,
            694.6994018554688
        ]
    ],
    "scores": [
        0.9945276379585266,
        0.9895915389060974,
        0.9552437663078308,
        0.8458136320114136,
        0.8237706422805786,
        0.5555731654167175,
        0.3029845058917999,
        0.29273101687431335,
        0.26776206493377686,
        0.23043347895145416,
        0.1518644392490387
    ]
}