{
    "predicted_boxes": [
        [
            1833.460205078125,
            57.497459411621094,
            1878.4412841796875,
            96.73052215576172
        ],
        [
            692.969482421875,
            266.9391784667969,
            735.4324951171875,
            307.2542724609375
        ],
        [
            1463.2900390625,
            733.9119873046875,
            1476.34521484375,
            751.8952026367188
        ],
        [
            1435.5396728515625,
            137.21878051757812,
            1446.961181640625,
            174.45870971679688
        ]
    ],
    "scores": [
        0.9847230911254883,
        0.9695888161659241,
        0.1461792290210724,
        0.07376837730407715
    ]
}