{
    "predicted_boxes": [
        [
            416.49578857421875,
            503.4832458496094,
            527.2501831054688,
            619.6541748046875
        ],
        [
            422.92449951171875,
            527.3814697265625,
            453.1084899902344,
            583.5850219726562
        ]
    ],
    "scores": [
        0.9992591738700867,
        0.15971386432647705
    ]
}