{
    "predicted_boxes": [
        [
            1403.07470703125,
            620.3470458984375,
            1532.9505615234375,
            717.2697143554688
        ],
        [
            1587.8951416015625,
            74.31074523925781,
            1621.1514892578125,
            105.45057678222656
        ]
    ],
    "scores": [
        0.9974938631057739,
        0.9659002423286438
    ]
}