{
    "predicted_boxes": [
        [
            1124.8587646484375,
            629.4461669921875,
            1157.332763671875,
            647.464599609375
        ],
        [
            1378.8756103515625,
            620.9929809570312,
            1396.3978271484375,
            674.5690307617188
        ],
        [
            0.0,
            619.663818359375,
            190.87355041503906,
            720.4085083007812
        ],
        [
            1106.684814453125,
            570.94873046875,
            1174.170166015625,
            632.308349609375
        ],
        [
            1229.171875,
            66.30287170410156,
            1287.84326171875,
            113.12194061279297
        ],
        [
            1236.301025390625,
            643.20361328125,
            1256.0125732421875,
            661.2744140625
        ],
        [
            1797.8267822265625,
            296.1948547363281,
            1874.373291015625,
            457.7590637207031
        ],
        [
            1053.6483154296875,
            682.8585815429688,
            1062.4580078125,
            710.1573486328125
        ],
        [
            1237.43408203125,
            662.5677490234375,
            1254.2431640625,
            679.8629760742188
        ]
    ],
    "scores": [
        0.9882138967514038,
        0.9874423146247864,
        0.9869188666343689,
        0.9793075919151306,
        0.9451501965522766,
        0.6231798529624939,
        0.4497562050819397,
        0.14737699925899506,
        0.13805224001407623
    ]
}