{
    "predicted_boxes": [
        [
            1222.3050537109375,
            586.651611328125,
            1309.75439453125,
            656.0836181640625
        ],
        [
            116.01941680908203,
            595.2839965820312,
            202.2001953125,
            660.3722534179688
        ],
        [
            203.1234893798828,
            398.9982604980469,
            234.89260864257812,
            425.99249267578125
        ],
        [
            571.3840942382812,
            731.8302001953125,
            585.2022705078125,
            747.9337158203125
        ],
        [
            423.498291015625,
            398.2806396484375,
            454.8998107910156,
            422.7485046386719
        ]
    ],
    "scores": [
        0.9991490840911865,
        0.9985272884368896,
        0.8928727507591248,
        0.21729673445224762,
        0.08321688324213028
    ]
}