{
    "predicted_boxes": [
        [
            1199.5244140625,
            616.3274536132812,
            1324.4639892578125,
            637.951171875
        ],
        [
            540.2479858398438,
            588.393798828125,
            570.4853515625,
            603.7916259765625
        ],
        [
            516.0579833984375,
            528.0466918945312,
            592.4783325195312,
            589.338623046875
        ],
        [
            1051.7110595703125,
            568.1815185546875,
            1084.5828857421875,
            599.5446166992188
        ],
        [
            1142.453857421875,
            602.5486450195312,
            1149.654541015625,
            623.076904296875
        ],
        [
            599.1239624023438,
            600.874267578125,
            703.1182250976562,
            636.2427368164062
        ],
        [
            1057.2457275390625,
            596.71240234375,
            1079.850341796875,
            608.5264892578125
        ],
        [
            1139.1976318359375,
            555.073974609375,
            1160.26220703125,
            573.6019897460938
        ],
        [
            1035.5980224609375,
            620.354248046875,
            1041.1494140625,
            638.281494140625
        ],
        [
            999.7920532226562,
            625.9924926757812,
            1019.5438842773438,
            650.0308227539062
        ]
    ],
    "scores": [
        0.9942447543144226,
        0.988318681716919,
        0.9295157194137573,
        0.9193434119224548,
        0.8067928552627563,
        0.47158801555633545,
        0.37853410840034485,
        0.27000102400779724,
        0.133040651679039,
        0.05696292221546173
    ]
}