{
    "predicted_boxes": [
        [
            1437.812255859375,
            660.6226196289062,
            1480.3453369140625,
            696.4588623046875
        ],
        [
            1806.80419921875,
            127.03861999511719,
            1866.640380859375,
            159.46121215820312
        ],
        [
            1805.0067138671875,
            82.08101654052734,
            1861.4012451171875,
            117.58992004394531
        ],
        [
            1367.061767578125,
            50.00922775268555,
            1408.5546875,
            94.67064666748047
        ],
        [
            1458.990234375,
            707.2706909179688,
            1478.6044921875,
            733.2781372070312
        ],
        [
            1434.5255126953125,
            110.11965942382812,
            1455.4210205078125,
            124.8695297241211
        ],
        [
            1802.80419921875,
            85.6248779296875,
            1869.439208984375,
            161.16746520996094
        ]
    ],
    "scores": [
        0.9855866432189941,
        0.7957059144973755,
        0.4962581396102905,
        0.45024219155311584,
        0.219773530960083,
        0.1822301745414734,
        0.16178056597709656
    ]
}