{
    "predicted_boxes": [
        [
            816.608642578125,
            744.2922973632812,
            829.3515625,
            759.967529296875
        ],
        [
            820.1696166992188,
            759.5355834960938,
            826.8226928710938,
            774.5078735351562
        ]
    ],
    "scores": [
        0.26114872097969055,
        0.05293591693043709
    ]
}