{
    "predicted_boxes": [
        [
            1093.559326171875,
            722.7655029296875,
            1133.33984375,
            759.8468017578125
        ],
        [
            505.5577697753906,
            723.2930908203125,
            541.5952758789062,
            757.2210083007812
        ],
        [
            439.0906982421875,
            804.4266967773438,
            451.2490234375,
            822.8328857421875
        ],
        [
            1028.3310546875,
            804.4067993164062,
            1036.145751953125,
            816.1752319335938
        ],
        [
            1029.718505859375,
            821.5010375976562,
            1035.864990234375,
            832.9530029296875
        ]
    ],
    "scores": [
        0.9981645941734314,
        0.9935582280158997,
        0.617178201675415,
        0.12816989421844482,
        0.06999289989471436
    ]
}