{
    "predicted_boxes": [
        [
            1007.6923828125,
            673.906494140625,
            1029.7071533203125,
            695.6251831054688
        ],
        [
            644.7908325195312,
            625.6804809570312,
            668.2942504882812,
            661.5493774414062
        ],
        [
            1034.1138916015625,
            720.0018310546875,
            1041.8812255859375,
            744.209716796875
        ],
        [
            1035.1065673828125,
            732.7158203125,
            1041.4864501953125,
            743.0142822265625
        ]
    ],
    "scores": [
        0.965949535369873,
        0.4191300570964813,
        0.15240073204040527,
        0.0858907625079155
    ]
}