{
    "predicted_boxes": [
        [
            1557.8526611328125,
            610.0984497070312,
            1634.43505859375,
            672.8987426757812
        ],
        [
            958.6976318359375,
            669.2033081054688,
            1093.0567626953125,
            737.0018310546875
        ],
        [
            957.8501586914062,
            715.139892578125,
            1085.5494384765625,
            738.8072509765625
        ],
        [
            975.5166625976562,
            672.397705078125,
            1086.5732421875,
            708.5817260742188
        ],
        [
            985.2526245117188,
            673.8837280273438,
            1070.9141845703125,
            695.8042602539062
        ]
    ],
    "scores": [
        0.9991416931152344,
        0.9959255456924438,
        0.864216148853302,
        0.16638363897800446,
        0.10043658316135406
    ]
}