{
    "predicted_boxes": [
        [
            1061.66162109375,
            676.2423706054688,
            1092.443603515625,
            699.2086791992188
        ]
    ],
    "scores": [
        0.08285218477249146
    ]
}