{
    "predicted_boxes": [
        [
            1373.301513671875,
            657.7642822265625,
            1615.25,
            696.5375366210938
        ],
        [
            1066.07958984375,
            606.0171508789062,
            1114.8397216796875,
            648.4591674804688
        ],
        [
            1076.6396484375,
            646.450927734375,
            1103.2750244140625,
            660.6533813476562
        ],
        [
            213.74456787109375,
            628.8363647460938,
            236.13674926757812,
            682.5113525390625
        ],
        [
            1048.8404541015625,
            653.3021850585938,
            1063.5670166015625,
            669.4530639648438
        ],
        [
            1221.6097412109375,
            649.6689453125,
            1230.3624267578125,
            674.982177734375
        ],
        [
            1200.5216064453125,
            651.5716552734375,
            1221.824951171875,
            680.019775390625
        ],
        [
            1200.5538330078125,
            652.5696411132812,
            1217.0911865234375,
            670.2739868164062
        ],
        [
            1050.038818359375,
            662.85986328125,
            1061.9822998046875,
            684.2542724609375
        ],
        [
            1201.5416259765625,
            661.0227661132812,
            1217.2412109375,
            680.168701171875
        ],
        [
            1274.149169921875,
            559.06884765625,
            1297.9791259765625,
            599.93994140625
        ],
        [
            1039.0103759765625,
            683.4462890625,
            1048.0484619140625,
            706.0697021484375
        ],
        [
            752.98046875,
            685.0579223632812,
            760.0361938476562,
            695.1700439453125
        ],
        [
            1216.410400390625,
            648.6286010742188,
            1227.7420654296875,
            675.7000732421875
        ],
        [
            752.96240234375,
            685.7593383789062,
            758.1121215820312,
            705.8759765625
        ],
        [
            1273.9716796875,
            580.9451904296875,
            1297.7325439453125,
            600.5549926757812
        ],
        [
            1051.73486328125,
            671.064697265625,
            1063.0023193359375,
            687.1484375
        ]
    ],
    "scores": [
        0.999497652053833,
        0.9908353090286255,
        0.9896515011787415,
        0.9606197476387024,
        0.9358271956443787,
        0.8541674613952637,
        0.6605125069618225,
        0.652160108089447,
        0.36534199118614197,
        0.22955721616744995,
        0.12140747159719467,
        0.11959154158830643,
        0.11447608470916748,
        0.10195678472518921,
        0.05841714143753052,
        0.05335909128189087,
        0.05266578122973442
    ]
}