{
    "predicted_boxes": [
        [
            1420.3299560546875,
            101.44844818115234,
            1461.061279296875,
            131.00062561035156
        ]
    ],
    "scores": [
        0.962126612663269
    ]
}