{
    "predicted_boxes": [
        [
            1275.799072265625,
            628.4619750976562,
            1448.14990234375,
            665.6002807617188
        ],
        [
            475.82061767578125,
            621.0743408203125,
            600.67578125,
            662.1566162109375
        ],
        [
            1052.2825927734375,
            585.3342895507812,
            1093.7445068359375,
            620.35400390625
        ],
        [
            221.91888427734375,
            569.0037841796875,
            281.3743591308594,
            595.1632690429688
        ],
        [
            775.84033203125,
            653.36376953125,
            781.9702758789062,
            671.4310913085938
        ],
        [
            1063.537353515625,
            618.2696533203125,
            1083.5587158203125,
            629.376953125
        ],
        [
            480.2730407714844,
            639.5535278320312,
            597.3798217773438,
            663.985595703125
        ],
        [
            1061.9805908203125,
            623.8726806640625,
            1083.4874267578125,
            633.8059692382812
        ],
        [
            944.8737182617188,
            633.2265014648438,
            987.7478637695312,
            647.864990234375
        ],
        [
            189.3899688720703,
            473.304443359375,
            310.90875244140625,
            571.1404418945312
        ],
        [
            1047.0035400390625,
            623.1902465820312,
            1058.7430419921875,
            634.849609375
        ],
        [
            775.6399536132812,
            663.9229736328125,
            780.296875,
            672.7416381835938
        ]
    ],
    "scores": [
        0.9982590079307556,
        0.9420709013938904,
        0.9274606704711914,
        0.41177982091903687,
        0.2782204747200012,
        0.2613208591938019,
        0.20929627120494843,
        0.09332379698753357,
        0.09222830086946487,
        0.07376128435134888,
        0.07315649092197418,
        0.06766048073768616
    ]
}