{
    "predicted_boxes": [
        [
            1232.302978515625,
            588.4435424804688,
            1308.31005859375,
            658.4551391601562
        ],
        [
            129.648193359375,
            586.8804931640625,
            215.99952697753906,
            650.0697631835938
        ]
    ],
    "scores": [
        0.9987248778343201,
        0.9931085109710693
    ]
}