{
    "predicted_boxes": [
        [
            491.61553955078125,
            566.2583618164062,
            525.822265625,
            585.0205078125
        ],
        [
            468.4436950683594,
            503.2839050292969,
            549.5410766601562,
            564.5445556640625
        ],
        [
            1220.724853515625,
            599.5360107421875,
            1350.4600830078125,
            623.7667846679688
        ],
        [
            1057.4832763671875,
            553.9013061523438,
            1090.10400390625,
            583.1526489257812
        ],
        [
            584.0014038085938,
            586.5156860351562,
            685.6041259765625,
            623.5126342773438
        ],
        [
            1062.0819091796875,
            581.29833984375,
            1083.9012451171875,
            592.12939453125
        ],
        [
            1183.8194580078125,
            575.9948120117188,
            1197.00537109375,
            593.8137817382812
        ],
        [
            1154.78564453125,
            536.1121215820312,
            1172.2696533203125,
            551.2009887695312
        ],
        [
            1153.730712890625,
            590.1201782226562,
            1160.5626220703125,
            606.0271606445312
        ],
        [
            810.4813842773438,
            609.2132568359375,
            819.5950927734375,
            627.1748657226562
        ],
        [
            1058.39453125,
            571.9205932617188,
            1087.7833251953125,
            589.4315795898438
        ],
        [
            1066.9810791015625,
            583.32666015625,
            1082.3826904296875,
            594.6834106445312
        ]
    ],
    "scores": [
        0.9979839324951172,
        0.9947157502174377,
        0.9909073114395142,
        0.9560257792472839,
        0.7961157560348511,
        0.4432004690170288,
        0.23670166730880737,
        0.23223814368247986,
        0.15350112318992615,
        0.10182368010282516,
        0.05583392456173897,
        0.05280826985836029
    ]
}