{
    "predicted_boxes": [
        [
            1625.655517578125,
            610.4605102539062,
            1676.3287353515625,
            648.7333374023438
        ],
        [
            715.295654296875,
            594.30078125,
            734.2109375,
            631.1881713867188
        ]
    ],
    "scores": [
        0.9914007782936096,
        0.09461737424135208
    ]
}