{
    "predicted_boxes": [
        [
            1123.3233642578125,
            663.7195434570312,
            1159.0457763671875,
            682.479248046875
        ],
        [
            1231.8804931640625,
            30.934242248535156,
            1293.3193359375,
            78.43914031982422
        ],
        [
            0.0,
            655.038818359375,
            181.0841522216797,
            762.3937377929688
        ],
        [
            1108.8099365234375,
            606.8676147460938,
            1174.151611328125,
            663.8703002929688
        ],
        [
            1383.118896484375,
            653.9098510742188,
            1401.385498046875,
            710.1677856445312
        ],
        [
            97.26154327392578,
            878.7478637695312,
            107.97147369384766,
            893.0660400390625
        ],
        [
            1814.1405029296875,
            322.96923828125,
            1892.3753662109375,
            480.7213134765625
        ],
        [
            2.663647413253784,
            659.66259765625,
            179.62826538085938,
            702.1070556640625
        ],
        [
            1054.025146484375,
            719.1197509765625,
            1062.683349609375,
            745.71923828125
        ],
        [
            1112.149658203125,
            717.8650512695312,
            1118.351806640625,
            732.9822998046875
        ],
        [
            94.69912719726562,
            879.0505981445312,
            104.03282928466797,
            894.156982421875
        ],
        [
            1064.08642578125,
            682.67333984375,
            1076.7623291015625,
            696.4911499023438
        ],
        [
            98.69712829589844,
            875.9628295898438,
            107.76122283935547,
            887.5821533203125
        ]
    ],
    "scores": [
        0.9964236617088318,
        0.9948522448539734,
        0.988699734210968,
        0.9885978698730469,
        0.9762607216835022,
        0.8836907744407654,
        0.4941938817501068,
        0.4748981297016144,
        0.3055575489997864,
        0.13638481497764587,
        0.10195310413837433,
        0.09367391467094421,
        0.05953599512577057
    ]
}