{
    "predicted_boxes": [
        [
            654.7489013671875,
            736.6528930664062,
            696.198974609375,
            766.4893798828125
        ],
        [
            1182.55908203125,
            697.1465454101562,
            1222.563720703125,
            730.8521728515625
        ],
        [
            1179.2646484375,
            662.7835693359375,
            1226.145751953125,
            701.4705200195312
        ],
        [
            1181.22216796875,
            735.831298828125,
            1216.4886474609375,
            767.052734375
        ],
        [
            1178.447998046875,
            666.4933471679688,
            1226.56884765625,
            750.0604858398438
        ],
        [
            654.8389282226562,
            698.9248046875,
            696.22314453125,
            731.479736328125
        ],
        [
            1080.7021484375,
            682.0473022460938,
            1097.342041015625,
            696.2913818359375
        ]
    ],
    "scores": [
        0.717410683631897,
        0.44694778323173523,
        0.38307034969329834,
        0.26283642649650574,
        0.23814231157302856,
        0.20827071368694305,
        0.1404140144586563
    ]
}