{
    "predicted_boxes": [
        [
            956.2589721679688,
            648.6226196289062,
            1146.6806640625,
            715.928466796875
        ],
        [
            962.52978515625,
            646.6659545898438,
            1144.7337646484375,
            684.3939208984375
        ],
        [
            946.1240234375,
            682.8564453125,
            1145.1761474609375,
            740.7650146484375
        ],
        [
            991.61572265625,
            650.1119384765625,
            1093.9925537109375,
            675.2108154296875
        ]
    ],
    "scores": [
        0.976010799407959,
        0.8401046395301819,
        0.7621489763259888,
        0.05320734158158302
    ]
}