{
    "predicted_boxes": [
        [
            1122.967041015625,
            647.736572265625,
            1159.419189453125,
            666.5845336914062
        ],
        [
            1236.405517578125,
            48.58491516113281,
            1291.9598388671875,
            92.82918548583984
        ],
        [
            1110.323486328125,
            589.333984375,
            1176.0914306640625,
            647.9656982421875
        ],
        [
            1385.248046875,
            642.9970092773438,
            1401.6820068359375,
            696.0765991210938
        ],
        [
            1062.2379150390625,
            665.8148803710938,
            1078.550537109375,
            684.8916625976562
        ],
        [
            1817.8192138671875,
            309.6042785644531,
            1895.3759765625,
            467.82757568359375
        ],
        [
            1111.9422607421875,
            698.1342163085938,
            1119.2120361328125,
            717.5951538085938
        ],
        [
            1054.093505859375,
            703.896728515625,
            1062.1607666015625,
            722.927001953125
        ],
        [
            1053.846923828125,
            703.621826171875,
            1061.4515380859375,
            714.6251831054688
        ],
        [
            1054.16455078125,
            716.9099731445312,
            1061.719482421875,
            728.772705078125
        ],
        [
            1062.9830322265625,
            676.7648315429688,
            1077.9327392578125,
            694.8927612304688
        ],
        [
            1064.46630859375,
            685.3069458007812,
            1077.965087890625,
            697.7942504882812
        ],
        [
            1065.92724609375,
            694.3530883789062,
            1078.7811279296875,
            706.9065551757812
        ]
    ],
    "scores": [
        0.9976287484169006,
        0.9645043611526489,
        0.930706262588501,
        0.8291211724281311,
        0.7038406133651733,
        0.6877971887588501,
        0.6274255514144897,
        0.4653073251247406,
        0.22164176404476166,
        0.16264908015727997,
        0.14563268423080444,
        0.11809505522251129,
        0.06737591326236725
    ]
}