{
    "predicted_boxes": [
        [
            1122.625,
            664.2041015625,
            1159.5750732421875,
            683.3526000976562
        ],
        [
            1234.3507080078125,
            31.418682098388672,
            1292.59423828125,
            77.16595458984375
        ],
        [
            1108.5589599609375,
            607.2640380859375,
            1176.4564208984375,
            663.15869140625
        ],
        [
            0.0,
            654.0662231445312,
            181.1528778076172,
            761.6788330078125
        ],
        [
            1383.60205078125,
            657.3541870117188,
            1400.134033203125,
            710.888427734375
        ],
        [
            3.0480728149414062,
            659.5189208984375,
            179.7224884033203,
            705.4765625
        ],
        [
            1812.83837890625,
            323.6213684082031,
            1892.442138671875,
            480.83245849609375
        ],
        [
            97.72901153564453,
            877.688232421875,
            107.54888916015625,
            889.7733154296875
        ],
        [
            99.01114654541016,
            883.3601684570312,
            108.2702407836914,
            890.2552490234375
        ],
        [
            100.32950592041016,
            878.703857421875,
            107.03086853027344,
            886.7359619140625
        ],
        [
            1237.263671875,
            679.0469970703125,
            1255.1424560546875,
            701.1791381835938
        ]
    ],
    "scores": [
        0.9976206421852112,
        0.9937095642089844,
        0.9934923052787781,
        0.9909054040908813,
        0.9674020409584045,
        0.5765591263771057,
        0.5432237982749939,
        0.34793800115585327,
        0.09523569047451019,
        0.08435247838497162,
        0.0763334184885025
    ]
}