{
    "predicted_boxes": [
        [
            1122.441162109375,
            664.2360229492188,
            1159.77294921875,
            683.6854248046875
        ],
        [
            0.0,
            655.750732421875,
            184.62132263183594,
            751.7979736328125
        ],
        [
            1108.29443359375,
            607.0859985351562,
            1176.5211181640625,
            664.0678100585938
        ],
        [
            1234.226318359375,
            31.584949493408203,
            1292.5115966796875,
            76.72147369384766
        ],
        [
            1383.604248046875,
            657.58447265625,
            1399.8902587890625,
            710.8978881835938
        ],
        [
            1063.0386962890625,
            682.7302856445312,
            1077.4112548828125,
            697.5451049804688
        ],
        [
            1064.6805419921875,
            708.6194458007812,
            1079.4085693359375,
            725.5114135742188
        ],
        [
            1062.6741943359375,
            690.5516357421875,
            1079.47705078125,
            713.9610595703125
        ],
        [
            1812.7398681640625,
            322.9119567871094,
            1892.1622314453125,
            481.06396484375
        ],
        [
            1112.2008056640625,
            719.8972778320312,
            1118.9486083984375,
            732.3366088867188
        ],
        [
            1064.9058837890625,
            699.6171264648438,
            1078.022705078125,
            720.386962890625
        ],
        [
            97.11011505126953,
            878.4734497070312,
            106.11957550048828,
            892.26025390625
        ],
        [
            1237.30029296875,
            678.6574096679688,
            1254.994140625,
            703.0374145507812
        ],
        [
            1063.1026611328125,
            716.7989501953125,
            1076.9708251953125,
            728.2434692382812
        ]
    ],
    "scores": [
        0.9974198341369629,
        0.9949841499328613,
        0.9932528138160706,
        0.9921312928199768,
        0.942164421081543,
        0.8207013607025146,
        0.6912460327148438,
        0.6715471148490906,
        0.4722314774990082,
        0.3721967935562134,
        0.35096919536590576,
        0.21853278577327728,
        0.15463030338287354,
        0.06708043068647385
    ]
}