{
    "predicted_boxes": [
        [
            1189.0521240234375,
            605.693603515625,
            1255.11474609375,
            665.9926147460938
        ],
        [
            261.30279541015625,
            606.93359375,
            334.51214599609375,
            659.8945922851562
        ]
    ],
    "scores": [
        0.9982863068580627,
        0.9952021837234497
    ]
}