{
    "predicted_boxes": [
        [
            1171.79736328125,
            616.5321044921875,
            1227.3475341796875,
            670.228515625
        ],
        [
            328.74249267578125,
            615.2875366210938,
            391.6727600097656,
            663.4537963867188
        ]
    ],
    "scores": [
        0.9960512518882751,
        0.9754282832145691
    ]
}