{
    "predicted_boxes": [
        [
            1773.832763671875,
            672.5640258789062,
            1817.984619140625,
            706.4697875976562
        ],
        [
            978.414306640625,
            649.5598754882812,
            992.6732177734375,
            686.6006469726562
        ]
    ],
    "scores": [
        0.26045820116996765,
        0.18124717473983765
    ]
}