{
    "predicted_boxes": [
        [
            1148.8232421875,
            641.8805541992188,
            1199.4251708984375,
            687.2086181640625
        ],
        [
            1145.935546875,
            700.7408447265625,
            1171.3856201171875,
            723.3377685546875
        ],
        [
            1766.279296875,
            66.72404479980469,
            1800.7579345703125,
            100.9489974975586
        ],
        [
            1156.3009033203125,
            702.5105590820312,
            1173.089599609375,
            722.5267333984375
        ],
        [
            458.09112548828125,
            594.25,
            530.6498413085938,
            663.901611328125
        ],
        [
            1147.5460205078125,
            702.4114379882812,
            1160.351806640625,
            721.172607421875
        ],
        [
            1154.328857421875,
            683.02392578125,
            1187.08544921875,
            701.18017578125
        ],
        [
            1815.4495849609375,
            110.83648681640625,
            1831.804443359375,
            129.22154235839844
        ],
        [
            1150.9798583984375,
            732.3941040039062,
            1159.349609375,
            763.829345703125
        ]
    ],
    "scores": [
        0.9934440851211548,
        0.9647537469863892,
        0.8970609307289124,
        0.3115127682685852,
        0.16221383213996887,
        0.1243940144777298,
        0.11126624047756195,
        0.09568624198436737,
        0.06468798220157623
    ]
}