{
    "predicted_boxes": [
        [
            927.9199829101562,
            438.52099609375,
            959.7130126953125,
            462.6753234863281
        ],
        [
            49.912479400634766,
            154.185302734375,
            101.32581329345703,
            203.45562744140625
        ]
    ],
    "scores": [
        0.4405314326286316,
        0.12428217381238937
    ]
}