{
    "predicted_boxes": [
        [
            1226.8343505859375,
            643.45654296875,
            1271.50048828125,
            680.7339477539062
        ],
        [
            1228.795166015625,
            694.0733642578125,
            1251.788330078125,
            716.9219360351562
        ],
        [
            1234.6121826171875,
            731.45849609375,
            1246.904541015625,
            752.678466796875
        ],
        [
            1181.1571044921875,
            628.0794677734375,
            1196.7410888671875,
            648.6817016601562
        ]
    ],
    "scores": [
        0.9960248470306396,
        0.5429605841636658,
        0.06601408869028091,
        0.05856482312083244
    ]
}