{
    "predicted_boxes": [
        [
            281.41998291015625,
            408.587158203125,
            317.4696044921875,
            436.51171875
        ],
        [
            489.7884826660156,
            408.5082092285156,
            519.8433227539062,
            435.0635681152344
        ]
    ],
    "scores": [
        0.631695568561554,
        0.45701587200164795
    ]
}