{
    "predicted_boxes": [
        [
            1611.3729248046875,
            656.4881591796875,
            1920.0,
            742.2527465820312
        ],
        [
            1612.2628173828125,
            579.5858154296875,
            1916.095458984375,
            663.0997924804688
        ],
        [
            1729.7547607421875,
            597.96435546875,
            1763.274169921875,
            638.9743041992188
        ],
        [
            1578.4361572265625,
            734.2935791015625,
            1920.0,
            835.4376220703125
        ],
        [
            1605.5357666015625,
            590.6976928710938,
            1918.781005859375,
            790.38671875
        ],
        [
            1716.71240234375,
            684.565185546875,
            1752.8642578125,
            721.0869140625
        ],
        [
            1770.54296875,
            608.2203369140625,
            1793.3094482421875,
            637.076416015625
        ],
        [
            1871.104248046875,
            604.1458129882812,
            1894.80859375,
            633.6578369140625
        ],
        [
            1860.072998046875,
            778.36376953125,
            1883.96337890625,
            808.6314697265625
        ]
    ],
    "scores": [
        0.7088905572891235,
        0.6675599813461304,
        0.5852777361869812,
        0.4761353135108948,
        0.16869863867759705,
        0.11872166395187378,
        0.0974656417965889,
        0.052413150668144226,
        0.05076657980680466
    ]
}