{
    "predicted_boxes": [
        [
            1716.9429931640625,
            553.6923217773438,
            1828.4879150390625,
            607.3392333984375
        ],
        [
            1646.2005615234375,
            361.2599792480469,
            1891.2801513671875,
            533.9332275390625
        ],
        [
            1346.0596923828125,
            668.13037109375,
            1426.73681640625,
            725.2537231445312
        ],
        [
            1423.6343994140625,
            51.33135223388672,
            1462.6328125,
            87.08074951171875
        ],
        [
            1429.166259765625,
            83.22362518310547,
            1454.596923828125,
            100.29957580566406
        ]
    ],
    "scores": [
        0.9984332919120789,
        0.9899161458015442,
        0.9753350615501404,
        0.9513011574745178,
        0.3723660707473755
    ]
}