{
    "predicted_boxes": [
        [
            1121.856201171875,
            660.4698486328125,
            1158.9024658203125,
            680.3634033203125
        ],
        [
            1108.888671875,
            602.7981567382812,
            1175.1129150390625,
            659.872314453125
        ],
        [
            1383.4346923828125,
            652.7340087890625,
            1400.2689208984375,
            707.3347778320312
        ],
        [
            1111.81787109375,
            713.1082763671875,
            1119.4630126953125,
            728.6859741210938
        ],
        [
            1234.949951171875,
            35.37556838989258,
            1290.9559326171875,
            79.84480285644531
        ],
        [
            1813.0726318359375,
            318.62347412109375,
            1892.07861328125,
            479.42626953125
        ],
        [
            1065.398193359375,
            679.2771606445312,
            1076.8477783203125,
            691.8275756835938
        ],
        [
            1054.850341796875,
            715.98974609375,
            1061.0322265625,
            726.1394653320312
        ]
    ],
    "scores": [
        0.999137282371521,
        0.984089732170105,
        0.8740830421447754,
        0.8037269711494446,
        0.6515889763832092,
        0.4427955448627472,
        0.2696853578090668,
        0.0514301098883152
    ]
}