{
    "predicted_boxes": [
        [
            1113.488525390625,
            729.429931640625,
            1121.51513671875,
            744.917724609375
        ],
        [
            24.87311553955078,
            217.56036376953125,
            74.70326232910156,
            264.4794616699219
        ],
        [
            1114.26220703125,
            742.30224609375,
            1121.888427734375,
            765.197509765625
        ],
        [
            1117.06005859375,
            744.4302978515625,
            1123.235107421875,
            762.314208984375
        ]
    ],
    "scores": [
        0.40949326753616333,
        0.2742033302783966,
        0.1554626077413559,
        0.07316213101148605
    ]
}