{
    "predicted_boxes": [
        [
            1523.5858154296875,
            637.0281372070312,
            1913.0611572265625,
            707.3652954101562
        ],
        [
            1511.7296142578125,
            670.791015625,
            1900.7105712890625,
            752.0228881835938
        ],
        [
            1505.1446533203125,
            647.8369750976562,
            1893.1795654296875,
            815.75537109375
        ],
        [
            1494.2529296875,
            733.068115234375,
            1873.096435546875,
            815.5185546875
        ],
        [
            1605.7083740234375,
            650.168701171875,
            1626.940673828125,
            678.437255859375
        ]
    ],
    "scores": [
        0.9051893949508667,
        0.658332884311676,
        0.34443211555480957,
        0.2260301411151886,
        0.05315990000963211
    ]
}