{
    "predicted_boxes": [
        [
            258.9097900390625,
            595.0046997070312,
            298.6032409667969,
            620.2501220703125
        ],
        [
            671.9178466796875,
            691.0056762695312,
            712.9617919921875,
            726.2189331054688
        ]
    ],
    "scores": [
        0.2723100483417511,
        0.0659601166844368
    ]
}