{
    "predicted_boxes": [
        [
            1146.025390625,
            634.382568359375,
            1199.1571044921875,
            679.0262451171875
        ],
        [
            1142.1053466796875,
            693.8015747070312,
            1170.92041015625,
            720.1295776367188
        ],
        [
            1338.5594482421875,
            66.2439193725586,
            1348.9202880859375,
            96.82319641113281
        ]
    ],
    "scores": [
        0.9972234964370728,
        0.9950541257858276,
        0.4415876567363739
    ]
}