{
    "predicted_boxes": [
        [
            211.26609802246094,
            672.0004272460938,
            239.82081604003906,
            697.794921875
        ]
    ],
    "scores": [
        0.983219563961029
    ]
}