{
    "predicted_boxes": [
        [
            1387.870849609375,
            607.620849609375,
            1701.939208984375,
            709.0665283203125
        ],
        [
            1412.7611083984375,
            607.7293701171875,
            1692.4447021484375,
            663.3704833984375
        ],
        [
            1461.6094970703125,
            619.239990234375,
            1482.243408203125,
            641.8639526367188
        ],
        [
            1590.877685546875,
            723.611572265625,
            1609.358642578125,
            745.6278686523438
        ],
        [
            1380.585693359375,
            632.67041015625,
            1688.146484375,
            768.7063598632812
        ],
        [
            1518.8270263671875,
            617.172119140625,
            1542.098876953125,
            644.28857421875
        ]
    ],
    "scores": [
        0.9306622743606567,
        0.5266125798225403,
        0.3113008439540863,
        0.07937334477901459,
        0.06099148094654083,
        0.05781124532222748
    ]
}