{
    "predicted_boxes": [
        [
            1552.0277099609375,
            254.64720153808594,
            1797.079833984375,
            470.6949462890625
        ],
        [
            1685.5635986328125,
            326.692626953125,
            1737.6483154296875,
            402.4514465332031
        ],
        [
            1033.547119140625,
            106.47721099853516,
            1089.5882568359375,
            154.79833984375
        ]
    ],
    "scores": [
        0.9721687436103821,
        0.07369695603847504,
        0.05520821735262871
    ]
}