{
    "predicted_boxes": [
        [
            1119.141357421875,
            650.720458984375,
            1148.6185302734375,
            670.3253784179688
        ],
        [
            1100.03369140625,
            597.0462036132812,
            1164.285888671875,
            651.916259765625
        ],
        [
            1809.7894287109375,
            655.3020629882812,
            1918.3621826171875,
            732.560302734375
        ],
        [
            1347.052490234375,
            646.2376098632812,
            1362.2457275390625,
            694.1468505859375
        ],
        [
            1644.815185546875,
            387.6245422363281,
            1707.08935546875,
            518.9368896484375
        ],
        [
            97.4696273803711,
            881.3883666992188,
            104.96099090576172,
            892.3524169921875
        ],
        [
            1060.560302734375,
            667.0015258789062,
            1076.18701171875,
            688.1470336914062
        ],
        [
            95.82594299316406,
            881.9815063476562,
            102.12789154052734,
            893.4273071289062
        ]
    ],
    "scores": [
        0.9981716871261597,
        0.9803784489631653,
        0.9687789082527161,
        0.5373536348342896,
        0.39453360438346863,
        0.24667565524578094,
        0.05810393765568733,
        0.05688423290848732
    ]
}