{
    "predicted_boxes": [
        [
            1608.9677734375,
            620.3795776367188,
            1656.234619140625,
            659.7987060546875
        ],
        [
            1250.5731201171875,
            654.8062744140625,
            1337.1002197265625,
            715.8175659179688
        ],
        [
            1250.060546875,
            655.96923828125,
            1329.9617919921875,
            688.8085327148438
        ]
    ],
    "scores": [
        0.9957501888275146,
        0.9947221279144287,
        0.07883933931589127
    ]
}