{
    "predicted_boxes": [
        [
            1122.4547119140625,
            664.236083984375,
            1159.7757568359375,
            683.6932373046875
        ],
        [
            0.0,
            652.5171508789062,
            183.3977813720703,
            761.9092407226562
        ],
        [
            1108.3004150390625,
            607.077392578125,
            1176.517333984375,
            664.097900390625
        ],
        [
            1234.2188720703125,
            31.583009719848633,
            1292.516845703125,
            76.72830200195312
        ],
        [
            1383.6121826171875,
            657.5811157226562,
            1399.8797607421875,
            710.907958984375
        ],
        [
            0.0,
            658.8548583984375,
            181.15335083007812,
            710.5430297851562
        ],
        [
            1063.00634765625,
            683.32421875,
            1077.69970703125,
            700.4564819335938
        ],
        [
            1065.2113037109375,
            709.5396728515625,
            1079.720947265625,
            726.1319580078125
        ],
        [
            1063.22021484375,
            690.6687622070312,
            1078.7921142578125,
            712.9271240234375
        ],
        [
            1812.7593994140625,
            323.00933837890625,
            1892.1719970703125,
            481.0926208496094
        ],
        [
            1112.2666015625,
            719.9327392578125,
            1118.96826171875,
            732.5241088867188
        ],
        [
            1065.243408203125,
            700.51708984375,
            1078.029296875,
            720.8035888671875
        ],
        [
            97.27323150634766,
            878.9567260742188,
            106.73191833496094,
            892.5118408203125
        ],
        [
            1237.2325439453125,
            678.6102294921875,
            1254.978271484375,
            703.1111450195312
        ],
        [
            1054.2735595703125,
            715.433349609375,
            1064.25634765625,
            727.810791015625
        ]
    ],
    "scores": [
        0.997314989566803,
        0.9934021830558777,
        0.9932165741920471,
        0.9924479722976685,
        0.9416943788528442,
        0.8118545413017273,
        0.7481235265731812,
        0.678458571434021,
        0.6219881772994995,
        0.478331059217453,
        0.36418506503105164,
        0.302815318107605,
        0.1570930778980255,
        0.1325499266386032,
        0.05246776342391968
    ]
}