{
    "predicted_boxes": [
        [
            342.8470458984375,
            729.8475952148438,
            366.1868591308594,
            760.8829345703125
        ]
    ],
    "scores": [
        0.5932497978210449
    ]
}