{
    "predicted_boxes": [
        [
            1064.8668212890625,
            677.7993774414062,
            1098.9873046875,
            711.9342041015625
        ],
        [
            1081.2734375,
            720.4154052734375,
            1104.42626953125,
            736.511474609375
        ]
    ],
    "scores": [
        0.9379666447639465,
        0.2812840938568115
    ]
}