{
    "predicted_boxes": [
        [
            541.8675537109375,
            705.4071044921875,
            586.6348876953125,
            739.7245483398438
        ],
        [
            1079.8223876953125,
            708.1801147460938,
            1118.95849609375,
            740.552490234375
        ],
        [
            1109.70751953125,
            776.7606201171875,
            1118.907958984375,
            792.58447265625
        ]
    ],
    "scores": [
        0.8501094579696655,
        0.645892322063446,
        0.1578061580657959
    ]
}