{
    "predicted_boxes": [
        [
            1250.0064697265625,
            34.301971435546875,
            1334.8704833984375,
            107.31298828125
        ],
        [
            1268.708251953125,
            104.59937286376953,
            1316.0595703125,
            127.4163818359375
        ],
        [
            433.16375732421875,
            668.9439697265625,
            542.3511352539062,
            720.8551635742188
        ]
    ],
    "scores": [
        0.9972545504570007,
        0.9953972697257996,
        0.07980137318372726
    ]
}