{
    "predicted_boxes": [
        [
            99.10029602050781,
            574.8433837890625,
            422.5003967285156,
            635.0648193359375
        ],
        [
            85.8836669921875,
            573.5199584960938,
            407.873779296875,
            701.65478515625
        ],
        [
            170.8408660888672,
            583.6051635742188,
            193.11541748046875,
            609.2255859375
        ],
        [
            67.55293273925781,
            634.9981689453125,
            404.78887939453125,
            721.6209716796875
        ],
        [
            169.8023223876953,
            690.0025634765625,
            191.48272705078125,
            716.2966918945312
        ]
    ],
    "scores": [
        0.8524352312088013,
        0.6003429889678955,
        0.30440905690193176,
        0.1479039043188095,
        0.08951444923877716
    ]
}