{
    "predicted_boxes": [
        [
            1800.9842529296875,
            93.55010223388672,
            1812.2679443359375,
            112.94807434082031
        ],
        [
            1765.91015625,
            6.714719295501709,
            1821.553466796875,
            50.88349151611328
        ],
        [
            1862.4747314453125,
            9.642488479614258,
            1913.88427734375,
            60.797576904296875
        ]
    ],
    "scores": [
        0.1688104122877121,
        0.06122547760605812,
        0.054353971034288406
    ]
}