{
    "predicted_boxes": [
        [
            1650.41064453125,
            645.1138305664062,
            1693.0345458984375,
            678.0130615234375
        ],
        [
            1687.2288818359375,
            154.98507690429688,
            1700.3570556640625,
            171.0002899169922
        ]
    ],
    "scores": [
        0.9866808652877808,
        0.39425769448280334
    ]
}