{
    "predicted_boxes": [
        [
            468.000244140625,
            395.9188537597656,
            502.275146484375,
            425.07757568359375
        ],
        [
            227.9688720703125,
            870.0330200195312,
            240.0162353515625,
            889.3499145507812
        ]
    ],
    "scores": [
        0.26669150590896606,
        0.17795602977275848
    ]
}