{
    "predicted_boxes": [
        [
            1353.90576171875,
            637.9341430664062,
            1457.757080078125,
            716.0777587890625
        ],
        [
            1546.617431640625,
            68.43358612060547,
            1580.1195068359375,
            104.7964096069336
        ],
        [
            1627.5504150390625,
            96.22198486328125,
            1634.724853515625,
            111.93189239501953
        ]
    ],
    "scores": [
        0.9956472516059875,
        0.9791669845581055,
        0.6799641251564026
    ]
}