{
    "predicted_boxes": [
        [
            1261.1243896484375,
            339.6634826660156,
            1297.577880859375,
            375.2237854003906
        ],
        [
            645.515625,
            668.3225708007812,
            677.6280517578125,
            695.6735229492188
        ],
        [
            685.7775268554688,
            550.275146484375,
            705.0037231445312,
            566.2316284179688
        ]
    ],
    "scores": [
        0.9825494289398193,
        0.8666766881942749,
        0.3679305613040924
    ]
}