{
    "predicted_boxes": [
        [
            1097.7548828125,
            645.2411499023438,
            1142.818359375,
            682.8075561523438
        ],
        [
            56.16143798828125,
            423.9933776855469,
            88.11554718017578,
            451.71185302734375
        ],
        [
            1134.825439453125,
            722.380859375,
            1145.6278076171875,
            734.700439453125
        ],
        [
            617.8950805664062,
            507.8666687011719,
            641.3070678710938,
            528.4419555664062
        ],
        [
            538.3726196289062,
            649.7431030273438,
            579.4950561523438,
            687.1445922851562
        ],
        [
            1172.099609375,
            717.7254638671875,
            1177.745361328125,
            738.43798828125
        ],
        [
            1136.7857666015625,
            743.3480224609375,
            1143.83935546875,
            757.7792358398438
        ]
    ],
    "scores": [
        0.7778847217559814,
        0.49523261189460754,
        0.18677319586277008,
        0.18543407320976257,
        0.14027279615402222,
        0.06387310475111008,
        0.06047705188393593
    ]
}