{
    "predicted_boxes": [
        [
            1253.98046875,
            646.2424926757812,
            1297.5440673828125,
            684.5349731445312
        ],
        [
            1257.130126953125,
            696.4058227539062,
            1276.042236328125,
            717.4652709960938
        ],
        [
            1257.5948486328125,
            726.9690551757812,
            1268.1962890625,
            744.212646484375
        ],
        [
            1320.926025390625,
            733.251953125,
            1333.9212646484375,
            748.5339965820312
        ],
        [
            1258.3695068359375,
            724.077880859375,
            1266.649658203125,
            738.88525390625
        ]
    ],
    "scores": [
        0.997057318687439,
        0.978141725063324,
        0.30129021406173706,
        0.10042329877614975,
        0.07243300974369049
    ]
}