{
    "predicted_boxes": [
        [
            1865.5887451171875,
            59.723846435546875,
            1906.37744140625,
            98.37281036376953
        ],
        [
            329.51165771484375,
            242.87034606933594,
            375.7958679199219,
            285.6832275390625
        ],
        [
            640.704345703125,
            248.16407775878906,
            685.5322875976562,
            292.15972900390625
        ]
    ],
    "scores": [
        0.9941056966781616,
        0.9850542545318604,
        0.8880308866500854
    ]
}