{
    "predicted_boxes": [
        [
            98.52042388916016,
            181.15713500976562,
            148.0157012939453,
            230.32644653320312
        ],
        [
            1318.7545166015625,
            67.69567108154297,
            1361.80810546875,
            98.38356018066406
        ]
    ],
    "scores": [
        0.9654380083084106,
        0.8566088676452637
    ]
}