{
    "predicted_boxes": [
        [
            1119.6705322265625,
            479.4136047363281,
            1242.28125,
            577.775634765625
        ],
        [
            1181.568359375,
            244.08340454101562,
            1224.6007080078125,
            288.5501708984375
        ],
        [
            861.0538940429688,
            711.8218383789062,
            876.8717041015625,
            733.4698486328125
        ],
        [
            1147.015625,
            501.718994140625,
            1178.623291015625,
            548.2506713867188
        ]
    ],
    "scores": [
        0.9975492358207703,
        0.8679607510566711,
        0.18243150413036346,
        0.08793172240257263
    ]
}