{
    "predicted_boxes": [
        [
            912.3773803710938,
            421.8526916503906,
            949.9375,
            451.81341552734375
        ]
    ],
    "scores": [
        0.9055988192558289
    ]
}