{
    "predicted_boxes": [
        [
            1155.782470703125,
            640.960693359375,
            1203.2340087890625,
            681.6170043945312
        ],
        [
            1153.2061767578125,
            698.3158569335938,
            1178.7420654296875,
            721.3574829101562
        ],
        [
            1752.8775634765625,
            68.66936492919922,
            1786.91455078125,
            102.56201934814453
        ],
        [
            1758.4874267578125,
            99.89590454101562,
            1778.58740234375,
            111.76296997070312
        ],
        [
            332.7259521484375,
            740.9844360351562,
            344.1567077636719,
            760.1356201171875
        ],
        [
            1757.2239990234375,
            93.64846801757812,
            1780.9752197265625,
            108.1776351928711
        ]
    ],
    "scores": [
        0.9980923533439636,
        0.9977092742919922,
        0.8836284279823303,
        0.1444697380065918,
        0.07929746806621552,
        0.07670143246650696
    ]
}