{
    "predicted_boxes": [
        [
            1237.5843505859375,
            775.2130126953125,
            1261.0057373046875,
            794.1315307617188
        ],
        [
            1236.5047607421875,
            732.7311401367188,
            1264.3177490234375,
            774.469970703125
        ],
        [
            1237.50146484375,
            750.5516357421875,
            1262.6251220703125,
            773.5828247070312
        ],
        [
            1627.5987548828125,
            776.07958984375,
            1637.211181640625,
            792.4640502929688
        ],
        [
            993.625,
            757.5191650390625,
            1002.6558837890625,
            773.449462890625
        ],
        [
            198.48008728027344,
            94.10049438476562,
            258.6102294921875,
            148.63739013671875
        ],
        [
            1237.2015380859375,
            729.9549560546875,
            1264.1343994140625,
            755.1493530273438
        ],
        [
            1628.7003173828125,
            776.176513671875,
            1636.5020751953125,
            806.829833984375
        ],
        [
            1630.86767578125,
            784.5687866210938,
            1637.8125,
            807.030517578125
        ],
        [
            1627.385498046875,
            803.198486328125,
            1636.510498046875,
            826.3590087890625
        ],
        [
            1233.37744140625,
            773.6161499023438,
            1262.591064453125,
            804.3515625
        ]
    ],
    "scores": [
        0.9966963529586792,
        0.9463808536529541,
        0.9416440725326538,
        0.6121029853820801,
        0.5943818688392639,
        0.5659547448158264,
        0.5652618408203125,
        0.31314000487327576,
        0.09968184679746628,
        0.08539194613695145,
        0.05061088874936104
    ]
}