{
    "predicted_boxes": [
        [
            1328.1156005859375,
            652.8532104492188,
            1369.252197265625,
            688.48486328125
        ],
        [
            1330.0308837890625,
            700.4265747070312,
            1353.52783203125,
            720.1465454101562
        ],
        [
            700.0723266601562,
            724.2822265625,
            712.4163208007812,
            741.4475708007812
        ]
    ],
    "scores": [
        0.9951016306877136,
        0.9199369549751282,
        0.08696860820055008
    ]
}