{
    "predicted_boxes": [
        [
            1605.4122314453125,
            749.9027709960938,
            1623.02783203125,
            768.4860229492188
        ]
    ],
    "scores": [
        0.1276973932981491
    ]
}