{
    "predicted_boxes": [
        [
            1573.270751953125,
            36.49949645996094,
            1627.066162109375,
            84.90847778320312
        ],
        [
            996.5232543945312,
            369.1274719238281,
            1032.2486572265625,
            398.86578369140625
        ],
        [
            1746.0458984375,
            506.13531494140625,
            1767.79296875,
            525.3004760742188
        ],
        [
            757.8919067382812,
            364.14410400390625,
            796.2889404296875,
            395.91021728515625
        ],
        [
            1578.9715576171875,
            42.28266906738281,
            1614.4200439453125,
            77.06649780273438
        ]
    ],
    "scores": [
        0.9886693358421326,
        0.8983241319656372,
        0.43541383743286133,
        0.12060203403234482,
        0.0657695084810257
    ]
}