{
    "predicted_boxes": [
        [
            1122.3883056640625,
            664.2924194335938,
            1159.7099609375,
            683.6541748046875
        ],
        [
            1108.248291015625,
            607.0739135742188,
            1176.5390625,
            663.6312255859375
        ],
        [
            1234.17236328125,
            31.56065559387207,
            1292.40869140625,
            76.91793823242188
        ],
        [
            1383.7073974609375,
            657.6207275390625,
            1399.8797607421875,
            711.1923217773438
        ],
        [
            96.54277038574219,
            878.6731567382812,
            107.97273254394531,
            892.5491943359375
        ],
        [
            1063.8551025390625,
            682.6528930664062,
            1077.006591796875,
            697.2894287109375
        ],
        [
            1811.8212890625,
            323.4701843261719,
            1892.0069580078125,
            482.19024658203125
        ],
        [
            1062.4412841796875,
            683.963623046875,
            1078.5660400390625,
            705.3456420898438
        ],
        [
            1066.98974609375,
            711.4362182617188,
            1077.7535400390625,
            726.4749145507812
        ],
        [
            1237.3399658203125,
            678.5655517578125,
            1254.892578125,
            702.5010986328125
        ],
        [
            1063.20068359375,
            689.6839599609375,
            1078.75927734375,
            714.56494140625
        ],
        [
            99.03204345703125,
            880.75390625,
            106.9545669555664,
            890.35595703125
        ],
        [
            1112.5225830078125,
            719.57177734375,
            1119.3089599609375,
            732.8639526367188
        ],
        [
            1064.5496826171875,
            699.2659301757812,
            1078.3282470703125,
            722.6158447265625
        ],
        [
            1054.386962890625,
            719.93359375,
            1061.999755859375,
            737.6167602539062
        ],
        [
            96.32158660888672,
            876.9304809570312,
            105.94080352783203,
            887.8971557617188
        ]
    ],
    "scores": [
        0.9974741339683533,
        0.9944625496864319,
        0.9919542670249939,
        0.9263431429862976,
        0.8058007955551147,
        0.5720499753952026,
        0.5480860471725464,
        0.3956485092639923,
        0.36246347427368164,
        0.30177631974220276,
        0.276699423789978,
        0.20356355607509613,
        0.1970660388469696,
        0.12539836764335632,
        0.1121068075299263,
        0.05366108566522598
    ]
}