{
    "predicted_boxes": [
        [
            1638.442626953125,
            670.0836791992188,
            1917.0355224609375,
            734.7340087890625
        ],
        [
            1106.614013671875,
            663.79248046875,
            1133.317138671875,
            680.5304565429688
        ],
        [
            1090.783203125,
            613.9552612304688,
            1151.177490234375,
            663.9505004882812
        ],
        [
            123.18074035644531,
            658.3426513671875,
            338.46697998046875,
            710.1453247070312
        ],
        [
            1823.0030517578125,
            668.74609375,
            1919.3140869140625,
            729.7796020507812
        ],
        [
            1047.4110107421875,
            713.2982177734375,
            1055.6109619140625,
            736.8096313476562
        ],
        [
            1495.95947265625,
            469.29095458984375,
            1538.7598876953125,
            560.3546752929688
        ],
        [
            1057.1624755859375,
            678.1845703125,
            1072.1212158203125,
            694.4297485351562
        ],
        [
            1306.12158203125,
            660.0196533203125,
            1321.2110595703125,
            703.12939453125
        ],
        [
            1689.8358154296875,
            671.2943115234375,
            1809.1651611328125,
            729.7700805664062
        ],
        [
            1239.7476806640625,
            136.82826232910156,
            1251.93359375,
            157.65707397460938
        ],
        [
            1046.375,
            714.2322998046875,
            1053.3040771484375,
            730.6493530273438
        ],
        [
            1049.72412109375,
            713.4469604492188,
            1056.739501953125,
            731.3178100585938
        ],
        [
            96.19474029541016,
            879.246337890625,
            103.4976577758789,
            894.1906127929688
        ],
        [
            1049.460693359375,
            720.1222534179688,
            1056.0035400390625,
            735.5689697265625
        ],
        [
            1496.6512451171875,
            512.1118774414062,
            1537.1778564453125,
            557.2306518554688
        ],
        [
            8.1375150680542,
            874.63037109375,
            26.267345428466797,
            891.352783203125
        ]
    ],
    "scores": [
        0.9997156262397766,
        0.9916377663612366,
        0.9904276132583618,
        0.9676133990287781,
        0.8997735977172852,
        0.7981299161911011,
        0.7891892194747925,
        0.33639395236968994,
        0.31978970766067505,
        0.2399711310863495,
        0.2009890228509903,
        0.1653119921684265,
        0.1616731882095337,
        0.09187380224466324,
        0.05992032587528229,
        0.05733514577150345,
        0.05703292042016983
    ]
}