{
    "predicted_boxes": [
        [
            1889.445556640625,
            82.477294921875,
            1914.9698486328125,
            103.94837951660156
        ]
    ],
    "scores": [
        0.7498500347137451
    ]
}