{
    "predicted_boxes": [
        [
            1046.91845703125,
            694.024169921875,
            1075.1083984375,
            721.0090942382812
        ],
        [
            604.2042236328125,
            691.572265625,
            638.2724609375,
            721.0948486328125
        ],
        [
            1003.1607055664062,
            760.7893676757812,
            1008.4028930664062,
            782.2973022460938
        ],
        [
            636.1101684570312,
            764.526611328125,
            642.6474609375,
            775.5892333984375
        ],
        [
            1002.052978515625,
            760.8157958984375,
            1008.4714965820312,
            772.646484375
        ]
    ],
    "scores": [
        0.9835516810417175,
        0.9821591973304749,
        0.15123723447322845,
        0.08294820785522461,
        0.07721313089132309
    ]
}