{
    "predicted_boxes": [
        [
            1653.683349609375,
            510.2765808105469,
            1667.57666015625,
            570.9939575195312
        ],
        [
            1652.4403076171875,
            407.2906799316406,
            1667.31396484375,
            522.4694213867188
        ],
        [
            1649.946533203125,
            406.6787414550781,
            1670.931640625,
            572.7875366210938
        ],
        [
            1650.5694580078125,
            419.779052734375,
            1667.1754150390625,
            472.5109558105469
        ],
        [
            1654.209228515625,
            452.4535827636719,
            1668.5875244140625,
            567.5707397460938
        ]
    ],
    "scores": [
        0.4153406322002411,
        0.3766557276248932,
        0.28670281171798706,
        0.20973613858222961,
        0.059240106493234634
    ]
}