{
    "predicted_boxes": [
        [
            1166.5552978515625,
            622.4593505859375,
            1212.9696044921875,
            671.9810791015625
        ],
        [
            356.5029296875,
            619.3118286132812,
            414.47235107421875,
            665.7590942382812
        ],
        [
            1089.483154296875,
            722.47412109375,
            1096.747802734375,
            736.6817626953125
        ]
    ],
    "scores": [
        0.9945802092552185,
        0.9822821617126465,
        0.16043855249881744
    ]
}