{
    "predicted_boxes": [
        [
            1351.4556884765625,
            72.84506225585938,
            1392.1517333984375,
            106.38273620605469
        ]
    ],
    "scores": [
        0.33083581924438477
    ]
}