{
    "predicted_boxes": [
        [
            955.83251953125,
            650.883056640625,
            1125.2391357421875,
            710.9752807617188
        ],
        [
            1902.5498046875,
            560.6378173828125,
            1920.0,
            625.1173706054688
        ],
        [
            1914.36865234375,
            559.892822265625,
            1919.861083984375,
            628.0772705078125
        ],
        [
            947.5308227539062,
            707.6795654296875,
            1112.88671875,
            740.8475341796875
        ],
        [
            981.65380859375,
            656.5729370117188,
            1095.8052978515625,
            685.2227783203125
        ],
        [
            1918.9205322265625,
            562.1375122070312,
            1919.8486328125,
            623.8363647460938
        ],
        [
            1032.7132568359375,
            660.6942138671875,
            1072.55712890625,
            679.3926391601562
        ],
        [
            986.6217651367188,
            712.7323608398438,
            1063.46337890625,
            737.1790161132812
        ]
    ],
    "scores": [
        0.999046266078949,
        0.9958001971244812,
        0.7074548006057739,
        0.5147109627723694,
        0.2950518727302551,
        0.14183974266052246,
        0.0777345523238182,
        0.07539640367031097
    ]
}