{
    "predicted_boxes": [
        [
            1093.440673828125,
            729.579833984375,
            1103.5546875,
            748.319580078125
        ]
    ],
    "scores": [
        0.14527399837970734
    ]
}