{
    "predicted_boxes": [
        [
            1391.13232421875,
            652.3453979492188,
            1434.511474609375,
            690.236572265625
        ],
        [
            1396.489990234375,
            697.218017578125,
            1421.7518310546875,
            721.0264282226562
        ],
        [
            1873.8577880859375,
            98.44725036621094,
            1916.267578125,
            127.59489440917969
        ],
        [
            1871.9132080078125,
            57.22814178466797,
            1919.15283203125,
            130.45794677734375
        ],
        [
            1443.7989501953125,
            739.019287109375,
            1451.8826904296875,
            764.3099365234375
        ],
        [
            1397.760009765625,
            727.973876953125,
            1405.141357421875,
            748.38818359375
        ],
        [
            1877.43603515625,
            129.02517700195312,
            1918.1832275390625,
            166.60992431640625
        ],
        [
            1443.620361328125,
            735.3912963867188,
            1451.200927734375,
            749.9150390625
        ],
        [
            1397.2684326171875,
            741.7971801757812,
            1405.285400390625,
            756.7259521484375
        ]
    ],
    "scores": [
        0.9962033629417419,
        0.9945408701896667,
        0.33402228355407715,
        0.275867223739624,
        0.27049729228019714,
        0.14305444061756134,
        0.10392311960458755,
        0.09576888382434845,
        0.09521965682506561
    ]
}