{
    "predicted_boxes": [
        [
            937.3411254882812,
            438.8067626953125,
            1010.2927856445312,
            584.15673828125
        ]
    ],
    "scores": [
        0.999526858329773
    ]
}