{
    "predicted_boxes": [
        [
            491.198974609375,
            680.4581909179688,
            506.53399658203125,
            696.7702026367188
        ]
    ],
    "scores": [
        0.585561990737915
    ]
}