{
    "predicted_boxes": [
        [
            291.8749084472656,
            613.44970703125,
            364.6812744140625,
            670.3086547851562
        ],
        [
            1169.0704345703125,
            609.559326171875,
            1240.5716552734375,
            662.947265625
        ],
        [
            494.355712890625,
            433.8823547363281,
            522.3760375976562,
            461.35626220703125
        ]
    ],
    "scores": [
        0.9974351525306702,
        0.9948928356170654,
        0.8830891847610474
    ]
}