{
    "predicted_boxes": [
        [
            803.1425170898438,
            777.856689453125,
            829.959228515625,
            801.7105102539062
        ],
        [
            802.4329833984375,
            750.2911376953125,
            831.0794677734375,
            775.7967529296875
        ],
        [
            1188.65283203125,
            729.9263916015625,
            1225.3494873046875,
            789.8084106445312
        ],
        [
            394.8715515136719,
            780.1961669921875,
            410.1638488769531,
            800.859375
        ],
        [
            880.5005493164062,
            762.8549194335938,
            939.7532958984375,
            780.1627197265625
        ],
        [
            800.0535278320312,
            731.2984008789062,
            833.7777099609375,
            775.2691650390625
        ],
        [
            1189.9307861328125,
            727.0921020507812,
            1224.4786376953125,
            757.659912109375
        ]
    ],
    "scores": [
        0.9910125136375427,
        0.8365817666053772,
        0.6466944217681885,
        0.38374438881874084,
        0.34230926632881165,
        0.12136096507310867,
        0.07805575430393219
    ]
}