{
    "predicted_boxes": [
        [
            562.9365844726562,
            654.6201171875,
            600.73828125,
            686.9190673828125
        ],
        [
            1092.01416015625,
            651.6748657226562,
            1134.9317626953125,
            682.5023193359375
        ],
        [
            1838.8726806640625,
            653.4336547851562,
            1917.99853515625,
            761.4445190429688
        ]
    ],
    "scores": [
        0.9752806425094604,
        0.9558272957801819,
        0.3561166822910309
    ]
}