{
    "predicted_boxes": [
        [
            492.1593933105469,
            648.8463745117188,
            519.9260864257812,
            671.9909057617188
        ],
        [
            930.8211059570312,
            659.5848388671875,
            941.3917236328125,
            672.583984375
        ],
        [
            844.0103759765625,
            680.7322998046875,
            852.1776123046875,
            697.6686401367188
        ],
        [
            931.428466796875,
            682.0003662109375,
            938.5137329101562,
            700.9132080078125
        ],
        [
            801.8372802734375,
            695.296630859375,
            807.8714599609375,
            706.3033447265625
        ]
    ],
    "scores": [
        0.9877235889434814,
        0.8135303258895874,
        0.13308961689472198,
        0.11507962644100189,
        0.07174953073263168
    ]
}