{
    "predicted_boxes": [
        [
            1581.5867919921875,
            638.6201171875,
            1631.1114501953125,
            677.7672119140625
        ]
    ],
    "scores": [
        0.9859985113143921
    ]
}