{
    "predicted_boxes": [
        [
            1425.52294921875,
            66.41807556152344,
            1478.765380859375,
            116.34646606445312
        ]
    ],
    "scores": [
        0.9924853444099426
    ]
}