{
    "predicted_boxes": [
        [
            1615.8431396484375,
            616.2134399414062,
            1663.535400390625,
            653.302734375
        ],
        [
            1254.5931396484375,
            647.3594970703125,
            1345.4527587890625,
            679.629638671875
        ],
        [
            1257.42041015625,
            659.6654663085938,
            1347.380126953125,
            689.4844970703125
        ]
    ],
    "scores": [
        0.9937362670898438,
        0.6151338219642639,
        0.07418391108512878
    ]
}