{
    "predicted_boxes": [
        [
            1304.9658203125,
            663.525634765625,
            1489.062744140625,
            696.1679077148438
        ],
        [
            443.5662536621094,
            650.0220336914062,
            568.5513916015625,
            676.25390625
        ],
        [
            1216.0751953125,
            568.5076293945312,
            1237.199951171875,
            610.2470703125
        ],
        [
            1048.1297607421875,
            656.4772338867188,
            1058.264892578125,
            669.453125
        ],
        [
            1056.9371337890625,
            615.3572387695312,
            1100.7449951171875,
            654.5081787109375
        ],
        [
            1067.316650390625,
            650.57080078125,
            1090.5987548828125,
            665.2675170898438
        ],
        [
            1187.2713623046875,
            654.3150634765625,
            1201.4766845703125,
            677.4725952148438
        ],
        [
            1216.8292236328125,
            568.7711791992188,
            1234.7789306640625,
            593.1475219726562
        ],
        [
            358.5281677246094,
            641.1792602539062,
            375.24737548828125,
            683.7119140625
        ],
        [
            76.45675659179688,
            879.786865234375,
            88.00689697265625,
            895.4757080078125
        ],
        [
            977.9763793945312,
            665.2431030273438,
            990.33935546875,
            682.3884887695312
        ],
        [
            943.227783203125,
            665.827880859375,
            987.3041381835938,
            682.0640258789062
        ],
        [
            1048.423583984375,
            665.7017211914062,
            1058.4947509765625,
            684.33056640625
        ],
        [
            766.9918823242188,
            687.8983764648438,
            774.3658447265625,
            705.0322875976562
        ],
        [
            1048.7823486328125,
            660.1053466796875,
            1057.78857421875,
            678.4898681640625
        ],
        [
            1038.119873046875,
            687.4539794921875,
            1043.974853515625,
            702.236083984375
        ]
    ],
    "scores": [
        0.9987126588821411,
        0.9789258241653442,
        0.9154221415519714,
        0.9124181270599365,
        0.9116512537002563,
        0.8823989033699036,
        0.49419456720352173,
        0.4236479103565216,
        0.335750937461853,
        0.2416643351316452,
        0.19707147777080536,
        0.13339854776859283,
        0.11060608178377151,
        0.10486865043640137,
        0.06546367704868317,
        0.06506988406181335
    ]
}