{
    "predicted_boxes": [
        [
            1767.517822265625,
            76.53025817871094,
            1798.947998046875,
            101.64989471435547
        ]
    ],
    "scores": [
        0.8865509629249573
    ]
}