{
    "predicted_boxes": [
        [
            383.3916931152344,
            478.68994140625,
            495.5728454589844,
            609.427734375
        ],
        [
            389.07421875,
            508.91046142578125,
            419.312744140625,
            564.7298583984375
        ]
    ],
    "scores": [
        0.9992895126342773,
        0.0692218542098999
    ]
}