{
    "predicted_boxes": [
        [
            296.4604187011719,
            647.8233032226562,
            333.635009765625,
            681.2869262695312
        ]
    ],
    "scores": [
        0.9804021716117859
    ]
}