{
    "predicted_boxes": [
        [
            1111.46826171875,
            645.5472412109375,
            1147.562255859375,
            684.125244140625
        ],
        [
            517.7848510742188,
            644.778564453125,
            559.8021850585938,
            677.1314697265625
        ]
    ],
    "scores": [
        0.9969727993011475,
        0.984562337398529
    ]
}