{
    "predicted_boxes": [
        [
            545.160400390625,
            386.2825622558594,
            583.4805297851562,
            419.16461181640625
        ],
        [
            790.6286010742188,
            375.698486328125,
            825.745849609375,
            406.7779846191406
        ]
    ],
    "scores": [
        0.9623332619667053,
        0.24042107164859772
    ]
}