{
    "predicted_boxes": [
        [
            874.0844116210938,
            775.9658813476562,
            901.5502319335938,
            795.7076416015625
        ],
        [
            1365.4276123046875,
            774.424072265625,
            1381.1890869140625,
            791.2337646484375
        ],
        [
            873.9002075195312,
            748.3489990234375,
            902.4204711914062,
            773.8619995117188
        ],
        [
            1365.9583740234375,
            774.2967529296875,
            1380.7613525390625,
            810.6986083984375
        ],
        [
            1367.8828125,
            788.00830078125,
            1379.6123046875,
            809.9814453125
        ],
        [
            536.03955078125,
            772.1256713867188,
            547.2645874023438,
            792.7689819335938
        ],
        [
            944.528076171875,
            763.211669921875,
            1004.615478515625,
            778.8353881835938
        ],
        [
            871.8905639648438,
            733.4812622070312,
            904.81787109375,
            793.9978637695312
        ]
    ],
    "scores": [
        0.9861352443695068,
        0.745184063911438,
        0.40914246439933777,
        0.3928647041320801,
        0.3652699589729309,
        0.16147851943969727,
        0.12964552640914917,
        0.05081977695226669
    ]
}