{
    "predicted_boxes": [
        [
            1762.506103515625,
            699.6527099609375,
            1863.2845458984375,
            748.4210815429688
        ]
    ],
    "scores": [
        0.9116432070732117
    ]
}