{
    "predicted_boxes": [
        [
            1379.2974853515625,
            98.545654296875,
            1421.188232421875,
            132.30499267578125
        ],
        [
            391.109375,
            741.1448364257812,
            398.28778076171875,
            757.9015502929688
        ]
    ],
    "scores": [
        0.9916397929191589,
        0.05449296906590462
    ]
}