{
    "predicted_boxes": [
        [
            1122.177734375,
            622.3270263671875,
            1160.55859375,
            640.9956665039062
        ],
        [
            1109.171875,
            562.4970092773438,
            1176.4141845703125,
            621.8367309570312
        ],
        [
            1383.747314453125,
            615.617431640625,
            1402.5133056640625,
            669.4859008789062
        ],
        [
            1.697169303894043,
            614.0567626953125,
            180.91912841796875,
            708.8169555664062
        ],
        [
            1053.91943359375,
            676.625,
            1062.8460693359375,
            696.0340576171875
        ],
        [
            1063.03955078125,
            641.2848510742188,
            1078.5614013671875,
            657.6978149414062
        ],
        [
            1818.9400634765625,
            279.0904235839844,
            1897.85107421875,
            442.3138732910156
        ],
        [
            1233.7862548828125,
            73.58868408203125,
            1292.322509765625,
            119.65501403808594
        ],
        [
            160.9866485595703,
            721.5028686523438,
            181.22711181640625,
            745.3137817382812
        ],
        [
            194.37094116210938,
            887.4830932617188,
            203.93296813964844,
            902.5863037109375
        ],
        [
            1066.1612548828125,
            662.272705078125,
            1079.210205078125,
            679.9761352539062
        ],
        [
            98.42073822021484,
            891.3226318359375,
            107.48200225830078,
            901.7925415039062
        ]
    ],
    "scores": [
        0.9967742562294006,
        0.9876476526260376,
        0.9588489532470703,
        0.9445850849151611,
        0.5089007616043091,
        0.47418704628944397,
        0.3195367753505707,
        0.30073076486587524,
        0.2516620457172394,
        0.13747993111610413,
        0.059055354446172714,
        0.05106106400489807
    ]
}