{
    "predicted_boxes": [
        [
            1146.1546630859375,
            632.6256713867188,
            1190.7734375,
            676.4989624023438
        ],
        [
            409.0859069824219,
            629.8710327148438,
            459.56610107421875,
            669.2734375
        ],
        [
            1031.3812255859375,
            718.1287841796875,
            1037.838623046875,
            733.3731689453125
        ]
    ],
    "scores": [
        0.9988310933113098,
        0.9957190155982971,
        0.06714183837175369
    ]
}