{
    "predicted_boxes": [
        [
            675.43115234375,
            690.4111938476562,
            689.5650634765625,
            705.5926513671875
        ]
    ],
    "scores": [
        0.22368943691253662
    ]
}