{
    "predicted_boxes": [
        [
            1517.055419921875,
            453.6114196777344,
            1661.882568359375,
            564.0502319335938
        ],
        [
            1524.0037841796875,
            680.3536376953125,
            1642.9495849609375,
            769.8065795898438
        ],
        [
            1529.0823974609375,
            573.585693359375,
            1646.29833984375,
            661.1696166992188
        ],
        [
            1144.6502685546875,
            672.8663940429688,
            1210.9375,
            685.4847412109375
        ],
        [
            1075.4503173828125,
            631.5557250976562,
            1097.190185546875,
            650.9013061523438
        ],
        [
            0.0,
            469.6893615722656,
            63.6749153137207,
            563.3353881835938
        ],
        [
            0.0,
            563.9834594726562,
            50.062557220458984,
            659.8138427734375
        ],
        [
            0.0,
            584.5657958984375,
            35.72587966918945,
            646.0945434570312
        ],
        [
            487.75775146484375,
            732.7756958007812,
            503.6081237792969,
            752.2700805664062
        ],
        [
            1144.267578125,
            677.8160400390625,
            1209.845458984375,
            688.6326293945312
        ],
        [
            1144.53173828125,
            670.273193359375,
            1211.6951904296875,
            679.0654907226562
        ],
        [
            1519.2108154296875,
            500.83111572265625,
            1657.7843017578125,
            754.6211547851562
        ],
        [
            736.2837524414062,
            665.5735473632812,
            756.6170654296875,
            685.9828491210938
        ]
    ],
    "scores": [
        0.9984309077262878,
        0.9972104430198669,
        0.9960266351699829,
        0.9932804703712463,
        0.9752960205078125,
        0.9645351767539978,
        0.7812554240226746,
        0.5292225480079651,
        0.37723109126091003,
        0.2550806999206543,
        0.2545931935310364,
        0.10229870676994324,
        0.09594123065471649
    ]
}