{
    "predicted_boxes": [
        [
            1171.3087158203125,
            637.9852905273438,
            1278.3109130859375,
            658.9664916992188
        ],
        [
            1045.6468505859375,
            591.0021362304688,
            1075.74267578125,
            624.7562866210938
        ],
        [
            648.568603515625,
            622.6468505859375,
            730.5771484375,
            652.27197265625
        ],
        [
            1120.1151123046875,
            588.5989990234375,
            1132.18212890625,
            609.0833740234375
        ],
        [
            595.865478515625,
            567.706298828125,
            655.5459594726562,
            621.92724609375
        ],
        [
            609.6220703125,
            618.2138061523438,
            638.9349365234375,
            631.2705078125
        ],
        [
            656.7605590820312,
            623.7098388671875,
            723.1063842773438,
            641.5162353515625
        ],
        [
            1169.4710693359375,
            639.3287963867188,
            1281.904052734375,
            678.4951171875
        ],
        [
            673.461181640625,
            663.5325317382812,
            701.126708984375,
            682.90625
        ],
        [
            1030.4613037109375,
            635.4280395507812,
            1038.6671142578125,
            647.501953125
        ]
    ],
    "scores": [
        0.9965949654579163,
        0.9834575653076172,
        0.914918839931488,
        0.8921363949775696,
        0.8823300004005432,
        0.8159102201461792,
        0.32166922092437744,
        0.1266854703426361,
        0.10232800245285034,
        0.08691652119159698
    ]
}