{
    "predicted_boxes": [
        [
            1581.3592529296875,
            638.3121948242188,
            1634.108154296875,
            681.695556640625
        ]
    ],
    "scores": [
        0.9965226650238037
    ]
}