{
    "predicted_boxes": [
        [
            694.1231079101562,
            607.2794189453125,
            750.666748046875,
            657.2022705078125
        ],
        [
            736.2619018554688,
            414.9380187988281,
            765.816162109375,
            440.9419250488281
        ]
    ],
    "scores": [
        0.9885252118110657,
        0.949354350566864
    ]
}