{
    "predicted_boxes": [
        [
            1580.249755859375,
            606.0604248046875,
            1658.0693359375,
            667.4591674804688
        ],
        [
            960.0940551757812,
            670.6616821289062,
            1093.257568359375,
            740.4622802734375
        ],
        [
            957.6033935546875,
            704.1094360351562,
            1088.17431640625,
            739.634033203125
        ],
        [
            1017.9913330078125,
            678.6306762695312,
            1058.682373046875,
            693.6480712890625
        ],
        [
            972.6463623046875,
            719.3062744140625,
            1077.4918212890625,
            739.5595703125
        ]
    ],
    "scores": [
        0.9989689588546753,
        0.9868384003639221,
        0.1655367612838745,
        0.09059575200080872,
        0.05657709389925003
    ]
}