{
    "predicted_boxes": [
        [
            1421.548828125,
            64.25382232666016,
            1465.85986328125,
            105.05390167236328
        ],
        [
            1431.146240234375,
            101.80682373046875,
            1455.6937255859375,
            118.13133239746094
        ]
    ],
    "scores": [
        0.9896317720413208,
        0.32876425981521606
    ]
}