{
    "predicted_boxes": [
        [
            347.10711669921875,
            623.4576416015625,
            413.58154296875,
            671.7830810546875
        ],
        [
            1154.3018798828125,
            618.2435913085938,
            1216.4443359375,
            670.4999389648438
        ],
        [
            518.2865600585938,
            449.78558349609375,
            547.6145629882812,
            475.84686279296875
        ]
    ],
    "scores": [
        0.9970218539237976,
        0.9966363906860352,
        0.3662983775138855
    ]
}