{
    "predicted_boxes": [
        [
            405.0517272949219,
            643.193603515625,
            449.7061462402344,
            680.5527954101562
        ],
        [
            233.50631713867188,
            478.394775390625,
            260.8191833496094,
            501.5960388183594
        ]
    ],
    "scores": [
        0.994238018989563,
        0.5555355548858643
    ]
}