{
    "predicted_boxes": [
        [
            1577.626953125,
            639.332275390625,
            1631.411865234375,
            681.4124755859375
        ],
        [
            1173.8736572265625,
            676.1842041015625,
            1273.5836181640625,
            721.5228881835938
        ],
        [
            1170.2938232421875,
            714.2601318359375,
            1271.8099365234375,
            734.1076049804688
        ],
        [
            1181.4859619140625,
            690.9166259765625,
            1264.657470703125,
            713.8712768554688
        ],
        [
            1182.082275390625,
            677.6923828125,
            1264.5069580078125,
            701.556640625
        ]
    ],
    "scores": [
        0.995381772518158,
        0.8540751934051514,
        0.5222915410995483,
        0.14197315275669098,
        0.05617436021566391
    ]
}