{
    "predicted_boxes": [
        [
            957.5465087890625,
            645.5239868164062,
            1145.9912109375,
            709.3684692382812
        ],
        [
            945.123046875,
            699.4020385742188,
            1134.4697265625,
            737.5
        ],
        [
            985.0082397460938,
            646.812255859375,
            1103.636474609375,
            672.7298583984375
        ],
        [
            972.5888671875,
            674.030517578125,
            1129.5972900390625,
            704.1533203125
        ],
        [
            951.7966918945312,
            663.2455444335938,
            1135.74658203125,
            733.033935546875
        ]
    ],
    "scores": [
        0.9889471530914307,
        0.8537305593490601,
        0.18079276382923126,
        0.12346470355987549,
        0.1094416156411171
    ]
}