{
    "predicted_boxes": [
        [
            1593.963623046875,
            117.14618682861328,
            1656.7733154296875,
            148.79205322265625
        ]
    ],
    "scores": [
        0.15893633663654327
    ]
}