{
    "predicted_boxes": [
        [
            1117.7530517578125,
            714.8734741210938,
            1166.7138671875,
            755.0359497070312
        ],
        [
            404.70556640625,
            711.3200073242188,
            456.38226318359375,
            752.1427001953125
        ],
        [
            564.159912109375,
            804.9194946289062,
            570.106689453125,
            826.8735961914062
        ],
        [
            623.25830078125,
            806.2080688476562,
            631.2777099609375,
            817.9303588867188
        ],
        [
            1036.284423828125,
            823.5944213867188,
            1043.9346923828125,
            838.2706298828125
        ],
        [
            1169.1292724609375,
            813.94091796875,
            1181.3575439453125,
            830.8222045898438
        ],
        [
            622.7896728515625,
            806.9869384765625,
            628.2730102539062,
            820.340576171875
        ],
        [
            1035.488037109375,
            805.114501953125,
            1044.7137451171875,
            818.3909912109375
        ],
        [
            566.6221923828125,
            805.3114624023438,
            571.7291870117188,
            825.9075927734375
        ],
        [
            820.5179443359375,
            805.1798706054688,
            827.1353149414062,
            824.1980590820312
        ]
    ],
    "scores": [
        0.9858724474906921,
        0.9709261655807495,
        0.355136901140213,
        0.2829749882221222,
        0.15274837613105774,
        0.12891952693462372,
        0.09326538443565369,
        0.09104868769645691,
        0.08078689873218536,
        0.058048103004693985
    ]
}