{
    "predicted_boxes": [
        [
            1544.7811279296875,
            66.8573989868164,
            1566.2877197265625,
            79.80390930175781
        ],
        [
            1201.3675537109375,
            686.0706787109375,
            1236.9266357421875,
            718.1117553710938
        ],
        [
            1530.909912109375,
            28.52549934387207,
            1578.3739013671875,
            67.2063217163086
        ]
    ],
    "scores": [
        0.9727762937545776,
        0.9343760013580322,
        0.8556280136108398
    ]
}