{
    "predicted_boxes": [
        [
            1430.7391357421875,
            625.6430053710938,
            1501.0224609375,
            657.852783203125
        ],
        [
            1390.1964111328125,
            507.08026123046875,
            1538.9981689453125,
            616.762451171875
        ],
        [
            1320.9952392578125,
            35.12020492553711,
            1369.016845703125,
            75.00917053222656
        ],
        [
            1264.9598388671875,
            690.63916015625,
            1325.0916748046875,
            736.509765625
        ],
        [
            1333.9346923828125,
            71.13253021240234,
            1358.4954833984375,
            86.7947998046875
        ]
    ],
    "scores": [
        0.9968804121017456,
        0.996302604675293,
        0.9766600131988525,
        0.8987465500831604,
        0.19273903965950012
    ]
}