{
    "predicted_boxes": [
        [
            1826.065673828125,
            289.5516357421875,
            1920.0,
            500.9084777832031
        ]
    ],
    "scores": [
        0.6467886567115784
    ]
}