{
    "predicted_boxes": [
        [
            1028.528076171875,
            648.4497680664062,
            1051.5738525390625,
            670.6393432617188
        ],
        [
            386.96142578125,
            663.14404296875,
            400.3588562011719,
            681.8107299804688
        ],
        [
            1168.5804443359375,
            664.5723876953125,
            1181.5699462890625,
            678.4071655273438
        ],
        [
            1037.1444091796875,
            694.7015380859375,
            1046.367431640625,
            722.2532348632812
        ],
        [
            387.47100830078125,
            687.0059204101562,
            398.9873962402344,
            722.904296875
        ]
    ],
    "scores": [
        0.9653740525245667,
        0.3905119299888611,
        0.11178917437791824,
        0.06063756346702576,
        0.059868525713682175
    ]
}