{
    "predicted_boxes": [
        [
            1572.7445068359375,
            598.24267578125,
            1661.3818359375,
            636.0200805664062
        ],
        [
            1520.1790771484375,
            439.93316650390625,
            1707.48779296875,
            584.739013671875
        ],
        [
            1321.88232421875,
            683.5785522460938,
            1390.91455078125,
            734.5999755859375
        ],
        [
            1389.27294921875,
            40.62049102783203,
            1429.052001953125,
            75.24281311035156
        ],
        [
            1397.6336669921875,
            73.1544189453125,
            1417.8453369140625,
            92.52513885498047
        ],
        [
            1403.4718017578125,
            86.98988342285156,
            1414.0970458984375,
            102.45171356201172
        ],
        [
            1404.3118896484375,
            93.19906616210938,
            1414.285888671875,
            104.18177795410156
        ]
    ],
    "scores": [
        0.998468816280365,
        0.9961937665939331,
        0.9814904928207397,
        0.9708186388015747,
        0.3538591265678406,
        0.1145036369562149,
        0.06615142524242401
    ]
}