{
    "predicted_boxes": [
        [
            1213.672119140625,
            604.849365234375,
            1345.070556640625,
            629.4025268554688
        ],
        [
            502.0600891113281,
            573.9210815429688,
            537.1443481445312,
            590.00390625
        ],
        [
            1055.70654296875,
            557.4658203125,
            1088.657470703125,
            590.23828125
        ],
        [
            582.0147705078125,
            592.83251953125,
            686.4652099609375,
            617.5579223632812
        ],
        [
            1150.1287841796875,
            540.6702880859375,
            1169.9052734375,
            562.6508178710938
        ],
        [
            479.2037658691406,
            509.74359130859375,
            555.6594848632812,
            573.3866577148438
        ],
        [
            583.4905395507812,
            603.236328125,
            684.0252075195312,
            628.0146484375
        ],
        [
            1057.8614501953125,
            582.324462890625,
            1085.0831298828125,
            596.7032470703125
        ],
        [
            1148.0865478515625,
            593.2212524414062,
            1156.6103515625,
            612.7548217773438
        ],
        [
            961.20166015625,
            601.0449829101562,
            1018.2406005859375,
            640.443115234375
        ],
        [
            573.387939453125,
            591.5025024414062,
            583.2439575195312,
            620.4215087890625
        ],
        [
            1055.0875244140625,
            572.4880981445312,
            1087.0078125,
            593.1358032226562
        ],
        [
            1233.1260986328125,
            606.834228515625,
            1294.3660888671875,
            627.5289916992188
        ]
    ],
    "scores": [
        0.9985650181770325,
        0.9965872764587402,
        0.978223979473114,
        0.9707998633384705,
        0.9690325856208801,
        0.9291963577270508,
        0.912777304649353,
        0.456137478351593,
        0.2737191617488861,
        0.15074467658996582,
        0.11900722980499268,
        0.08630696684122086,
        0.07429948449134827
    ]
}