{
    "predicted_boxes": [
        [
            1653.5201416015625,
            614.0025634765625,
            1697.55908203125,
            650.431884765625
        ]
    ],
    "scores": [
        0.9854543209075928
    ]
}