{
    "predicted_boxes": [
        [
            491.7972412109375,
            676.8944702148438,
            510.8318176269531,
            695.1431274414062
        ]
    ],
    "scores": [
        0.8537793159484863
    ]
}