{
    "predicted_boxes": [
        [
            1123.731201171875,
            650.1305541992188,
            1158.6666259765625,
            670.504150390625
        ],
        [
            1384.1490478515625,
            643.844482421875,
            1402.4010009765625,
            696.6572265625
        ],
        [
            1109.051513671875,
            594.5205688476562,
            1174.9873046875,
            650.9835205078125
        ],
        [
            1233.5150146484375,
            46.16775894165039,
            1293.1102294921875,
            89.9793472290039
        ],
        [
            1053.7777099609375,
            706.22216796875,
            1061.489013671875,
            715.531005859375
        ],
        [
            1053.90185546875,
            706.3284912109375,
            1061.73974609375,
            727.3738403320312
        ],
        [
            1815.022705078125,
            309.8987121582031,
            1893.8408203125,
            472.25335693359375
        ],
        [
            1064.801025390625,
            681.4805297851562,
            1078.339111328125,
            698.831298828125
        ],
        [
            1062.47021484375,
            670.5587768554688,
            1078.178955078125,
            686.2056884765625
        ],
        [
            1053.75341796875,
            709.0748901367188,
            1060.96435546875,
            720.4160766601562
        ],
        [
            1054.61865234375,
            702.9325561523438,
            1062.9774169921875,
            712.9151611328125
        ],
        [
            1060.8262939453125,
            668.9537353515625,
            1079.8812255859375,
            699.5328979492188
        ],
        [
            1065.8118896484375,
            698.7506713867188,
            1077.9871826171875,
            711.8414306640625
        ],
        [
            1062.6649169921875,
            676.5048217773438,
            1078.7811279296875,
            693.3025512695312
        ],
        [
            1112.529541015625,
            708.2520141601562,
            1118.3243408203125,
            720.1442260742188
        ]
    ],
    "scores": [
        0.9986823201179504,
        0.9760265946388245,
        0.9477522373199463,
        0.8377300500869751,
        0.7030525803565979,
        0.6575684547424316,
        0.5807510018348694,
        0.3886326253414154,
        0.3777270019054413,
        0.2628493905067444,
        0.1587439924478531,
        0.10555320233106613,
        0.08668294548988342,
        0.08607456833124161,
        0.08605863153934479
    ]
}