{
    "predicted_boxes": [
        [
            1052.002197265625,
            511.88348388671875,
            1154.198486328125,
            600.012451171875
        ],
        [
            1112.0140380859375,
            286.8004150390625,
            1150.379638671875,
            324.2113952636719
        ],
        [
            631.1854858398438,
            714.427001953125,
            641.87890625,
            729.9775390625
        ],
        [
            631.4014282226562,
            737.3528442382812,
            638.2570190429688,
            752.0913696289062
        ]
    ],
    "scores": [
        0.9978505373001099,
        0.9509105086326599,
        0.14384226500988007,
        0.1412123292684555
    ]
}