{
    "predicted_boxes": [
        [
            302.2220764160156,
            408.3637390136719,
            334.9720764160156,
            436.2079772949219
        ],
        [
            524.6040649414062,
            408.01959228515625,
            557.1058349609375,
            435.0711364746094
        ]
    ],
    "scores": [
        0.9179357290267944,
        0.5464875102043152
    ]
}