{
    "predicted_boxes": [
        [
            578.6620483398438,
            289.9385681152344,
            617.8377075195312,
            325.3238830566406
        ],
        [
            284.0606384277344,
            289.6131591796875,
            325.0064392089844,
            327.07183837890625
        ],
        [
            1405.7342529296875,
            769.8466796875,
            1428.8829345703125,
            789.0118408203125
        ],
        [
            1404.15673828125,
            744.9232788085938,
            1428.267822265625,
            767.9551391601562
        ],
        [
            1724.021728515625,
            758.8763427734375,
            1733.5126953125,
            776.7277221679688
        ],
        [
            1666.895751953125,
            752.6214599609375,
            1692.7490234375,
            785.075927734375
        ]
    ],
    "scores": [
        0.9808681607246399,
        0.9791368246078491,
        0.24619339406490326,
        0.2097739279270172,
        0.09156443178653717,
        0.06116421893239021
    ]
}