{
    "predicted_boxes": [
        [
            1904.852783203125,
            387.1046447753906,
            1920.0,
            569.3181762695312
        ],
        [
            1913.2479248046875,
            387.86492919921875,
            1919.7105712890625,
            566.7113647460938
        ]
    ],
    "scores": [
        0.8025335669517517,
        0.5596089959144592
    ]
}