{
    "predicted_boxes": [
        [
            487.8266296386719,
            607.2418823242188,
            608.5184326171875,
            650.1593627929688
        ],
        [
            1264.791015625,
            618.3328247070312,
            1430.3973388671875,
            649.0554809570312
        ],
        [
            1167.8759765625,
            611.1987915039062,
            1178.837890625,
            629.8836669921875
        ],
        [
            436.4683837890625,
            599.8286743164062,
            447.6514892578125,
            635.9109497070312
        ],
        [
            1049.5384521484375,
            573.1865844726562,
            1092.93505859375,
            608.137939453125
        ],
        [
            264.59246826171875,
            561.5941162109375,
            317.22589111328125,
            585.2682495117188
        ],
        [
            1172.2843017578125,
            538.5,
            1186.9129638671875,
            567.496826171875
        ],
        [
            1173.6781005859375,
            534.7984619140625,
            1209.968994140625,
            568.8862915039062
        ],
        [
            1045.8636474609375,
            608.8782958984375,
            1058.6009521484375,
            620.9530029296875
        ],
        [
            1059.66064453125,
            605.6466674804688,
            1083.254638671875,
            619.4529418945312
        ],
        [
            1178.70703125,
            611.0712280273438,
            1198.2188720703125,
            629.9442749023438
        ],
        [
            234.6479034423828,
            472.2743835449219,
            347.6006164550781,
            561.40771484375
        ],
        [
            1183.2353515625,
            534.172119140625,
            1206.797119140625,
            558.6106567382812
        ]
    ],
    "scores": [
        0.996557891368866,
        0.9961748123168945,
        0.6388072371482849,
        0.6305628418922424,
        0.560167670249939,
        0.4364911615848541,
        0.3558669090270996,
        0.2882499098777771,
        0.2841901481151581,
        0.2205350548028946,
        0.1837110072374344,
        0.1642090231180191,
        0.11290057003498077
    ]
}