{
    "predicted_boxes": [
        [
            1122.3450927734375,
            664.3552856445312,
            1159.173583984375,
            682.555419921875
        ],
        [
            1234.1917724609375,
            31.324676513671875,
            1292.5655517578125,
            77.54572296142578
        ],
        [
            0.0,
            654.4293823242188,
            181.08944702148438,
            761.5396118164062
        ],
        [
            1108.5206298828125,
            606.9486083984375,
            1176.0244140625,
            663.0659790039062
        ],
        [
            1383.6533203125,
            657.1517333984375,
            1400.317138671875,
            710.525390625
        ],
        [
            1813.7493896484375,
            323.333251953125,
            1892.61962890625,
            481.3755187988281
        ],
        [
            2.5527842044830322,
            659.5841674804688,
            179.7379913330078,
            704.296630859375
        ],
        [
            1065.71337890625,
            712.0426025390625,
            1079.562744140625,
            726.6919555664062
        ],
        [
            1062.998046875,
            683.59619140625,
            1078.019287109375,
            700.5515747070312
        ],
        [
            1111.9840087890625,
            719.143310546875,
            1119.2086181640625,
            732.7405395507812
        ],
        [
            1238.982421875,
            693.4558715820312,
            1254.7864990234375,
            713.165771484375
        ],
        [
            1063.7021484375,
            689.1024169921875,
            1078.740234375,
            712.1621704101562
        ],
        [
            97.749755859375,
            878.4998779296875,
            105.99811553955078,
            890.5162963867188
        ],
        [
            1067.98388671875,
            708.0011596679688,
            1078.791748046875,
            723.0206909179688
        ]
    ],
    "scores": [
        0.997280478477478,
        0.9917089343070984,
        0.9895406365394592,
        0.9894529581069946,
        0.9679214954376221,
        0.642401933670044,
        0.5552701950073242,
        0.30175015330314636,
        0.25423598289489746,
        0.25139033794403076,
        0.2043319046497345,
        0.09002258628606796,
        0.08957771956920624,
        0.061463333666324615
    ]
}