{
    "predicted_boxes": [
        [
            1122.378173828125,
            664.291015625,
            1159.7076416015625,
            683.6547241210938
        ],
        [
            1108.241943359375,
            607.0703125,
            1176.5440673828125,
            663.638671875
        ],
        [
            1234.1727294921875,
            31.565515518188477,
            1292.4102783203125,
            76.92799377441406
        ],
        [
            1383.70361328125,
            657.6298828125,
            1399.8807373046875,
            711.1901245117188
        ],
        [
            97.21903228759766,
            878.4188842773438,
            107.0587158203125,
            891.9666748046875
        ],
        [
            1811.8212890625,
            323.5052185058594,
            1891.9996337890625,
            482.1922302246094
        ],
        [
            1063.885986328125,
            682.676025390625,
            1076.9371337890625,
            697.1353759765625
        ],
        [
            1067.03662109375,
            711.6590576171875,
            1077.6676025390625,
            726.404541015625
        ],
        [
            1237.3580322265625,
            678.5813598632812,
            1254.8712158203125,
            702.5855712890625
        ],
        [
            1063.30224609375,
            690.173095703125,
            1078.6805419921875,
            714.8005981445312
        ],
        [
            1054.143798828125,
            720.0189819335938,
            1061.6138916015625,
            730.5103149414062
        ],
        [
            1112.5540771484375,
            719.6083984375,
            1118.88720703125,
            732.4307250976562
        ],
        [
            98.87389373779297,
            883.359619140625,
            106.58649444580078,
            893.60498046875
        ],
        [
            1064.610107421875,
            700.8285522460938,
            1078.1588134765625,
            722.8851928710938
        ],
        [
            99.67097473144531,
            880.482421875,
            107.16580963134766,
            889.2493896484375
        ],
        [
            1055.2100830078125,
            719.7381591796875,
            1062.953369140625,
            742.5396118164062
        ]
    ],
    "scores": [
        0.9975444674491882,
        0.9944889545440674,
        0.9920586943626404,
        0.9285334348678589,
        0.7628756165504456,
        0.5494669675827026,
        0.5434154272079468,
        0.3520573675632477,
        0.27358582615852356,
        0.2516925632953644,
        0.2167038470506668,
        0.21113380789756775,
        0.10634002834558487,
        0.10223518311977386,
        0.09481164067983627,
        0.06096071004867554
    ]
}