{
    "predicted_boxes": [
        [
            1007.6246948242188,
            641.5711059570312,
            1025.0972900390625,
            664.3472290039062
        ]
    ],
    "scores": [
        0.8667839169502258
    ]
}