{
    "predicted_boxes": [
        [
            1162.64501953125,
            636.29248046875,
            1210.1727294921875,
            676.2973022460938
        ],
        [
            1159.3028564453125,
            691.730712890625,
            1187.577880859375,
            716.475830078125
        ],
        [
            1175.0367431640625,
            672.0244140625,
            1200.727294921875,
            688.3656616210938
        ],
        [
            361.2754211425781,
            732.6294555664062,
            373.1442565917969,
            757.8648681640625
        ],
        [
            1744.213623046875,
            71.96106719970703,
            1779.279541015625,
            107.9396743774414
        ]
    ],
    "scores": [
        0.997348427772522,
        0.8671338558197021,
        0.5068463683128357,
        0.19457708299160004,
        0.09210604429244995
    ]
}