{
    "predicted_boxes": [
        [
            1380.9530029296875,
            67.7161636352539,
            1419.148193359375,
            97.8728256225586
        ]
    ],
    "scores": [
        0.9938088059425354
    ]
}