{
    "predicted_boxes": [
        [
            152.3706512451172,
            196.68931579589844,
            200.3013458251953,
            241.53091430664062
        ],
        [
            517.0982666015625,
            201.01551818847656,
            568.8870849609375,
            249.55865478515625
        ],
        [
            1187.5382080078125,
            463.6562194824219,
            1215.75390625,
            485.9465026855469
        ],
        [
            871.990966796875,
            729.3350830078125,
            885.81640625,
            749.7330322265625
        ]
    ],
    "scores": [
        0.9757855534553528,
        0.8237980008125305,
        0.5124884843826294,
        0.16004213690757751
    ]
}