{
    "predicted_boxes": [
        [
            680.4143676757812,
            452.02349853515625,
            772.716796875,
            590.479736328125
        ],
        [
            789.375,
            661.9282836914062,
            817.8218994140625,
            676.3248901367188
        ],
        [
            685.9293823242188,
            483.0947570800781,
            713.7591552734375,
            541.3870239257812
        ],
        [
            782.83251953125,
            617.516845703125,
            827.1271362304688,
            661.2977905273438
        ]
    ],
    "scores": [
        0.9985408782958984,
        0.7284819483757019,
        0.07793766260147095,
        0.05788523703813553
    ]
}