{
    "predicted_boxes": [
        [
            1542.600830078125,
            437.6875915527344,
            1702.7501220703125,
            558.3028564453125
        ],
        [
            1553.0439453125,
            679.1016235351562,
            1674.4456787109375,
            770.603515625
        ],
        [
            1555.126220703125,
            563.287841796875,
            1684.752685546875,
            659.67822265625
        ],
        [
            1143.6151123046875,
            674.1151733398438,
            1211.0133056640625,
            684.34326171875
        ],
        [
            1143.8350830078125,
            670.4361572265625,
            1210.6060791015625,
            680.2951049804688
        ],
        [
            468.36968994140625,
            732.8453979492188,
            484.1130676269531,
            754.074951171875
        ],
        [
            1316.7244873046875,
            735.3192749023438,
            1329.32666015625,
            753.5845947265625
        ],
        [
            1317.7672119140625,
            734.8949584960938,
            1328.6312255859375,
            769.5546264648438
        ],
        [
            1544.5555419921875,
            454.55816650390625,
            1699.08154296875,
            677.972900390625
        ],
        [
            1548.281005859375,
            512.512451171875,
            1693.8621826171875,
            774.2671508789062
        ]
    ],
    "scores": [
        0.9974249601364136,
        0.9972797632217407,
        0.9902253746986389,
        0.9882070422172546,
        0.6006962060928345,
        0.4176200032234192,
        0.12224102765321732,
        0.09440303593873978,
        0.09100715070962906,
        0.08415044844150543
    ]
}