{
    "predicted_boxes": [
        [
            1374.8226318359375,
            748.1292724609375,
            1400.82177734375,
            781.9373168945312
        ]
    ],
    "scores": [
        0.130875363945961
    ]
}