{
    "predicted_boxes": [
        [
            1371.109130859375,
            98.40699005126953,
            1415.5653076171875,
            132.58802795410156
        ],
        [
            806.080078125,
            721.1342163085938,
            816.0890502929688,
            733.9217529296875
        ],
        [
            1227.6767578125,
            143.4010772705078,
            1242.3038330078125,
            162.70960998535156
        ]
    ],
    "scores": [
        0.8817331194877625,
        0.16371069848537445,
        0.08988190442323685
    ]
}