{
    "predicted_boxes": [
        [
            1806.1356201171875,
            550.4376220703125,
            1909.2518310546875,
            630.2744750976562
        ],
        [
            960.5523681640625,
            645.0513305664062,
            1121.8077392578125,
            708.239990234375
        ],
        [
            981.9129638671875,
            647.2205200195312,
            1097.2125244140625,
            671.9207763671875
        ],
        [
            996.3840942382812,
            702.0237426757812,
            1032.964599609375,
            722.0758666992188
        ],
        [
            969.324951171875,
            666.4242553710938,
            1112.2794189453125,
            699.3671264648438
        ],
        [
            992.3951416015625,
            700.9625244140625,
            1060.11865234375,
            722.7107543945312
        ],
        [
            1010.9127197265625,
            650.8412475585938,
            1074.2994384765625,
            670.1585693359375
        ],
        [
            951.4920043945312,
            681.2548217773438,
            1114.592529296875,
            724.41552734375
        ],
        [
            999.353271484375,
            706.8004150390625,
            1017.6027221679688,
            721.8068237304688
        ]
    ],
    "scores": [
        0.9989797472953796,
        0.9959783554077148,
        0.3125680685043335,
        0.2730766236782074,
        0.26131948828697205,
        0.13487839698791504,
        0.1086273118853569,
        0.10231653600931168,
        0.05373343080282211
    ]
}