{
    "predicted_boxes": [
        [
            1566.3868408203125,
            634.8382568359375,
            1623.8450927734375,
            681.1251831054688
        ],
        [
            428.00408935546875,
            614.376708984375,
            455.1436767578125,
            663.9263305664062
        ],
        [
            1114.61865234375,
            680.9437255859375,
            1227.0279541015625,
            736.576904296875
        ],
        [
            438.5773010253906,
            662.75146484375,
            451.55072021484375,
            684.0052490234375
        ]
    ],
    "scores": [
        0.9965607523918152,
        0.7397138476371765,
        0.6184385418891907,
        0.24587158858776093
    ]
}