{
    "predicted_boxes": [
        [
            1136.085205078125,
            668.61474609375,
            1212.694091796875,
            683.3805541992188
        ],
        [
            683.7894287109375,
            660.0089111328125,
            705.4713134765625,
            685.728759765625
        ],
        [
            779.052978515625,
            630.7847290039062,
            817.2279663085938,
            661.5993041992188
        ],
        [
            1060.4659423828125,
            627.1466064453125,
            1085.1497802734375,
            649.7365112304688
        ],
        [
            777.3412475585938,
            657.1221313476562,
            806.6873779296875,
            678.435546875
        ],
        [
            775.9447631835938,
            636.1962890625,
            822.8600463867188,
            678.5397338867188
        ],
        [
            719.2879028320312,
            666.0686645507812,
            737.447998046875,
            686.599853515625
        ],
        [
            702.286865234375,
            664.0950927734375,
            738.5990600585938,
            687.8128051757812
        ],
        [
            1907.0999755859375,
            401.6424560546875,
            1920.0,
            436.6109924316406
        ],
        [
            1389.8223876953125,
            739.1195068359375,
            1406.6304931640625,
            761.6717529296875
        ],
        [
            777.0713500976562,
            657.1087036132812,
            790.3291015625,
            678.5415649414062
        ]
    ],
    "scores": [
        0.9724255800247192,
        0.8085308074951172,
        0.7168049812316895,
        0.6522434949874878,
        0.28668293356895447,
        0.272300660610199,
        0.25750234723091125,
        0.25050756335258484,
        0.10026633739471436,
        0.09071998298168182,
        0.07081924378871918
    ]
}