{
    "predicted_boxes": [
        [
            1363.0914306640625,
            73.00732421875,
            1400.4124755859375,
            104.433837890625
        ],
        [
            1227.9478759765625,
            153.59259033203125,
            1241.568359375,
            171.79544067382812
        ]
    ],
    "scores": [
        0.931343674659729,
        0.06370888650417328
    ]
}