{
    "predicted_boxes": [
        [
            499.47308349609375,
            673.0282592773438,
            518.7862548828125,
            694.4169311523438
        ]
    ],
    "scores": [
        0.933726966381073
    ]
}