{
    "predicted_boxes": [
        [
            1411.16796875,
            611.3948974609375,
            1547.2879638671875,
            719.3685913085938
        ],
        [
            1606.2989501953125,
            73.55233764648438,
            1638.3240966796875,
            108.87340545654297
        ]
    ],
    "scores": [
        0.9980365633964539,
        0.4959368407726288
    ]
}