{
    "predicted_boxes": [
        [
            1179.3486328125,
            633.8565673828125,
            1232.45068359375,
            671.6141967773438
        ],
        [
            1187.6341552734375,
            675.2392578125,
            1223.8106689453125,
            705.3051147460938
        ],
        [
            605.1965942382812,
            713.125732421875,
            649.3357543945312,
            748.4414672851562
        ],
        [
            601.0839233398438,
            632.9891967773438,
            651.6299438476562,
            673.82373046875
        ],
        [
            607.3016967773438,
            674.8020629882812,
            648.3756103515625,
            708.4274291992188
        ],
        [
            1183.314453125,
            714.501708984375,
            1221.746337890625,
            747.7599487304688
        ],
        [
            1181.4356689453125,
            654.5263061523438,
            1230.8590087890625,
            729.3739013671875
        ],
        [
            602.047119140625,
            660.1925048828125,
            652.9278564453125,
            731.7468872070312
        ]
    ],
    "scores": [
        0.9858506321907043,
        0.945445716381073,
        0.8277560472488403,
        0.8098951578140259,
        0.7746032476425171,
        0.21290835738182068,
        0.1214284896850586,
        0.05185607820749283
    ]
}