{
    "predicted_boxes": [
        [
            1299.1806640625,
            70.55867004394531,
            1343.793212890625,
            107.92904663085938
        ]
    ],
    "scores": [
        0.272534042596817
    ]
}