{
    "predicted_boxes": [
        [
            359.8112487792969,
            483.22125244140625,
            472.98211669921875,
            612.0072631835938
        ],
        [
            366.81512451171875,
            513.2381591796875,
            394.2856140136719,
            568.111572265625
        ]
    ],
    "scores": [
        0.999207079410553,
        0.11752749979496002
    ]
}