{
    "predicted_boxes": [
        [
            1151.7908935546875,
            643.1326904296875,
            1248.7646484375,
            661.6676025390625
        ],
        [
            685.8772583007812,
            631.1681518554688,
            749.2451782226562,
            660.9650268554688
        ],
        [
            1027.9722900390625,
            641.4218139648438,
            1032.4007568359375,
            654.8281860351562
        ],
        [
            643.3384399414062,
            585.514892578125,
            697.9775390625,
            629.107177734375
        ],
        [
            1038.2744140625,
            597.0514526367188,
            1067.3822021484375,
            626.6984252929688
        ],
        [
            661.29443359375,
            625.8938598632812,
            684.6433715820312,
            650.656982421875
        ],
        [
            1301.7430419921875,
            726.942138671875,
            1319.218994140625,
            749.1689453125
        ],
        [
            1027.5213623046875,
            640.6140747070312,
            1035.3280029296875,
            653.0244750976562
        ],
        [
            1028.9146728515625,
            642.6124267578125,
            1034.099365234375,
            655.9832153320312
        ],
        [
            1110.8096923828125,
            628.158935546875,
            1118.568359375,
            644.9624633789062
        ],
        [
            1028.6627197265625,
            646.6553344726562,
            1032.6849365234375,
            657.6229248046875
        ],
        [
            1026.2567138671875,
            641.8447265625,
            1030.075439453125,
            651.7868041992188
        ],
        [
            664.2742919921875,
            637.952392578125,
            685.8992919921875,
            655.589599609375
        ],
        [
            1103.3612060546875,
            594.100830078125,
            1116.556396484375,
            614.3023681640625
        ]
    ],
    "scores": [
        0.9948635697364807,
        0.8961095809936523,
        0.5620297789573669,
        0.4991500973701477,
        0.4147888720035553,
        0.31713762879371643,
        0.22494134306907654,
        0.21450233459472656,
        0.18390661478042603,
        0.1536097377538681,
        0.13686908781528473,
        0.07262736558914185,
        0.06628374755382538,
        0.05299656093120575
    ]
}