{
    "predicted_boxes": [
        [
            1122.5213623046875,
            664.3185424804688,
            1159.1053466796875,
            682.5445556640625
        ],
        [
            1232.9580078125,
            31.222122192382812,
            1293.217041015625,
            78.63471984863281
        ],
        [
            1109.424560546875,
            606.8563232421875,
            1175.7877197265625,
            663.9337158203125
        ],
        [
            1383.1339111328125,
            653.6923217773438,
            1401.2581787109375,
            710.0465087890625
        ],
        [
            0.0,
            654.87548828125,
            181.40806579589844,
            761.3997192382812
        ],
        [
            97.33844757080078,
            878.4046020507812,
            107.70707702636719,
            892.7404174804688
        ],
        [
            1813.8746337890625,
            323.6037902832031,
            1892.5980224609375,
            481.6139221191406
        ],
        [
            2.3639698028564453,
            659.7525024414062,
            179.95603942871094,
            703.6830444335938
        ],
        [
            1053.71044921875,
            719.4364013671875,
            1062.617919921875,
            745.96142578125
        ],
        [
            1112.1710205078125,
            718.862548828125,
            1118.80517578125,
            733.0856323242188
        ],
        [
            1067.7601318359375,
            709.6987915039062,
            1077.9290771484375,
            726.4962768554688
        ],
        [
            100.55269622802734,
            877.9568481445312,
            107.48309326171875,
            889.17822265625
        ],
        [
            100.30831146240234,
            883.4907836914062,
            107.80840301513672,
            893.3173828125
        ],
        [
            1062.6925048828125,
            683.0667114257812,
            1078.430908203125,
            700.2077026367188
        ],
        [
            101.42272186279297,
            879.8535766601562,
            109.75198364257812,
            891.6982421875
        ],
        [
            1238.60791015625,
            692.8646240234375,
            1255.2083740234375,
            711.1182250976562
        ],
        [
            96.58606719970703,
            883.1882934570312,
            105.78507232666016,
            894.6571655273438
        ]
    ],
    "scores": [
        0.9968684315681458,
        0.9929298758506775,
        0.9886295795440674,
        0.988497793674469,
        0.9876318573951721,
        0.8410865664482117,
        0.6051252484321594,
        0.5369974374771118,
        0.23992829024791718,
        0.1738390028476715,
        0.16515158116817474,
        0.14579974114894867,
        0.09957818686962128,
        0.08796082437038422,
        0.07959151268005371,
        0.06233806163072586,
        0.05353792384266853
    ]
}