{
    "predicted_boxes": [
        [
            991.6506958007812,
            677.4329833984375,
            1107.3779296875,
            741.3240966796875
        ],
        [
            1489.2640380859375,
            630.5889892578125,
            1549.5577392578125,
            677.559814453125
        ],
        [
            209.39015197753906,
            602.3499755859375,
            244.56089782714844,
            656.5938720703125
        ],
        [
            1016.1477661132812,
            680.7938842773438,
            1076.55126953125,
            693.919189453125
        ]
    ],
    "scores": [
        0.9967342615127563,
        0.9942824840545654,
        0.2792240381240845,
        0.08022159337997437
    ]
}