{
    "predicted_boxes": [
        [
            1342.21240234375,
            14.944500923156738,
            1408.879150390625,
            73.55125427246094
        ],
        [
            943.3194580078125,
            424.031982421875,
            978.3607177734375,
            450.5342712402344
        ]
    ],
    "scores": [
        0.9968181848526001,
        0.9241237640380859
    ]
}