{
    "predicted_boxes": [
        [
            1298.14208984375,
            559.2062377929688,
            1390.9285888671875,
            640.9495239257812
        ],
        [
            0.0,
            560.4630737304688,
            41.7243537902832,
            630.0993041992188
        ],
        [
            0.0,
            574.2410888671875,
            17.409902572631836,
            615.6177368164062
        ]
    ],
    "scores": [
        0.9987354874610901,
        0.9885889291763306,
        0.2626420557498932
    ]
}