{
    "predicted_boxes": [
        [
            1237.842529296875,
            659.6768188476562,
            1328.78564453125,
            720.7095336914062
        ],
        [
            1603.8853759765625,
            627.8124389648438,
            1651.3248291015625,
            664.9901733398438
        ],
        [
            1317.1602783203125,
            664.5311279296875,
            1330.243408203125,
            681.0110473632812
        ],
        [
            1248.2508544921875,
            663.0115966796875,
            1310.557373046875,
            704.2059936523438
        ],
        [
            1316.101806640625,
            669.6412963867188,
            1328.8033447265625,
            689.211669921875
        ],
        [
            1254.5179443359375,
            668.48046875,
            1303.021728515625,
            693.2424926757812
        ],
        [
            1314.1060791015625,
            662.0088500976562,
            1331.83251953125,
            688.1102294921875
        ]
    ],
    "scores": [
        0.99411940574646,
        0.98676598072052,
        0.6144352555274963,
        0.17234094440937042,
        0.08915858715772629,
        0.07273125648498535,
        0.06246228516101837
    ]
}