{
    "predicted_boxes": [
        [
            301.64837646484375,
            414.4379577636719,
            332.549072265625,
            440.93524169921875
        ],
        [
            1426.028076171875,
            104.53111267089844,
            1451.14599609375,
            123.92327117919922
        ]
    ],
    "scores": [
        0.45796260237693787,
        0.3329225182533264
    ]
}