{
    "predicted_boxes": [
        [
            829.923095703125,
            582.30029296875,
            907.140625,
            647.6682739257812
        ],
        [
            881.874267578125,
            374.37945556640625,
            914.3435668945312,
            404.8494873046875
        ],
        [
            841.900146484375,
            595.7456665039062,
            870.0052490234375,
            628.9588623046875
        ],
        [
            837.5747680664062,
            588.6724243164062,
            889.4982299804688,
            636.1997680664062
        ]
    ],
    "scores": [
        0.995978832244873,
        0.927993655204773,
        0.1513042151927948,
        0.06209307163953781
    ]
}