{
    "predicted_boxes": [
        [
            1555.1549072265625,
            635.8436279296875,
            1613.497314453125,
            680.9801635742188
        ],
        [
            402.8405456542969,
            611.9430541992188,
            428.3107604980469,
            662.0703125
        ]
    ],
    "scores": [
        0.9955248832702637,
        0.945488691329956
    ]
}