{
    "predicted_boxes": [
        [
            297.56689453125,
            240.83091735839844,
            347.9052429199219,
            283.0657653808594
        ],
        [
            633.1337280273438,
            246.19049072265625,
            682.7684936523438,
            288.80523681640625
        ]
    ],
    "scores": [
        0.9633709192276001,
        0.24967916309833527
    ]
}