{
    "predicted_boxes": [
        [
            953.971923828125,
            645.5438842773438,
            1149.1676025390625,
            726.03759765625
        ],
        [
            946.2491455078125,
            702.5731811523438,
            1141.0135498046875,
            740.4398803710938
        ],
        [
            961.344970703125,
            646.703369140625,
            1142.6182861328125,
            687.6832275390625
        ]
    ],
    "scores": [
        0.9339817762374878,
        0.6159653663635254,
        0.1872120052576065
    ]
}