{
    "predicted_boxes": [
        [
            1345.927490234375,
            642.2354125976562,
            1448.1278076171875,
            719.620849609375
        ],
        [
            1531.685791015625,
            66.2494125366211,
            1568.005615234375,
            99.16539764404297
        ],
        [
            1615.815185546875,
            94.02501678466797,
            1622.963134765625,
            113.27671813964844
        ],
        [
            1538.1956787109375,
            94.02796936035156,
            1559.230712890625,
            110.73091125488281
        ]
    ],
    "scores": [
        0.9965930581092834,
        0.9830659627914429,
        0.6045311093330383,
        0.08035049587488174
    ]
}