{
    "predicted_boxes": [
        [
            1281.1336669921875,
            554.2102661132812,
            1390.83349609375,
            636.388916015625
        ],
        [
            0.6429776549339294,
            571.2778930664062,
            23.88216781616211,
            639.4912109375
        ],
        [
            357.1437072753906,
            356.4524841308594,
            390.8992614746094,
            388.9995422363281
        ],
        [
            107.41102600097656,
            355.1141662597656,
            146.12139892578125,
            388.4853515625
        ],
        [
            520.4376220703125,
            731.8690185546875,
            533.2265625,
            747.8539428710938
        ],
        [
            0.4257998764514923,
            572.1804809570312,
            13.071004867553711,
            633.2740478515625
        ]
    ],
    "scores": [
        0.9982859492301941,
        0.9896858334541321,
        0.9675143957138062,
        0.3802111744880676,
        0.2640858590602875,
        0.21850550174713135
    ]
}