{
    "predicted_boxes": [
        [
            185.34799194335938,
            674.4552001953125,
            214.13040161132812,
            699.4483642578125
        ],
        [
            681.4810180664062,
            323.2950744628906,
            724.7506103515625,
            349.80596923828125
        ],
        [
            1477.083251953125,
            222.24267578125,
            1519.005615234375,
            257.76025390625
        ],
        [
            708.8033447265625,
            738.2202758789062,
            717.9641723632812,
            755.8519287109375
        ],
        [
            1126.4444580078125,
            221.47520446777344,
            1178.1610107421875,
            264.882568359375
        ]
    ],
    "scores": [
        0.7170959115028381,
        0.3091582655906677,
        0.11445720493793488,
        0.10187757015228271,
        0.05308200791478157
    ]
}