{
    "predicted_boxes": [
        [
            1683.34326171875,
            123.40928649902344,
            1725.9140625,
            145.51950073242188
        ]
    ],
    "scores": [
        0.2154119312763214
    ]
}