{
    "predicted_boxes": [
        [
            449.99615478515625,
            570.6971435546875,
            487.7571716308594,
            590.3177490234375
        ],
        [
            1233.038818359375,
            609.832275390625,
            1375.9346923828125,
            635.6951904296875
        ],
        [
            564.0040893554688,
            597.5361328125,
            670.5123291015625,
            638.0400390625
        ],
        [
            423.37060546875,
            502.5661926269531,
            509.112548828125,
            569.6820678710938
        ],
        [
            1056.7764892578125,
            563.9847412109375,
            1095.837646484375,
            600.2608032226562
        ],
        [
            1062.6373291015625,
            592.7426147460938,
            1087.3233642578125,
            606.2015380859375
        ],
        [
            1066.1221923828125,
            597.4319458007812,
            1085.6575927734375,
            607.4551391601562
        ],
        [
            1165.5322265625,
            544.6458740234375,
            1183.9300537109375,
            570.6403198242188
        ]
    ],
    "scores": [
        0.9988337159156799,
        0.9955730438232422,
        0.9925795197486877,
        0.9843243360519409,
        0.9719589352607727,
        0.33668553829193115,
        0.08652414381504059,
        0.06305219978094101
    ]
}