{
    "predicted_boxes": [
        [
            935.251953125,
            556.3124389648438,
            1024.53564453125,
            632.9146728515625
        ],
        [
            996.9632568359375,
            340.6240234375,
            1029.0709228515625,
            372.00537109375
        ],
        [
            951.015869140625,
            569.994140625,
            986.8529052734375,
            616.2283935546875
        ],
        [
            743.7022094726562,
            737.95703125,
            755.6213989257812,
            774.50634765625
        ],
        [
            961.93408203125,
            566.6801147460938,
            1010.1193237304688,
            616.9480590820312
        ]
    ],
    "scores": [
        0.9972647428512573,
        0.7673978805541992,
        0.1695438027381897,
        0.10864344239234924,
        0.0764584168791771
    ]
}