{
    "predicted_boxes": [
        [
            1449.5252685546875,
            656.3268432617188,
            1495.385986328125,
            694.5912475585938
        ],
        [
            1805.58984375,
            126.26397705078125,
            1864.302734375,
            165.54656982421875
        ],
        [
            1490.79443359375,
            635.341552734375,
            1504.4874267578125,
            654.6072998046875
        ],
        [
            1461.904052734375,
            704.3843994140625,
            1484.8270263671875,
            723.448974609375
        ],
        [
            1802.9769287109375,
            78.11447143554688,
            1868.3863525390625,
            168.6397247314453
        ]
    ],
    "scores": [
        0.9792563915252686,
        0.8074109554290771,
        0.557427167892456,
        0.22997725009918213,
        0.09005407243967056
    ]
}