{
    "predicted_boxes": [
        [
            1448.481201171875,
            69.21615600585938,
            1483.57275390625,
            97.87803649902344
        ]
    ],
    "scores": [
        0.34625810384750366
    ]
}