{
    "predicted_boxes": [
        [
            438.3887023925781,
            635.3724975585938,
            490.73602294921875,
            677.2958984375
        ],
        [
            1129.92333984375,
            635.428466796875,
            1182.209716796875,
            674.583740234375
        ]
    ],
    "scores": [
        0.9974018335342407,
        0.9930054545402527
    ]
}