{
    "predicted_boxes": [
        [
            1080.1011962890625,
            403.5906677246094,
            1112.5635986328125,
            434.1925354003906
        ],
        [
            858.4183959960938,
            403.0946350097656,
            896.1170654296875,
            435.1429748535156
        ]
    ],
    "scores": [
        0.8809277415275574,
        0.5719014406204224
    ]
}