{
    "predicted_boxes": [
        [
            945.1851196289062,
            622.5845947265625,
            1255.77880859375,
            721.25
        ],
        [
            1023.0850219726562,
            629.1465454101562,
            1041.5968017578125,
            652.8052368164062
        ],
        [
            1018.0092163085938,
            730.8052978515625,
            1051.1676025390625,
            761.816162109375
        ],
        [
            958.2793579101562,
            718.5430297851562,
            1220.5970458984375,
            770.7864379882812
        ],
        [
            928.3915405273438,
            674.724609375,
            1240.93212890625,
            765.09716796875
        ],
        [
            954.8297729492188,
            622.407470703125,
            1268.126708984375,
            670.3372802734375
        ],
        [
            1013.4188232421875,
            683.591796875,
            1033.334228515625,
            707.870849609375
        ]
    ],
    "scores": [
        0.7527271509170532,
        0.35746023058891296,
        0.35510021448135376,
        0.20004676282405853,
        0.14757145941257477,
        0.10443039983510971,
        0.07219481468200684
    ]
}