{
    "predicted_boxes": [
        [
            456.7326965332031,
            360.34234619140625,
            492.9901428222656,
            393.8290100097656
        ],
        [
            706.3505249023438,
            361.3191833496094,
            738.7033081054688,
            390.8836364746094
        ],
        [
            1564.883544921875,
            746.2426147460938,
            1581.9698486328125,
            768.3289184570312
        ],
        [
            613.6651611328125,
            739.89599609375,
            628.7725830078125,
            764.906982421875
        ]
    ],
    "scores": [
        0.8715856075286865,
        0.7922659516334534,
        0.3161722421646118,
        0.10976304113864899
    ]
}