{
    "predicted_boxes": [
        [
            1431.3468017578125,
            103.0073013305664,
            1475.2823486328125,
            132.23046875
        ]
    ],
    "scores": [
        0.7805830836296082
    ]
}