{
    "predicted_boxes": [
        [
            277.4342956542969,
            670.4168701171875,
            310.120849609375,
            701.0831298828125
        ],
        [
            834.8131713867188,
            743.8594360351562,
            849.1325073242188,
            759.013916015625
        ]
    ],
    "scores": [
        0.9940080642700195,
        0.06225406751036644
    ]
}