{
    "predicted_boxes": [
        [
            1245.5537109375,
            34.75272750854492,
            1310.3602294921875,
            88.17701721191406
        ],
        [
            1263.0225830078125,
            91.0457763671875,
            1295.242431640625,
            110.09495544433594
        ],
        [
            1082.41650390625,
            592.4902954101562,
            1145.34033203125,
            649.3701171875
        ],
        [
            1067.1981201171875,
            670.28173828125,
            1105.05029296875,
            702.2896118164062
        ],
        [
            1856.6693115234375,
            93.98995971679688,
            1886.902099609375,
            130.24928283691406
        ],
        [
            1099.5794677734375,
            647.2342529296875,
            1131.2069091796875,
            665.6333618164062
        ],
        [
            1083.010986328125,
            709.0931396484375,
            1094.17041015625,
            734.7083740234375
        ],
        [
            1084.43408203125,
            728.8335571289062,
            1092.139892578125,
            750.228759765625
        ]
    ],
    "scores": [
        0.9952648878097534,
        0.9940100908279419,
        0.9837672710418701,
        0.9671615362167358,
        0.8961778283119202,
        0.8605118989944458,
        0.15492112934589386,
        0.10368603467941284
    ]
}