{
    "predicted_boxes": [
        [
            1589.7591552734375,
            603.6256713867188,
            1668.5443115234375,
            667.468505859375
        ],
        [
            959.628662109375,
            671.7265625,
            1094.0050048828125,
            737.7468872070312
        ],
        [
            972.7443237304688,
            719.006103515625,
            1082.615966796875,
            738.9412841796875
        ],
        [
            990.250732421875,
            675.049072265625,
            1054.9613037109375,
            690.6083984375
        ]
    ],
    "scores": [
        0.9986894726753235,
        0.992330014705658,
        0.3749779760837555,
        0.15465648472309113
    ]
}