{
    "predicted_boxes": [
        [
            933.9616088867188,
            636.46728515625,
            954.26708984375,
            655.5523681640625
        ],
        [
            582.347900390625,
            635.7073974609375,
            608.4502563476562,
            654.4312133789062
        ],
        [
            81.70462799072266,
            532.6627197265625,
            192.3086395263672,
            602.9482421875
        ],
        [
            1038.8211669921875,
            653.8631591796875,
            1048.282958984375,
            668.2586059570312
        ],
        [
            422.7144775390625,
            654.3821411132812,
            434.7218322753906,
            672.2340087890625
        ],
        [
            425.6620788574219,
            678.9625854492188,
            433.2012023925781,
            699.561767578125
        ],
        [
            941.8408203125,
            676.0602416992188,
            948.9401245117188,
            688.7618408203125
        ]
    ],
    "scores": [
        0.932012677192688,
        0.8288807272911072,
        0.6912045478820801,
        0.5599908232688904,
        0.4391029477119446,
        0.11100659519433975,
        0.07601632177829742
    ]
}