{
    "predicted_boxes": [
        [
            1414.0177001953125,
            84.10335540771484,
            1466.1824951171875,
            127.97988891601562
        ],
        [
            1425.073974609375,
            128.1703338623047,
            1453.7421875,
            145.51834106445312
        ],
        [
            67.26006317138672,
            627.0755004882812,
            462.13458251953125,
            772.0642700195312
        ]
    ],
    "scores": [
        0.9657042026519775,
        0.6114708185195923,
        0.10763008147478104
    ]
}