{
    "predicted_boxes": [
        [
            876.7527465820312,
            637.8162841796875,
            900.794921875,
            660.7205200195312
        ],
        [
            979.58837890625,
            655.6979370117188,
            989.336669921875,
            670.5870361328125
        ],
        [
            389.5536193847656,
            665.1093139648438,
            402.5588684082031,
            685.13232421875
        ],
        [
            533.7655029296875,
            642.3922729492188,
            558.7555541992188,
            665.9850463867188
        ],
        [
            903.7861938476562,
            635.5303344726562,
            912.2996826171875,
            648.5379028320312
        ],
        [
            979.8204956054688,
            678.2327270507812,
            986.834716796875,
            699.0655517578125
        ]
    ],
    "scores": [
        0.9821524024009705,
        0.9283781051635742,
        0.33312705159187317,
        0.3299631178379059,
        0.09523933380842209,
        0.06927766650915146
    ]
}