{
    "predicted_boxes": [
        [
            1363.09521484375,
            73.01222229003906,
            1400.3858642578125,
            104.47596740722656
        ],
        [
            1227.9610595703125,
            153.58248901367188,
            1241.6060791015625,
            171.82225036621094
        ]
    ],
    "scores": [
        0.9315794110298157,
        0.05794806778430939
    ]
}