{
    "predicted_boxes": [
        [
            1397.9759521484375,
            749.43896484375,
            1426.065185546875,
            784.7588500976562
        ]
    ],
    "scores": [
        0.05338156968355179
    ]
}