{
    "predicted_boxes": [
        [
            1038.7003173828125,
            688.8976440429688,
            1067.9351806640625,
            717.7723388671875
        ],
        [
            608.5964965820312,
            686.184326171875,
            641.2689208984375,
            714.2407836914062
        ],
        [
            1052.8515625,
            740.2359008789062,
            1062.7352294921875,
            769.0143432617188
        ],
        [
            1223.9072265625,
            710.5906982421875,
            1236.5045166015625,
            728.4838256835938
        ]
    ],
    "scores": [
        0.9896408915519714,
        0.9680421352386475,
        0.06014594808220863,
        0.05861666426062584
    ]
}