{
    "predicted_boxes": [
        [
            1159.223876953125,
            614.8048095703125,
            1224.81005859375,
            667.4983520507812
        ],
        [
            330.5570373535156,
            621.3442993164062,
            398.4046936035156,
            670.9771728515625
        ],
        [
            1168.1285400390625,
            623.4407348632812,
            1216.3856201171875,
            659.1279907226562
        ]
    ],
    "scores": [
        0.9941534399986267,
        0.9909327030181885,
        0.06460613012313843
    ]
}