{
    "predicted_boxes": [
        [
            1203.5679931640625,
            670.364013671875,
            1295.1068115234375,
            723.5987548828125
        ],
        [
            1586.537109375,
            637.2407836914062,
            1637.1177978515625,
            675.4144897460938
        ],
        [
            1216.028564453125,
            675.7764282226562,
            1277.0723876953125,
            708.30029296875
        ],
        [
            617.5201416015625,
            622.0535888671875,
            638.4652099609375,
            673.8861083984375
        ],
        [
            1263.026123046875,
            674.2020874023438,
            1293.5592041015625,
            714.45068359375
        ]
    ],
    "scores": [
        0.9943073391914368,
        0.9773578643798828,
        0.10707970708608627,
        0.09433192014694214,
        0.06673726439476013
    ]
}