{
    "predicted_boxes": [
        [
            354.7129821777344,
            645.9130859375,
            395.05047607421875,
            682.74169921875
        ]
    ],
    "scores": [
        0.9944308400154114
    ]
}