{
    "predicted_boxes": [
        [
            1019.1433715820312,
            725.6742553710938,
            1033.8182373046875,
            746.808837890625
        ]
    ],
    "scores": [
        0.16385115683078766
    ]
}