{
    "predicted_boxes": [
        [
            1789.3125,
            549.7942504882812,
            1892.029541015625,
            629.3269653320312
        ],
        [
            952.318359375,
            644.4546508789062,
            1119.3511962890625,
            723.9616088867188
        ],
        [
            959.0642700195312,
            645.5940551757812,
            1119.1458740234375,
            686.5786743164062
        ],
        [
            1015.261474609375,
            649.1595458984375,
            1066.1575927734375,
            665.7595825195312
        ],
        [
            986.6054077148438,
            645.9014892578125,
            1078.7044677734375,
            668.2337036132812
        ],
        [
            993.953857421875,
            646.790771484375,
            1045.030517578125,
            666.1156005859375
        ]
    ],
    "scores": [
        0.999009370803833,
        0.9988147020339966,
        0.7625839710235596,
        0.2528066635131836,
        0.17718899250030518,
        0.15473920106887817
    ]
}