{
    "predicted_boxes": [
        [
            1278.3133544921875,
            317.08990478515625,
            1318.649658203125,
            354.2445068359375
        ],
        [
            1071.64013671875,
            660.4498901367188,
            1103.316650390625,
            694.3916015625
        ]
    ],
    "scores": [
        0.8997544646263123,
        0.8611696362495422
    ]
}