{
    "predicted_boxes": [
        [
            1108.0506591796875,
            720.2471923828125,
            1151.160888671875,
            760.3291625976562
        ],
        [
            447.264892578125,
            721.6019897460938,
            494.2340393066406,
            757.649169921875
        ],
        [
            357.04461669921875,
            812.6737670898438,
            372.9373474121094,
            831.1807861328125
        ],
        [
            1032.0728759765625,
            806.7393188476562,
            1041.274169921875,
            818.88720703125
        ],
        [
            1032.974609375,
            824.1022338867188,
            1040.391357421875,
            837.4419555664062
        ],
        [
            823.5723876953125,
            807.2306518554688,
            830.3099975585938,
            828.7056274414062
        ]
    ],
    "scores": [
        0.9786956906318665,
        0.9271079301834106,
        0.651188850402832,
        0.16528362035751343,
        0.08378545194864273,
        0.07042980939149857
    ]
}