{
    "predicted_boxes": [
        [
            1467.8338623046875,
            583.9417724609375,
            1638.3291015625,
            711.10107421875
        ],
        [
            1647.2122802734375,
            77.55625915527344,
            1677.2730712890625,
            109.62548828125
        ]
    ],
    "scores": [
        0.9970520734786987,
        0.7216019034385681
    ]
}