{
    "predicted_boxes": [
        [
            1299.1895751953125,
            70.5472640991211,
            1343.7899169921875,
            107.92523956298828
        ]
    ],
    "scores": [
        0.2608300447463989
    ]
}