{
    "predicted_boxes": [
        [
            1676.9404296875,
            654.7622680664062,
            1915.7138671875,
            721.410888671875
        ],
        [
            1109.2293701171875,
            648.5562133789062,
            1138.371826171875,
            666.5151977539062
        ],
        [
            1316.39453125,
            646.0516357421875,
            1329.2916259765625,
            692.2933959960938
        ],
        [
            1092.401611328125,
            599.0057373046875,
            1152.0028076171875,
            651.25634765625
        ],
        [
            1523.7449951171875,
            439.42291259765625,
            1570.68505859375,
            542.2896118164062
        ],
        [
            1744.43798828125,
            659.0748901367188,
            1837.5902099609375,
            717.0497436523438
        ],
        [
            1056.7147216796875,
            665.3914794921875,
            1074.7825927734375,
            681.823486328125
        ],
        [
            1878.41552734375,
            660.6236572265625,
            1918.2733154296875,
            713.3146362304688
        ],
        [
            123.77935028076172,
            648.1575317382812,
            323.80291748046875,
            702.2674560546875
        ],
        [
            1755.553955078125,
            677.073486328125,
            1825.2718505859375,
            713.5805053710938
        ]
    ],
    "scores": [
        0.9987687468528748,
        0.9889150261878967,
        0.9729440808296204,
        0.9663846492767334,
        0.8214890956878662,
        0.33438408374786377,
        0.1982475221157074,
        0.15099595487117767,
        0.07408379763364792,
        0.051626596599817276
    ]
}