{
    "predicted_boxes": [
        [
            1128.2589111328125,
            640.4325561523438,
            1165.5841064453125,
            680.3944702148438
        ],
        [
            469.2705993652344,
            638.4172973632812,
            516.4121704101562,
            671.5963134765625
        ]
    ],
    "scores": [
        0.9980977177619934,
        0.9615151286125183
    ]
}