{
    "predicted_boxes": [
        [
            1183.298828125,
            721.7230834960938,
            1197.3551025390625,
            741.1419677734375
        ]
    ],
    "scores": [
        0.07430628687143326
    ]
}