{
    "predicted_boxes": [
        [
            1453.1046142578125,
            89.92194366455078,
            1485.681884765625,
            117.67855834960938
        ]
    ],
    "scores": [
        0.38878604769706726
    ]
}