{
    "predicted_boxes": [
        [
            1491.9002685546875,
            675.53857421875,
            1784.1505126953125,
            730.5479125976562
        ],
        [
            1093.0606689453125,
            668.3919677734375,
            1117.0556640625,
            683.64208984375
        ],
        [
            1075.9793701171875,
            623.6646118164062,
            1129.578125,
            668.88134765625
        ],
        [
            1359.168701171875,
            531.304931640625,
            1392.6268310546875,
            602.150146484375
        ],
        [
            1257.48486328125,
            666.4493408203125,
            1270.1929931640625,
            702.0819091796875
        ],
        [
            1359.4683837890625,
            574.1522216796875,
            1391.1925048828125,
            600.1099853515625
        ],
        [
            1038.6444091796875,
            712.1695556640625,
            1049.351318359375,
            731.43896484375
        ],
        [
            1055.5533447265625,
            678.6096801757812,
            1069.278076171875,
            694.4736328125
        ],
        [
            1592.6927490234375,
            676.5890502929688,
            1732.314453125,
            727.940673828125
        ],
        [
            1056.021728515625,
            697.2335815429688,
            1065.6968994140625,
            718.4259643554688
        ],
        [
            1360.523193359375,
            527.8604736328125,
            1389.9566650390625,
            552.8029174804688
        ],
        [
            1515.4088134765625,
            679.0486450195312,
            1592.967041015625,
            722.21337890625
        ]
    ],
    "scores": [
        0.9989738464355469,
        0.9798768162727356,
        0.9690125584602356,
        0.8336924910545349,
        0.723584771156311,
        0.6403270959854126,
        0.2886382043361664,
        0.2505747675895691,
        0.12988857924938202,
        0.11326408386230469,
        0.10784459114074707,
        0.052526235580444336
    ]
}