{
    "predicted_boxes": [
        [
            1306.9351806640625,
            566.2994995117188,
            1399.381103515625,
            638.5653686523438
        ],
        [
            0.2799933850765228,
            562.1051025390625,
            73.11370086669922,
            635.6273193359375
        ],
        [
            1561.6114501953125,
            767.739501953125,
            1595.911376953125,
            812.7554321289062
        ],
        [
            1201.72998046875,
            76.20899963378906,
            1238.7705078125,
            125.0701675415039
        ]
    ],
    "scores": [
        0.9968093037605286,
        0.9959604144096375,
        0.10669508576393127,
        0.09946733713150024
    ]
}