{
    "predicted_boxes": [
        [
            222.71299743652344,
            383.482177734375,
            258.6600646972656,
            414.3603820800781
        ],
        [
            447.31671142578125,
            382.565185546875,
            480.9469909667969,
            413.4627380371094
        ]
    ],
    "scores": [
        0.9898031949996948,
        0.847381055355072
    ]
}