{
    "predicted_boxes": [
        [
            1497.1068115234375,
            632.902587890625,
            1557.040283203125,
            679.06298828125
        ],
        [
            1017.1521606445312,
            675.5532836914062,
            1122.65185546875,
            739.9923706054688
        ],
        [
            256.71014404296875,
            604.4307250976562,
            289.7378845214844,
            657.0125732421875
        ],
        [
            1032.9644775390625,
            678.2902221679688,
            1106.6265869140625,
            717.3880004882812
        ],
        [
            50.03714370727539,
            899.57373046875,
            124.75857543945312,
            917.956298828125
        ]
    ],
    "scores": [
        0.9918659329414368,
        0.9658822417259216,
        0.2790267765522003,
        0.21525754034519196,
        0.10416435450315475
    ]
}