{
    "predicted_boxes": [
        [
            898.0875244140625,
            438.9952697753906,
            975.8486938476562,
            588.340576171875
        ],
        [
            904.330322265625,
            476.0140075683594,
            925.72119140625,
            538.8469848632812
        ],
        [
            864.5361938476562,
            715.6546630859375,
            874.1654663085938,
            732.2169799804688
        ]
    ],
    "scores": [
        0.9993921518325806,
        0.19809743762016296,
        0.07364270091056824
    ]
}