{
    "predicted_boxes": [
        [
            1076.2222900390625,
            621.6068115234375,
            1137.2099609375,
            672.7265014648438
        ],
        [
            1067.6834716796875,
            688.5384521484375,
            1102.8896484375,
            718.9081420898438
        ],
        [
            1458.0419921875,
            74.57584381103516,
            1467.6246337890625,
            103.76953125
        ],
        [
            1078.697021484375,
            724.4558715820312,
            1086.3162841796875,
            741.0057983398438
        ],
        [
            1856.6705322265625,
            80.16111755371094,
            1883.847900390625,
            109.45281219482422
        ],
        [
            856.0974731445312,
            636.72509765625,
            894.6956787109375,
            655.5592651367188
        ],
        [
            1091.2095947265625,
            668.8297729492188,
            1118.3367919921875,
            687.6427612304688
        ]
    ],
    "scores": [
        0.9894670844078064,
        0.9592044353485107,
        0.6722185015678406,
        0.32507508993148804,
        0.20197269320487976,
        0.15686172246932983,
        0.05389101058244705
    ]
}