{
    "predicted_boxes": [
        [
            1111.4000244140625,
            645.5797119140625,
            1150.561767578125,
            679.6298217773438
        ],
        [
            511.64324951171875,
            644.8463134765625,
            560.2786254882812,
            683.4717407226562
        ],
        [
            0.7000851631164551,
            404.8365783691406,
            33.946842193603516,
            436.0603942871094
        ],
        [
            1142.647705078125,
            723.6578979492188,
            1151.6148681640625,
            738.0751953125
        ]
    ],
    "scores": [
        0.989514946937561,
        0.9778295159339905,
        0.8607391715049744,
        0.06282038986682892
    ]
}