{
    "predicted_boxes": [
        [
            1260.098876953125,
            576.7839965820312,
            1341.2606201171875,
            633.7273559570312
        ],
        [
            1266.7137451171875,
            631.5750732421875,
            1336.5047607421875,
            695.1437377929688
        ],
        [
            409.8565979003906,
            580.7022705078125,
            482.7237548828125,
            633.8697509765625
        ],
        [
            416.6175537109375,
            634.514404296875,
            483.08441162109375,
            694.1713256835938
        ],
        [
            418.433349609375,
            698.7586669921875,
            481.6756591796875,
            745.9395141601562
        ],
        [
            1264.244384765625,
            698.4705200195312,
            1334.98681640625,
            746.4735717773438
        ],
        [
            424.0867004394531,
            644.6975708007812,
            472.8223571777344,
            681.5596313476562
        ],
        [
            1260.9146728515625,
            589.328125,
            1341.26904296875,
            674.1107788085938
        ],
        [
            410.2318115234375,
            599.4427490234375,
            484.2063903808594,
            681.6873779296875
        ],
        [
            779.3543701171875,
            673.8413696289062,
            801.1177978515625,
            696.2215576171875
        ]
    ],
    "scores": [
        0.9981561303138733,
        0.9934754967689514,
        0.9908416271209717,
        0.9905842542648315,
        0.9781904220581055,
        0.9114108085632324,
        0.284082293510437,
        0.11190567165613174,
        0.0669594407081604,
        0.05880916863679886
    ]
}