{
    "predicted_boxes": [
        [
            423.729248046875,
            471.8593444824219,
            532.576904296875,
            601.034912109375
        ],
        [
            717.5301513671875,
            617.40234375,
            757.8004760742188,
            675.076416015625
        ]
    ],
    "scores": [
        0.9990878105163574,
        0.19022993743419647
    ]
}