{
    "predicted_boxes": [
        [
            1400.680419921875,
            100.86400604248047,
            1442.0977783203125,
            131.62554931640625
        ],
        [
            798.2474975585938,
            723.7088623046875,
            803.8070678710938,
            738.275146484375
        ],
        [
            1228.012939453125,
            735.8865356445312,
            1241.10400390625,
            755.2861328125
        ],
        [
            1229.1357421875,
            735.8489379882812,
            1239.5,
            777.60205078125
        ]
    ],
    "scores": [
        0.961341917514801,
        0.09441473335027695,
        0.06574457883834839,
        0.058154914528131485
    ]
}