{
    "predicted_boxes": [
        [
            1428.32421875,
            653.1151733398438,
            1471.5626220703125,
            688.916015625
        ],
        [
            1831.4229736328125,
            63.11555099487305,
            1891.8280029296875,
            167.28077697753906
        ],
        [
            1831.625244140625,
            122.30192565917969,
            1891.54052734375,
            165.57119750976562
        ],
        [
            1435.9473876953125,
            698.4835205078125,
            1461.5640869140625,
            722.19091796875
        ],
        [
            1833.1539306640625,
            91.57589721679688,
            1891.36474609375,
            138.64332580566406
        ],
        [
            1447.60498046875,
            632.1829223632812,
            1464.4849853515625,
            653.4614868164062
        ],
        [
            1834.6376953125,
            58.540401458740234,
            1887.9246826171875,
            95.58184814453125
        ],
        [
            1426.351318359375,
            63.343971252441406,
            1465.357421875,
            95.72647857666016
        ]
    ],
    "scores": [
        0.9877929091453552,
        0.9733943343162537,
        0.9051697254180908,
        0.7387484312057495,
        0.5740978121757507,
        0.4896066188812256,
        0.22839580476284027,
        0.05036359280347824
    ]
}