{
    "predicted_boxes": [
        [
            638.593505859375,
            642.9942016601562,
            654.6215209960938,
            668.7227172851562
        ],
        [
            1480.760009765625,
            100.04737854003906,
            1497.8831787109375,
            113.61611938476562
        ],
        [
            640.6083984375,
            623.2839965820312,
            658.1290283203125,
            644.2540283203125
        ],
        [
            983.7119750976562,
            721.5684204101562,
            989.5505981445312,
            743.929931640625
        ]
    ],
    "scores": [
        0.9942964911460876,
        0.8688878417015076,
        0.14566250145435333,
        0.05926908552646637
    ]
}