{
    "predicted_boxes": [
        [
            1351.455078125,
            741.237060546875,
            1804.1641845703125,
            826.2300415039062
        ],
        [
            1398.9150390625,
            599.146484375,
            1862.056640625,
            724.9227905273438
        ],
        [
            1390.35009765625,
            655.7061767578125,
            1853.3017578125,
            738.7929077148438
        ],
        [
            1475.62890625,
            691.7540283203125,
            1505.969970703125,
            725.7127075195312
        ],
        [
            1489.0084228515625,
            614.9725952148438,
            1516.847900390625,
            651.6502685546875
        ],
        [
            1523.8890380859375,
            623.9038696289062,
            1542.2022705078125,
            649.5169677734375
        ]
    ],
    "scores": [
        0.833191454410553,
        0.7706400156021118,
        0.763279378414154,
        0.43769851326942444,
        0.11444704234600067,
        0.06913317739963531
    ]
}