{
    "predicted_boxes": [
        [
            1124.3223876953125,
            636.331298828125,
            1156.560546875,
            656.572021484375
        ],
        [
            1105.56103515625,
            578.9121704101562,
            1173.4200439453125,
            637.7135009765625
        ],
        [
            1374.3448486328125,
            627.9310302734375,
            1391.8111572265625,
            683.9973754882812
        ],
        [
            0.0,
            631.6668701171875,
            200.29017639160156,
            723.6436767578125
        ],
        [
            1225.479736328125,
            57.13271713256836,
            1281.459228515625,
            103.19310760498047
        ],
        [
            1062.3529052734375,
            657.3773803710938,
            1077.3753662109375,
            671.9595336914062
        ],
        [
            1772.114990234375,
            309.5999755859375,
            1845.4034423828125,
            468.9488830566406
        ],
        [
            0.0,
            632.662841796875,
            194.70419311523438,
            675.6571044921875
        ]
    ],
    "scores": [
        0.9972037076950073,
        0.9885293841362,
        0.987722635269165,
        0.9861132502555847,
        0.968909502029419,
        0.6025848388671875,
        0.4576181173324585,
        0.08620132505893707
    ]
}