{
    "predicted_boxes": [
        [
            1188.419921875,
            622.776123046875,
            1261.2310791015625,
            677.8095092773438
        ],
        [
            208.6481475830078,
            617.9395141601562,
            280.9002685546875,
            674.3497314453125
        ],
        [
            815.3982543945312,
            739.494140625,
            821.3460693359375,
            755.2554931640625
        ],
        [
            815.0277099609375,
            738.5361328125,
            822.3598022460938,
            747.610595703125
        ],
        [
            814.4800415039062,
            751.0462036132812,
            820.15087890625,
            761.8023681640625
        ]
    ],
    "scores": [
        0.9955756664276123,
        0.9931055903434753,
        0.13151764869689941,
        0.11063361912965775,
        0.05001790076494217
    ]
}