{
    "predicted_boxes": [
        [
            1122.46240234375,
            664.2353515625,
            1159.75830078125,
            683.684326171875
        ],
        [
            1108.2781982421875,
            607.0753173828125,
            1176.475830078125,
            664.0726318359375
        ],
        [
            1234.24658203125,
            31.60003662109375,
            1292.4949951171875,
            76.70286560058594
        ],
        [
            0.2609246075153351,
            655.4637451171875,
            185.66754150390625,
            766.2227172851562
        ],
        [
            1383.6077880859375,
            657.5806274414062,
            1399.88525390625,
            710.8690795898438
        ],
        [
            1062.8355712890625,
            683.50537109375,
            1077.8055419921875,
            700.4847412109375
        ],
        [
            1063.2958984375,
            690.6829223632812,
            1078.875244140625,
            712.9650268554688
        ],
        [
            6.992887020111084,
            660.1790161132812,
            182.83143615722656,
            718.1370849609375
        ],
        [
            1064.3455810546875,
            710.1726684570312,
            1078.879638671875,
            725.4566650390625
        ],
        [
            1812.744873046875,
            322.8824157714844,
            1892.1917724609375,
            481.1018981933594
        ],
        [
            1112.295166015625,
            719.80078125,
            1118.988037109375,
            732.5056762695312
        ],
        [
            1065.45849609375,
            700.552001953125,
            1078.257080078125,
            720.9461669921875
        ],
        [
            1066.23193359375,
            714.1558837890625,
            1076.3076171875,
            726.2426147460938
        ],
        [
            96.65455627441406,
            878.7952270507812,
            106.68302917480469,
            891.8589477539062
        ],
        [
            1237.2950439453125,
            678.6404418945312,
            1254.9864501953125,
            703.0059814453125
        ],
        [
            1053.882080078125,
            715.75341796875,
            1063.918212890625,
            728.0501098632812
        ]
    ],
    "scores": [
        0.9973489046096802,
        0.9933063387870789,
        0.9923182725906372,
        0.9550014734268188,
        0.9395439028739929,
        0.789379358291626,
        0.6605197787284851,
        0.6533936262130737,
        0.5960800051689148,
        0.4715462327003479,
        0.42418909072875977,
        0.34177297353744507,
        0.2865981459617615,
        0.27144068479537964,
        0.15418274700641632,
        0.05275856330990791
    ]
}