{
    "predicted_boxes": [
        [
            1578.0887451171875,
            636.2045288085938,
            1636.721435546875,
            680.3516845703125
        ],
        [
            1129.080322265625,
            677.4189453125,
            1237.5567626953125,
            733.3043212890625
        ],
        [
            0.7174217700958252,
            901.0811767578125,
            29.59234046936035,
            933.9537353515625
        ]
    ],
    "scores": [
        0.9949542880058289,
        0.4796976149082184,
        0.23540866374969482
    ]
}