{
    "predicted_boxes": [
        [
            1204.5518798828125,
            604.0712280273438,
            1266.9481201171875,
            662.3868408203125
        ],
        [
            221.6054229736328,
            601.313720703125,
            298.5209655761719,
            656.2596435546875
        ],
        [
            1039.953125,
            717.9110107421875,
            1046.5294189453125,
            731.642333984375
        ]
    ],
    "scores": [
        0.9946774244308472,
        0.9938217401504517,
        0.3057239055633545
    ]
}