{
    "predicted_boxes": [
        [
            1351.0965576171875,
            656.8628540039062,
            1441.0911865234375,
            721.8355102539062
        ],
        [
            1471.9017333984375,
            58.83152770996094,
            1511.303466796875,
            98.95526885986328
        ],
        [
            1897.849365234375,
            129.9085235595703,
            1903.63818359375,
            145.59805297851562
        ]
    ],
    "scores": [
        0.9947669506072998,
        0.9362612962722778,
        0.09476274996995926
    ]
}