{
    "predicted_boxes": [
        [
            772.9400024414062,
            337.7935791015625,
            814.718505859375,
            372.8319396972656
        ],
        [
            1041.9896240234375,
            326.06488037109375,
            1079.9609375,
            361.2014465332031
        ],
        [
            442.53094482421875,
            756.5286254882812,
            452.0445861816406,
            774.8370971679688
        ]
    ],
    "scores": [
        0.8632320165634155,
        0.7835283279418945,
        0.19030970335006714
    ]
}