{
    "predicted_boxes": [
        [
            1138.4345703125,
            678.2047729492188,
            1195.2239990234375,
            724.9332275390625
        ],
        [
            323.09027099609375,
            674.7175903320312,
            384.486083984375,
            720.4573364257812
        ],
        [
            1205.4493408203125,
            793.639404296875,
            1221.5308837890625,
            812.2722778320312
        ],
        [
            1044.0052490234375,
            799.3971557617188,
            1049.2933349609375,
            814.1419677734375
        ],
        [
            1041.875,
            779.3003540039062,
            1046.8328857421875,
            800.0137329101562
        ],
        [
            1042.4288330078125,
            798.4190063476562,
            1047.5552978515625,
            813.1497802734375
        ],
        [
            541.27001953125,
            778.3621215820312,
            548.2573852539062,
            800.5418701171875
        ],
        [
            1042.114013671875,
            780.2021484375,
            1048.4097900390625,
            808.4754028320312
        ]
    ],
    "scores": [
        0.9950270056724548,
        0.994138240814209,
        0.4920973777770996,
        0.20176905393600464,
        0.1567540019750595,
        0.09919659048318863,
        0.09488844126462936,
        0.05393977463245392
    ]
}