{
    "predicted_boxes": [
        [
            475.5368957519531,
            675.9693603515625,
            495.5679626464844,
            696.3101806640625
        ],
        [
            1002.2526245117188,
            195.14373779296875,
            1048.825927734375,
            239.793212890625
        ]
    ],
    "scores": [
        0.9818131923675537,
        0.8956149220466614
    ]
}