{
    "predicted_boxes": [
        [
            1410.9384765625,
            23.17976188659668,
            1472.6790771484375,
            76.71815490722656
        ],
        [
            899.3863525390625,
            408.206787109375,
            935.621826171875,
            435.5550842285156
        ]
    ],
    "scores": [
        0.998407781124115,
        0.9252427816390991
    ]
}