{
    "predicted_boxes": [
        [
            969.8734741210938,
            435.15631103515625,
            1043.7926025390625,
            581.8265380859375
        ]
    ],
    "scores": [
        0.9987970590591431
    ]
}