{
    "predicted_boxes": [
        [
            1779.76318359375,
            82.4852066040039,
            1807.8638916015625,
            105.26290130615234
        ]
    ],
    "scores": [
        0.12932774424552917
    ]
}