{
    "predicted_boxes": [
        [
            840.9642944335938,
            777.7945556640625,
            868.4408569335938,
            798.1502685546875
        ],
        [
            473.0533142089844,
            777.4006958007812,
            483.6576843261719,
            795.5542602539062
        ],
        [
            912.6181640625,
            763.234375,
            975.9337158203125,
            779.3880615234375
        ],
        [
            838.7174072265625,
            749.0984497070312,
            871.2080078125,
            774.7474975585938
        ],
        [
            1216.7154541015625,
            724.54052734375,
            1250.40478515625,
            755.8236694335938
        ],
        [
            1357.54638671875,
            779.9718627929688,
            1373.91064453125,
            796.58544921875
        ]
    ],
    "scores": [
        0.9773463606834412,
        0.5522258877754211,
        0.16701184213161469,
        0.1343388855457306,
        0.10721968859434128,
        0.07605347037315369
    ]
}