{
    "predicted_boxes": [
        [
            691.8189697265625,
            788.9403686523438,
            725.6783447265625,
            814.9434204101562
        ],
        [
            692.6493530273438,
            758.5197143554688,
            724.0198974609375,
            784.6941528320312
        ],
        [
            1160.2755126953125,
            757.51513671875,
            1188.8267822265625,
            784.7667846679688
        ],
        [
            889.7593994140625,
            745.8251953125,
            912.8904418945312,
            763.6427612304688
        ],
        [
            687.3693237304688,
            724.945068359375,
            729.7220458984375,
            762.8814086914062
        ],
        [
            688.2024536132812,
            732.021484375,
            727.580322265625,
            784.278076171875
        ],
        [
            805.089111328125,
            766.1654052734375,
            867.3744506835938,
            782.917236328125
        ],
        [
            1159.357666015625,
            788.1661987304688,
            1184.628662109375,
            813.071044921875
        ],
        [
            1156.37158203125,
            723.3712158203125,
            1198.1317138671875,
            757.9568481445312
        ],
        [
            1117.7904052734375,
            767.0057373046875,
            1157.1304931640625,
            779.2752685546875
        ],
        [
            1078.6134033203125,
            736.5441284179688,
            1094.8582763671875,
            749.8523559570312
        ],
        [
            807.1795043945312,
            766.8705444335938,
            861.523193359375,
            776.3157348632812
        ],
        [
            1156.6746826171875,
            738.9483642578125,
            1196.6566162109375,
            782.7675170898438
        ],
        [
            839.5185546875,
            767.1292724609375,
            862.2246704101562,
            784.6201782226562
        ],
        [
            787.51513671875,
            806.9136962890625,
            793.030029296875,
            819.1052856445312
        ],
        [
            872.6700439453125,
            763.4207153320312,
            888.5130004882812,
            777.785888671875
        ]
    ],
    "scores": [
        0.9981385469436646,
        0.9806929230690002,
        0.976568341255188,
        0.9021385908126831,
        0.8334301114082336,
        0.8160528540611267,
        0.7352994680404663,
        0.629210352897644,
        0.5769737958908081,
        0.37680262327194214,
        0.24012093245983124,
        0.19137564301490784,
        0.19084767997264862,
        0.13822683691978455,
        0.10926686227321625,
        0.10172484815120697
    ]
}