{
    "predicted_boxes": [
        [
            1155.3553466796875,
            617.2135009765625,
            1548.8446044921875,
            739.225830078125
        ],
        [
            1124.257568359375,
            740.0541381835938,
            1513.3927001953125,
            818.76513671875
        ],
        [
            1152.6336669921875,
            679.9793090820312,
            1546.06005859375,
            750.5167846679688
        ],
        [
            1149.57177734375,
            663.1470947265625,
            1532.9212646484375,
            808.38232421875
        ],
        [
            1244.915283203125,
            627.5138549804688,
            1271.4954833984375,
            662.4994506835938
        ],
        [
            1383.0,
            635.18212890625,
            1406.6678466796875,
            667.3208618164062
        ],
        [
            1233.542236328125,
            695.9002685546875,
            1262.070556640625,
            726.8742065429688
        ],
        [
            1247.8111572265625,
            758.7068481445312,
            1273.20361328125,
            791.9657592773438
        ]
    ],
    "scores": [
        0.9253783226013184,
        0.8514919281005859,
        0.22512254118919373,
        0.1584469974040985,
        0.14733316004276276,
        0.11919331550598145,
        0.08132386952638626,
        0.0532895028591156
    ]
}