{
    "predicted_boxes": [
        [
            1208.6109619140625,
            723.0880126953125,
            1226.8055419921875,
            768.9672241210938
        ]
    ],
    "scores": [
        0.1877691149711609
    ]
}