{
    "predicted_boxes": [
        [
            1136.8851318359375,
            650.31591796875,
            1484.10009765625,
            720.2218017578125
        ],
        [
            1123.0465087890625,
            677.3888549804688,
            1485.6661376953125,
            772.078125
        ],
        [
            1105.0902099609375,
            762.1024169921875,
            1456.614013671875,
            831.0957641601562
        ],
        [
            1201.202880859375,
            727.5939331054688,
            1225.552734375,
            754.232177734375
        ],
        [
            1337.31494140625,
            673.6902465820312,
            1358.484130859375,
            701.2942504882812
        ],
        [
            1302.40673828125,
            672.2723388671875,
            1322.673095703125,
            697.1121826171875
        ],
        [
            1138.3768310546875,
            633.7666015625,
            1477.2821044921875,
            820.8716430664062
        ],
        [
            1259.693603515625,
            673.0703125,
            1276.6676025390625,
            696.3072509765625
        ],
        [
            1212.4154052734375,
            787.2734375,
            1233.985107421875,
            818.01318359375
        ],
        [
            1283.29345703125,
            671.4912719726562,
            1296.0709228515625,
            696.15283203125
        ],
        [
            1214.1204833984375,
            666.232177734375,
            1235.0712890625,
            696.7957153320312
        ]
    ],
    "scores": [
        0.9504660367965698,
        0.8114211559295654,
        0.7500060796737671,
        0.39649882912635803,
        0.20354171097278595,
        0.1916031688451767,
        0.13379117846488953,
        0.06416981667280197,
        0.05470788851380348,
        0.051871009171009064,
        0.05000435188412666
    ]
}