{
    "predicted_boxes": [
        [
            1007.7714233398438,
            634.949951171875,
            1023.9390869140625,
            654.908203125
        ]
    ],
    "scores": [
        0.4171157777309418
    ]
}