{
    "predicted_boxes": [
        [
            1121.7811279296875,
            432.09490966796875,
            1149.485595703125,
            457.1822814941406
        ],
        [
            923.9161987304688,
            431.7472839355469,
            959.4041748046875,
            457.626220703125
        ],
        [
            1876.5439453125,
            712.293212890625,
            1885.13330078125,
            726.0845336914062
        ]
    ],
    "scores": [
        0.9784113168716431,
        0.6499857306480408,
        0.36220788955688477
    ]
}