{
    "predicted_boxes": [
        [
            1360.0970458984375,
            519.8768920898438,
            1476.146484375,
            613.6683959960938
        ],
        [
            1601.334228515625,
            128.2250518798828,
            1665.3953857421875,
            146.21432495117188
        ],
        [
            1601.8564453125,
            132.69761657714844,
            1665.29833984375,
            164.14759826660156
        ],
        [
            15.12468147277832,
            632.415771484375,
            380.6558532714844,
            777.3909301757812
        ]
    ],
    "scores": [
        0.9986339211463928,
        0.12710809707641602,
        0.06714653223752975,
        0.055366743355989456
    ]
}