{
    "predicted_boxes": [
        [
            1086.1190185546875,
            744.9762573242188,
            1111.70458984375,
            780.5302734375
        ],
        [
            1859.6839599609375,
            215.42984008789062,
            1920.0,
            323.3187255859375
        ]
    ],
    "scores": [
        0.07498878240585327,
        0.05260366201400757
    ]
}