{
    "predicted_boxes": [
        [
            1512.2589111328125,
            560.0974731445312,
            1698.5059814453125,
            702.8396606445312
        ],
        [
            1646.01416015625,
            85.64517974853516,
            1676.4927978515625,
            115.39932250976562
        ]
    ],
    "scores": [
        0.9885787963867188,
        0.35035786032676697
    ]
}