{
    "predicted_boxes": [
        [
            1874.2928466796875,
            81.33834838867188,
            1901.190185546875,
            103.86717987060547
        ]
    ],
    "scores": [
        0.3467237055301666
    ]
}