{
    "predicted_boxes": [
        [
            613.7112426757812,
            626.97900390625,
            665.1672973632812,
            669.8809814453125
        ],
        [
            638.3893432617188,
            442.693359375,
            665.3594970703125,
            469.3211364746094
        ]
    ],
    "scores": [
        0.968893826007843,
        0.8717464804649353
    ]
}