{
    "predicted_boxes": [
        [
            1507.803955078125,
            619.5936889648438,
            1577.0435791015625,
            673.8561401367188
        ],
        [
            958.98291015625,
            677.3023681640625,
            1090.7698974609375,
            736.3875732421875
        ],
        [
            966.3192138671875,
            692.0259399414062,
            1086.593017578125,
            722.6002807617188
        ],
        [
            975.1495361328125,
            719.8782348632812,
            1061.9197998046875,
            737.1648559570312
        ],
        [
            13.250670433044434,
            661.59033203125,
            315.87359619140625,
            764.9268188476562
        ],
        [
            1018.5846557617188,
            720.915283203125,
            1046.1080322265625,
            734.7642211914062
        ]
    ],
    "scores": [
        0.9989649057388306,
        0.9484254717826843,
        0.4588591456413269,
        0.09888390451669693,
        0.07688511162996292,
        0.07534728199243546
    ]
}