{
    "predicted_boxes": [
        [
            1657.78955078125,
            661.50341796875,
            1915.6783447265625,
            727.6812744140625
        ],
        [
            1091.7674560546875,
            606.2821655273438,
            1151.27001953125,
            657.1185913085938
        ],
        [
            1105.6036376953125,
            657.5855102539062,
            1134.86572265625,
            672.2687377929688
        ],
        [
            1307.019287109375,
            582.8467407226562,
            1350.7552490234375,
            632.9879150390625
        ],
        [
            119.20325469970703,
            649.9938354492188,
            331.5612487792969,
            703.6900024414062
        ],
        [
            1315.6094970703125,
            651.671875,
            1324.580322265625,
            697.1043701171875
        ],
        [
            1509.601806640625,
            451.94464111328125,
            1555.544921875,
            548.1351318359375
        ],
        [
            1046.9041748046875,
            706.5240478515625,
            1057.456787109375,
            729.2498779296875
        ],
        [
            1308.9781494140625,
            583.890869140625,
            1345.9259033203125,
            603.3110961914062
        ],
        [
            1841.4744873046875,
            661.7866821289062,
            1917.256591796875,
            722.9961547851562
        ],
        [
            1056.4259033203125,
            671.0985717773438,
            1073.996826171875,
            685.736328125
        ],
        [
            1725.1893310546875,
            668.1602172851562,
            1804.769287109375,
            720.9277954101562
        ],
        [
            1045.9764404296875,
            712.8052978515625,
            1054.1226806640625,
            730.2318725585938
        ],
        [
            1772.3984375,
            671.5899047851562,
            1804.0546875,
            719.2393798828125
        ]
    ],
    "scores": [
        0.9996238946914673,
        0.9944520592689514,
        0.9931322932243347,
        0.9699928760528564,
        0.9397974014282227,
        0.8116459250450134,
        0.7053603529930115,
        0.3502236008644104,
        0.17050646245479584,
        0.13507823646068573,
        0.1186094880104065,
        0.1154216080904007,
        0.05727643892168999,
        0.05712810903787613
    ]
}