{
    "predicted_boxes": [
        [
            1487.3629150390625,
            104.8106918334961,
            1521.46142578125,
            131.0189208984375
        ]
    ],
    "scores": [
        0.07796356827020645
    ]
}