{
    "predicted_boxes": [
        [
            1038.7808837890625,
            606.0792236328125,
            1067.5135498046875,
            635.2617797851562
        ],
        [
            687.1152954101562,
            639.4813232421875,
            754.2051391601562,
            667.6441040039062
        ],
        [
            653.8390502929688,
            594.4683837890625,
            704.4534301757812,
            638.6668090820312
        ],
        [
            1147.3582763671875,
            653.4249877929688,
            1241.4737548828125,
            669.2070922851562
        ],
        [
            666.243408203125,
            637.79150390625,
            693.4268798828125,
            655.5977172851562
        ],
        [
            1228.053466796875,
            145.39907836914062,
            1244.446533203125,
            163.34954833984375
        ],
        [
            357.8069763183594,
            733.2767944335938,
            372.239990234375,
            758.9482421875
        ],
        [
            1172.8463134765625,
            654.5408325195312,
            1225.750244140625,
            667.3367309570312
        ],
        [
            1043.8658447265625,
            631.8289184570312,
            1060.5679931640625,
            643.5679321289062
        ],
        [
            357.6019592285156,
            769.510986328125,
            373.1643371582031,
            805.7052612304688
        ],
        [
            676.4166870117188,
            651.118896484375,
            694.3790283203125,
            666.203369140625
        ],
        [
            667.8358154296875,
            637.0322265625,
            704.281494140625,
            669.01318359375
        ]
    ],
    "scores": [
        0.9896669387817383,
        0.9851698279380798,
        0.96409010887146,
        0.951789379119873,
        0.5530626177787781,
        0.3462287187576294,
        0.19582892954349518,
        0.09698740392923355,
        0.07007831335067749,
        0.06999940425157547,
        0.06068851426243782,
        0.05951264500617981
    ]
}