{
    "predicted_boxes": [
        [
            473.0709533691406,
            591.2252197265625,
            761.7500610351562,
            682.7744140625
        ],
        [
            455.6371765136719,
            608.9125366210938,
            754.4459228515625,
            741.0682983398438
        ],
        [
            465.2496337890625,
            684.4041748046875,
            742.3449096679688,
            733.1640014648438
        ],
        [
            483.9900817871094,
            591.7839965820312,
            730.8827514648438,
            640.258056640625
        ],
        [
            466.0434265136719,
            636.944091796875,
            767.6006469726562,
            691.02880859375
        ],
        [
            539.9529418945312,
            602.2871704101562,
            559.1885375976562,
            625.748291015625
        ]
    ],
    "scores": [
        0.9853090643882751,
        0.44991180300712585,
        0.22579653561115265,
        0.21454700827598572,
        0.09750959277153015,
        0.06967635452747345
    ]
}