{
    "predicted_boxes": [
        [
            483.54486083984375,
            642.3036499023438,
            532.0542602539062,
            680.8878784179688
        ],
        [
            1114.734130859375,
            640.35791015625,
            1167.6318359375,
            676.7132568359375
        ]
    ],
    "scores": [
        0.9941755533218384,
        0.9890058040618896
    ]
}