{
    "predicted_boxes": [
        [
            1466.3065185546875,
            86.17687225341797,
            1498.8468017578125,
            118.15364837646484
        ]
    ],
    "scores": [
        0.9925025701522827
    ]
}