{
    "predicted_boxes": [
        [
            1709.22265625,
            654.7662353515625,
            1917.5548095703125,
            720.9935913085938
        ],
        [
            1111.5164794921875,
            648.6067504882812,
            1141.251708984375,
            664.4469604492188
        ],
        [
            1094.1160888671875,
            595.6478881835938,
            1156.7572021484375,
            649.8419189453125
        ],
        [
            1323.988525390625,
            643.9618530273438,
            1337.295166015625,
            691.3583984375
        ],
        [
            1550.84912109375,
            426.0900573730469,
            1599.1873779296875,
            533.8041381835938
        ],
        [
            1060.27392578125,
            664.2835083007812,
            1074.548828125,
            688.5054931640625
        ],
        [
            1777.786865234375,
            664.8316650390625,
            1862.820556640625,
            713.7236328125
        ],
        [
            1705.2618408203125,
            656.8956298828125,
            1917.6983642578125,
            790.265869140625
        ],
        [
            1061.4364013671875,
            663.4534301757812,
            1073.38232421875,
            678.6041870117188
        ]
    ],
    "scores": [
        0.9976125955581665,
        0.9645292162895203,
        0.944948136806488,
        0.9418882131576538,
        0.8510079979896545,
        0.31316912174224854,
        0.12290424108505249,
        0.07638859003782272,
        0.058947913348674774
    ]
}