{
    "predicted_boxes": [
        [
            1122.582763671875,
            663.0938110351562,
            1159.554931640625,
            682.38134765625
        ],
        [
            1233.4051513671875,
            30.86286735534668,
            1292.3880615234375,
            78.47562408447266
        ],
        [
            1108.7091064453125,
            605.552734375,
            1174.378662109375,
            663.7647094726562
        ],
        [
            0.0851818174123764,
            654.466796875,
            181.7423553466797,
            759.464599609375
        ],
        [
            1383.197509765625,
            654.3300170898438,
            1401.4375,
            710.184326171875
        ],
        [
            96.55113220214844,
            878.452392578125,
            107.951904296875,
            893.265380859375
        ],
        [
            1814.380859375,
            323.3470458984375,
            1891.7333984375,
            481.6936950683594
        ],
        [
            2.3179914951324463,
            659.658203125,
            179.9796600341797,
            702.3428955078125
        ],
        [
            1062.42138671875,
            683.5636596679688,
            1078.564697265625,
            700.301025390625
        ],
        [
            1054.2723388671875,
            719.9042358398438,
            1062.4925537109375,
            744.6729125976562
        ],
        [
            1065.7908935546875,
            709.9381713867188,
            1078.179931640625,
            724.081298828125
        ],
        [
            1111.977294921875,
            717.6891479492188,
            1118.3389892578125,
            733.3284301757812
        ],
        [
            1070.8118896484375,
            712.5770874023438,
            1079.6614990234375,
            726.2553100585938
        ]
    ],
    "scores": [
        0.9970934391021729,
        0.9961079955101013,
        0.9909501671791077,
        0.989244818687439,
        0.9713208079338074,
        0.9369689226150513,
        0.6036503314971924,
        0.5073604583740234,
        0.27761200070381165,
        0.25887465476989746,
        0.16027721762657166,
        0.14915317296981812,
        0.05321403965353966
    ]
}