{
    "predicted_boxes": [
        [
            466.7214660644531,
            725.1095581054688,
            511.6508483886719,
            760.6953125
        ],
        [
            1102.6923828125,
            720.4637451171875,
            1145.9986572265625,
            763.111572265625
        ],
        [
            1031.0084228515625,
            810.1442260742188,
            1037.8179931640625,
            826.7291870117188
        ],
        [
            583.0759887695312,
            810.2960205078125,
            588.167236328125,
            829.025390625
        ],
        [
            1030.9512939453125,
            809.0625,
            1038.511962890625,
            819.1908569335938
        ],
        [
            387.3576965332031,
            812.2561645507812,
            400.12744140625,
            830.4361572265625
        ]
    ],
    "scores": [
        0.9908900856971741,
        0.9773805737495422,
        0.26363420486450195,
        0.08552729338407516,
        0.06322422623634338,
        0.058378517627716064
    ]
}