{
    "predicted_boxes": [
        [
            479.83758544921875,
            643.8402709960938,
            526.674072265625,
            681.6116943359375
        ],
        [
            304.7308654785156,
            477.03240966796875,
            336.5706787109375,
            502.2078857421875
        ]
    ],
    "scores": [
        0.989664614200592,
        0.2746017575263977
    ]
}