{
    "predicted_boxes": [
        [
            1035.3116455078125,
            559.6377563476562,
            1137.787109375,
            648.7427978515625
        ],
        [
            965.4375610351562,
            696.8074951171875,
            1014.345947265625,
            735.57080078125
        ],
        [
            1064.5609130859375,
            649.7554931640625,
            1114.9697265625,
            679.1297607421875
        ],
        [
            774.3988037109375,
            27.802949905395508,
            824.415283203125,
            72.4305648803711
        ]
    ],
    "scores": [
        0.9975050091743469,
        0.9973740577697754,
        0.9958517551422119,
        0.9821022748947144
    ]
}