{
    "predicted_boxes": [
        [
            218.8965301513672,
            671.9657592773438,
            252.85360717773438,
            701.5960083007812
        ],
        [
            717.1846313476562,
            262.2797546386719,
            765.3331909179688,
            288.30828857421875
        ]
    ],
    "scores": [
        0.9674428701400757,
        0.10051030665636063
    ]
}