{
    "predicted_boxes": [
        [
            315.6922912597656,
            421.5079650878906,
            347.5587463378906,
            447.3621520996094
        ],
        [
            0.0,
            294.86431884765625,
            11.590991020202637,
            322.0379333496094
        ],
        [
            1249.642333984375,
            135.92446899414062,
            1263.30859375,
            161.5670166015625
        ],
        [
            1249.1470947265625,
            134.33265686035156,
            1262.581298828125,
            150.04208374023438
        ]
    ],
    "scores": [
        0.5981084108352661,
        0.4531566798686981,
        0.41706380248069763,
        0.11791332066059113
    ]
}