{
    "predicted_boxes": [
        [
            201.1518096923828,
            602.2736206054688,
            280.4678955078125,
            661.714111328125
        ],
        [
            1194.8504638671875,
            596.011474609375,
            1276.74560546875,
            658.1643676757812
        ],
        [
            456.3995361328125,
            413.1658630371094,
            485.5450439453125,
            440.200927734375
        ]
    ],
    "scores": [
        0.9970109462738037,
        0.9969974756240845,
        0.7186346054077148
    ]
}