{
    "predicted_boxes": [
        [
            360.5576171875,
            610.4276733398438,
            689.2008666992188,
            680.1790161132812
        ],
        [
            357.48614501953125,
            610.5991821289062,
            686.4271240234375,
            748.1205444335938
        ],
        [
            343.0512390136719,
            709.8486328125,
            666.3764038085938,
            776.664306640625
        ],
        [
            443.10992431640625,
            622.2097778320312,
            465.2951965332031,
            649.1299438476562
        ],
        [
            488.49639892578125,
            627.6767578125,
            504.9119567871094,
            650.5502319335938
        ],
        [
            466.5284729003906,
            628.0647583007812,
            485.25421142578125,
            650.2572021484375
        ],
        [
            529.7103271484375,
            628.2009887695312,
            548.2457275390625,
            652.124755859375
        ],
        [
            431.61273193359375,
            681.6861572265625,
            453.507080078125,
            706.6524658203125
        ]
    ],
    "scores": [
        0.8489569425582886,
        0.7325535416603088,
        0.2987768352031708,
        0.2812345027923584,
        0.1444692611694336,
        0.1087612584233284,
        0.09650944918394089,
        0.06501553952693939
    ]
}