{
    "predicted_boxes": [
        [
            571.9737548828125,
            596.0918579101562,
            592.2180786132812,
            634.98193359375
        ],
        [
            1902.534912109375,
            82.73648834228516,
            1920.0,
            102.74595642089844
        ]
    ],
    "scores": [
        0.9283074140548706,
        0.07130679488182068
    ]
}