{
    "predicted_boxes": [
        [
            915.529296875,
            343.7286376953125,
            952.0955200195312,
            381.1186218261719
        ],
        [
            645.6533813476562,
            339.6553955078125,
            692.1348876953125,
            377.5223693847656
        ],
        [
            1108.6556396484375,
            183.60548400878906,
            1125.8160400390625,
            210.2555694580078
        ]
    ],
    "scores": [
        0.9761573076248169,
        0.8021308779716492,
        0.5344453454017639
    ]
}