{
    "predicted_boxes": [
        [
            1345.5069580078125,
            51.792118072509766,
            1414.178466796875,
            107.96979522705078
        ],
        [
            1361.2662353515625,
            106.26268768310547,
            1395.039794921875,
            127.1025619506836
        ]
    ],
    "scores": [
        0.9967871904373169,
        0.9880147576332092
    ]
}