{
    "predicted_boxes": [
        [
            320.19219970703125,
            427.0350646972656,
            351.4744873046875,
            454.44244384765625
        ],
        [
            520.8037109375,
            426.64361572265625,
            551.6627807617188,
            453.2156982421875
        ],
        [
            1245.94677734375,
            134.83419799804688,
            1259.260986328125,
            157.62579345703125
        ],
        [
            1248.481689453125,
            160.99066162109375,
            1258.1341552734375,
            175.083740234375
        ],
        [
            1246.2169189453125,
            158.51979064941406,
            1260.7965087890625,
            177.22764587402344
        ]
    ],
    "scores": [
        0.9751306176185608,
        0.8664072751998901,
        0.526738166809082,
        0.12427656352519989,
        0.08417825400829315
    ]
}