{
    "predicted_boxes": [
        [
            1364.5172119140625,
            520.90966796875,
            1497.2425537109375,
            629.4010620117188
        ],
        [
            1395.4234619140625,
            634.7544555664062,
            1462.4031982421875,
            670.2830200195312
        ],
        [
            1284.0191650390625,
            28.15634536743164,
            1333.1435546875,
            71.29898071289062
        ],
        [
            1872.237060546875,
            75.80655670166016,
            1886.0675048828125,
            110.8458251953125
        ],
        [
            1246.125244140625,
            694.2843017578125,
            1308.12841796875,
            743.389404296875
        ],
        [
            1869.7860107421875,
            74.2549819946289,
            1889.016357421875,
            129.02427673339844
        ],
        [
            1872.028564453125,
            92.71443939208984,
            1886.0938720703125,
            126.95963287353516
        ]
    ],
    "scores": [
        0.9978348612785339,
        0.9959130883216858,
        0.9869142174720764,
        0.9587007164955139,
        0.7849659323692322,
        0.1795245260000229,
        0.062202755361795425
    ]
}