{
    "predicted_boxes": [
        [
            1522.74951171875,
            616.5005493164062,
            1592.4100341796875,
            673.774658203125
        ],
        [
            956.3623657226562,
            673.814208984375,
            1089.009033203125,
            733.7999877929688
        ],
        [
            950.3590698242188,
            717.3630981445312,
            1080.7078857421875,
            737.79345703125
        ],
        [
            991.5328369140625,
            720.3573608398438,
            1028.9619140625,
            733.9945678710938
        ],
        [
            971.8573608398438,
            675.9654541015625,
            1064.95556640625,
            701.8587036132812
        ],
        [
            968.572509765625,
            690.3450927734375,
            1070.5067138671875,
            722.0820922851562
        ],
        [
            1011.0416259765625,
            721.344970703125,
            1047.028076171875,
            733.03515625
        ]
    ],
    "scores": [
        0.9989728927612305,
        0.9872511625289917,
        0.5260344743728638,
        0.32727593183517456,
        0.1606569141149521,
        0.11288333684206009,
        0.06677966564893723
    ]
}