{
    "predicted_boxes": [
        [
            519.9091796875,
            676.204833984375,
            540.7085571289062,
            695.8926391601562
        ]
    ],
    "scores": [
        0.5250949263572693
    ]
}