{
    "predicted_boxes": [
        [
            1409.6412353515625,
            65.80233001708984,
            1447.8814697265625,
            98.5130386352539
        ]
    ],
    "scores": [
        0.9765759706497192
    ]
}