{
    "predicted_boxes": [
        [
            1122.444091796875,
            664.2560424804688,
            1159.7540283203125,
            683.6798706054688
        ],
        [
            1108.3289794921875,
            607.134765625,
            1176.4530029296875,
            663.9791870117188
        ],
        [
            1234.2308349609375,
            31.60085105895996,
            1292.5008544921875,
            76.68370056152344
        ],
        [
            0.0,
            654.3663330078125,
            181.1868896484375,
            761.38720703125
        ],
        [
            1383.5887451171875,
            657.5779418945312,
            1399.8963623046875,
            710.9308471679688
        ],
        [
            1063.5714111328125,
            682.9852294921875,
            1077.0760498046875,
            697.1961059570312
        ],
        [
            1062.697265625,
            691.263671875,
            1079.2635498046875,
            714.1901245117188
        ],
        [
            1065.12841796875,
            700.61376953125,
            1078.9761962890625,
            722.5750122070312
        ],
        [
            1066.0623779296875,
            711.137939453125,
            1077.440185546875,
            724.0181274414062
        ],
        [
            1812.7109375,
            322.9032287597656,
            1892.0966796875,
            481.06304931640625
        ],
        [
            3.134732723236084,
            659.6849975585938,
            179.4608917236328,
            706.69873046875
        ],
        [
            1112.1136474609375,
            719.7261962890625,
            1118.80859375,
            732.4247436523438
        ],
        [
            1065.81005859375,
            716.8430786132812,
            1078.380126953125,
            728.054931640625
        ],
        [
            1237.304931640625,
            678.6852416992188,
            1254.989990234375,
            703.2363891601562
        ],
        [
            96.93744659423828,
            878.0941162109375,
            107.01561737060547,
            892.3500366210938
        ],
        [
            1063.7735595703125,
            686.4429321289062,
            1077.08984375,
            707.04443359375
        ]
    ],
    "scores": [
        0.9974172115325928,
        0.9932015538215637,
        0.9923014640808105,
        0.9917734265327454,
        0.944146454334259,
        0.9009774327278137,
        0.7846645712852478,
        0.6241272687911987,
        0.5305376052856445,
        0.4693087637424469,
        0.46805647015571594,
        0.4224483370780945,
        0.3906179368495941,
        0.14158713817596436,
        0.13737453520298004,
        0.10389680415391922
    ]
}