{
    "predicted_boxes": [
        [
            1128.7142333984375,
            654.2760009765625,
            1217.81103515625,
            670.0167846679688
        ],
        [
            702.5261840820312,
            651.962646484375,
            773.9080810546875,
            669.7941284179688
        ],
        [
            1033.765869140625,
            611.2462158203125,
            1060.2205810546875,
            635.6400146484375
        ],
        [
            693.6071166992188,
            606.4705200195312,
            737.3782958984375,
            645.2432250976562
        ],
        [
            1094.4700927734375,
            637.8807983398438,
            1103.7401123046875,
            651.5182495117188
        ],
        [
            1088.6650390625,
            612.8671875,
            1098.163330078125,
            632.7289428710938
        ],
        [
            701.3923950195312,
            648.156982421875,
            769.3302001953125,
            662.6664428710938
        ]
    ],
    "scores": [
        0.9827991127967834,
        0.7896538972854614,
        0.7884405255317688,
        0.6494042277336121,
        0.12280924618244171,
        0.09802203625440598,
        0.057201698422431946
    ]
}