{
    "predicted_boxes": [
        [
            921.230712890625,
            428.6837463378906,
            957.2068481445312,
            456.17047119140625
        ]
    ],
    "scores": [
        0.7657751441001892
    ]
}