{
    "predicted_boxes": [
        [
            1490.1519775390625,
            468.087890625,
            1629.048583984375,
            571.5040893554688
        ],
        [
            1495.2777099609375,
            681.869873046875,
            1608.3311767578125,
            766.307373046875
        ],
        [
            0.5810803174972534,
            473.4763488769531,
            113.21890258789062,
            577.2529907226562
        ],
        [
            1143.94775390625,
            672.0620727539062,
            1206.52587890625,
            685.36083984375
        ],
        [
            3.948042392730713,
            582.2186279296875,
            95.6145248413086,
            662.06201171875
        ],
        [
            1502.72509765625,
            580.2100219726562,
            1614.42578125,
            663.70849609375
        ],
        [
            1074.802978515625,
            633.1578369140625,
            1096.7789306640625,
            651.9346923828125
        ],
        [
            1297.9931640625,
            734.0060424804688,
            1311.1881103515625,
            750.490478515625
        ],
        [
            2.111649751663208,
            681.82763671875,
            100.74691772460938,
            744.9481201171875
        ],
        [
            1083.4193115234375,
            656.824462890625,
            1091.5718994140625,
            668.29833984375
        ],
        [
            2.6007790565490723,
            469.422607421875,
            117.22237396240234,
            693.5165405273438
        ],
        [
            501.92254638671875,
            732.1863403320312,
            515.781494140625,
            754.1453857421875
        ],
        [
            1143.083740234375,
            677.3099975585938,
            1205.0770263671875,
            689.64111328125
        ],
        [
            1166.9754638671875,
            673.7294921875,
            1202.9830322265625,
            686.1029663085938
        ],
        [
            1144.4642333984375,
            670.6087036132812,
            1207.14990234375,
            679.2413330078125
        ]
    ],
    "scores": [
        0.9990299940109253,
        0.997418999671936,
        0.9900404810905457,
        0.9860422015190125,
        0.9581255912780762,
        0.9559510350227356,
        0.9092342853546143,
        0.8293875455856323,
        0.2337034046649933,
        0.06828933209180832,
        0.06043079122900963,
        0.05585717782378197,
        0.05569843947887421,
        0.05421151593327522,
        0.050474267452955246
    ]
}