{
    "predicted_boxes": [
        [
            89.47762298583984,
            335.45721435546875,
            129.0625762939453,
            367.56097412109375
        ],
        [
            1201.2679443359375,
            37.69868469238281,
            1229.44287109375,
            80.19513702392578
        ],
        [
            349.800537109375,
            333.7242431640625,
            388.5088195800781,
            368.64447021484375
        ]
    ],
    "scores": [
        0.8990278840065002,
        0.770810604095459,
        0.6006739735603333
    ]
}