{
    "predicted_boxes": [
        [
            1053.609375,
            603.8267822265625,
            1117.83203125,
            656.7147827148438
        ],
        [
            1261.19677734375,
            81.88934326171875,
            1294.953369140625,
            101.54293060302734
        ],
        [
            1244.6083984375,
            22.489810943603516,
            1314.0511474609375,
            82.06224060058594
        ],
        [
            1041.5186767578125,
            681.66357421875,
            1077.754638671875,
            707.6844482421875
        ],
        [
            1067.635009765625,
            656.539794921875,
            1100.8082275390625,
            677.3798217773438
        ]
    ],
    "scores": [
        0.9949221014976501,
        0.9901264905929565,
        0.9868460893630981,
        0.9490428566932678,
        0.910458505153656
    ]
}