{
    "predicted_boxes": [
        [
            361.53814697265625,
            257.3067626953125,
            412.0576171875,
            302.9145202636719
        ],
        [
            1294.5089111328125,
            474.6839904785156,
            1322.652587890625,
            496.3072814941406
        ],
        [
            996.883544921875,
            730.68408203125,
            1011.4378051757812,
            749.5919189453125
        ]
    ],
    "scores": [
        0.9546841382980347,
        0.952406108379364,
        0.21983587741851807
    ]
}