{
    "predicted_boxes": [
        [
            1035.0040283203125,
            559.3428344726562,
            1138.015625,
            648.6033325195312
        ],
        [
            1065.1226806640625,
            649.2788696289062,
            1114.7186279296875,
            680.520751953125
        ],
        [
            966.3739013671875,
            696.905029296875,
            1015.4776611328125,
            735.9602661132812
        ],
        [
            774.3532104492188,
            27.56114387512207,
            825.4682006835938,
            71.68343353271484
        ]
    ],
    "scores": [
        0.9975735545158386,
        0.9965392351150513,
        0.9960522651672363,
        0.9589663743972778
    ]
}