{
    "predicted_boxes": [
        [
            1578.17041015625,
            638.4485473632812,
            1632.14599609375,
            682.4191284179688
        ],
        [
            1154.035888671875,
            677.9963989257812,
            1262.2073974609375,
            732.4190063476562
        ],
        [
            1153.3355712890625,
            710.9083862304688,
            1255.030029296875,
            737.3275756835938
        ],
        [
            510.2898864746094,
            618.3106079101562,
            533.3412475585938,
            664.4878540039062
        ],
        [
            1162.39404296875,
            686.1926879882812,
            1257.30908203125,
            714.9392700195312
        ]
    ],
    "scores": [
        0.9976894855499268,
        0.7355214357376099,
        0.5335741639137268,
        0.320736289024353,
        0.10494276136159897
    ]
}