{
    "predicted_boxes": [
        [
            1227.8328857421875,
            728.2235717773438,
            1240.366943359375,
            747.9291381835938
        ]
    ],
    "scores": [
        0.09538210928440094
    ]
}