{
    "predicted_boxes": [
        [
            1424.3138427734375,
            53.63624572753906,
            1472.9991455078125,
            96.1442642211914
        ],
        [
            1432.4453125,
            95.55997467041016,
            1461.131591796875,
            111.3886489868164
        ]
    ],
    "scores": [
        0.9905735850334167,
        0.619319498538971
    ]
}