{
    "predicted_boxes": [
        [
            1122.335693359375,
            664.2186889648438,
            1159.70556640625,
            683.4910278320312
        ],
        [
            1108.1329345703125,
            607.0133666992188,
            1176.71044921875,
            663.4168701171875
        ],
        [
            1234.228515625,
            31.65680694580078,
            1292.49853515625,
            76.81689453125
        ],
        [
            0.0,
            653.9268188476562,
            181.0982208251953,
            762.0049438476562
        ],
        [
            1383.66552734375,
            657.7481079101562,
            1399.9073486328125,
            711.0173950195312
        ],
        [
            1811.6142578125,
            323.427001953125,
            1892.1053466796875,
            482.0663757324219
        ],
        [
            3.1771340370178223,
            659.5709838867188,
            179.32371520996094,
            706.4874267578125
        ],
        [
            1063.441162109375,
            683.2495727539062,
            1077.775146484375,
            699.0850219726562
        ],
        [
            1111.90087890625,
            719.2516479492188,
            1119.045166015625,
            733.0796508789062
        ],
        [
            1237.2864990234375,
            678.9395751953125,
            1254.8359375,
            700.922119140625
        ],
        [
            1063.0638427734375,
            689.2833251953125,
            1079.8690185546875,
            710.369873046875
        ],
        [
            1065.381103515625,
            715.8834838867188,
            1082.501220703125,
            728.111328125
        ],
        [
            97.73494720458984,
            876.6165771484375,
            107.4530258178711,
            890.479248046875
        ],
        [
            1238.1881103515625,
            696.759521484375,
            1253.32080078125,
            713.23388671875
        ],
        [
            793.2224731445312,
            719.5460815429688,
            798.1512451171875,
            729.4597778320312
        ]
    ],
    "scores": [
        0.9976930022239685,
        0.994152843952179,
        0.991929292678833,
        0.9910209774971008,
        0.924958348274231,
        0.5625897645950317,
        0.5007596611976624,
        0.4064154326915741,
        0.372734397649765,
        0.27498018741607666,
        0.12869270145893097,
        0.12311594933271408,
        0.10862777382135391,
        0.06383392959833145,
        0.05659661814570427
    ]
}