{
    "predicted_boxes": [
        [
            1466.307861328125,
            86.17756652832031,
            1498.846435546875,
            118.15233612060547
        ]
    ],
    "scores": [
        0.9925273656845093
    ]
}