{
    "predicted_boxes": [
        [
            1252.1195068359375,
            95.69865417480469,
            1296.819580078125,
            117.37244415283203
        ],
        [
            1230.4915771484375,
            21.73817253112793,
            1321.576416015625,
            94.78095245361328
        ]
    ],
    "scores": [
        0.9978066086769104,
        0.9973769187927246
    ]
}