{
    "predicted_boxes": [
        [
            1194.9486083984375,
            622.2999267578125,
            1314.493896484375,
            644.4401245117188
        ],
        [
            553.5763549804688,
            595.9811401367188,
            585.2894287109375,
            611.3827514648438
        ],
        [
            535.6809692382812,
            538.2211303710938,
            603.424072265625,
            595.3856811523438
        ],
        [
            1136.1192626953125,
            562.3749389648438,
            1149.744140625,
            581.3841552734375
        ],
        [
            1138.1292724609375,
            607.0933227539062,
            1146.679443359375,
            628.2952880859375
        ],
        [
            1049.4815673828125,
            574.076904296875,
            1084.450927734375,
            602.7112426757812
        ],
        [
            1034.45703125,
            623.543212890625,
            1041.149169921875,
            642.93701171875
        ],
        [
            1136.9664306640625,
            585.1239013671875,
            1150.55322265625,
            607.702392578125
        ],
        [
            1054.5611572265625,
            600.8718872070312,
            1073.5107421875,
            613.4857177734375
        ],
        [
            618.03466796875,
            607.6900634765625,
            710.5377197265625,
            647.1607055664062
        ],
        [
            1141.79638671875,
            591.2362670898438,
            1152.4439697265625,
            606.592041015625
        ],
        [
            1037.1114501953125,
            624.4193725585938,
            1043.5955810546875,
            641.4080810546875
        ]
    ],
    "scores": [
        0.9915452599525452,
        0.9803767204284668,
        0.8798685669898987,
        0.8414648175239563,
        0.6343791484832764,
        0.5489326119422913,
        0.43916547298431396,
        0.21717356145381927,
        0.1368916779756546,
        0.08499521017074585,
        0.0803992748260498,
        0.05501726269721985
    ]
}