{
    "predicted_boxes": [
        [
            1122.4193115234375,
            664.2565307617188,
            1159.7587890625,
            683.6573486328125
        ],
        [
            1108.3846435546875,
            607.1218872070312,
            1176.596435546875,
            663.4508056640625
        ],
        [
            1234.2308349609375,
            31.60170555114746,
            1292.4842529296875,
            76.662841796875
        ],
        [
            0.0,
            654.168212890625,
            181.34066772460938,
            762.0918579101562
        ],
        [
            1383.57763671875,
            657.5474243164062,
            1399.913330078125,
            710.8751831054688
        ],
        [
            1811.736328125,
            323.1427917480469,
            1892.022705078125,
            482.54205322265625
        ],
        [
            3.0405452251434326,
            659.6766967773438,
            179.54917907714844,
            706.0989990234375
        ],
        [
            1062.9302978515625,
            683.0250244140625,
            1077.4879150390625,
            700.8204956054688
        ],
        [
            1112.3109130859375,
            720.028076171875,
            1118.5635986328125,
            733.0272216796875
        ],
        [
            1237.3052978515625,
            678.4439697265625,
            1254.9727783203125,
            702.866455078125
        ],
        [
            1061.4482421875,
            685.2919311523438,
            1078.9697265625,
            716.1163330078125
        ],
        [
            1064.6690673828125,
            693.43798828125,
            1077.8548583984375,
            713.00048828125
        ]
    ],
    "scores": [
        0.997383177280426,
        0.9942004680633545,
        0.9919741749763489,
        0.9903509020805359,
        0.9404970407485962,
        0.5761401057243347,
        0.47653964161872864,
        0.4291900098323822,
        0.28179800510406494,
        0.18420521914958954,
        0.10435910522937775,
        0.06156664714217186
    ]
}