{
    "predicted_boxes": [
        [
            1265.9305419921875,
            649.707763671875,
            1320.0321044921875,
            676.5678100585938
        ],
        [
            1229.213134765625,
            551.4945678710938,
            1353.3297119140625,
            645.7762451171875
        ],
        [
            1146.553466796875,
            698.2965087890625,
            1201.621826171875,
            742.1021118164062
        ],
        [
            1084.0089111328125,
            26.710277557373047,
            1133.1517333984375,
            72.47856903076172
        ],
        [
            1694.3092041015625,
            78.87633514404297,
            1708.3157958984375,
            112.14728546142578
        ],
        [
            1693.9622802734375,
            99.30524444580078,
            1708.448486328125,
            122.6506118774414
        ],
        [
            1616.4840087890625,
            117.8384017944336,
            1626.103759765625,
            136.33572387695312
        ]
    ],
    "scores": [
        0.9975481629371643,
        0.9945263266563416,
        0.9803008437156677,
        0.9744354486465454,
        0.25338178873062134,
        0.15596766769886017,
        0.08974660187959671
    ]
}