{
    "predicted_boxes": [
        [
            152.51852416992188,
            238.68592834472656,
            195.61419677734375,
            279.4886169433594
        ],
        [
            479.4892578125,
            239.2625732421875,
            525.6428833007812,
            278.5708923339844
        ],
        [
            1742.1453857421875,
            758.3782958984375,
            1775.09326171875,
            796.8029174804688
        ],
        [
            1131.2501220703125,
            755.4099731445312,
            1140.215087890625,
            770.3634033203125
        ],
        [
            1712.2691650390625,
            759.2764892578125,
            1727.331787109375,
            776.2451782226562
        ]
    ],
    "scores": [
        0.9813546538352966,
        0.9507260918617249,
        0.2032264769077301,
        0.15510034561157227,
        0.07878325879573822
    ]
}