{
    "predicted_boxes": [
        [
            1453.4468994140625,
            311.7913818359375,
            1668.43505859375,
            494.58734130859375
        ],
        [
            761.7767333984375,
            741.9049682617188,
            769.5517578125,
            761.8165893554688
        ],
        [
            761.53564453125,
            718.47119140625,
            770.5579223632812,
            736.7457275390625
        ],
        [
            1569.2939453125,
            368.8233337402344,
            1622.342529296875,
            439.6588134765625
        ]
    ],
    "scores": [
        0.9635183811187744,
        0.28800931572914124,
        0.14199838042259216,
        0.11378426104784012
    ]
}