{
    "predicted_boxes": [
        [
            1295.974853515625,
            291.4036560058594,
            1340.4066162109375,
            332.1430969238281
        ],
        [
            1073.206298828125,
            660.653564453125,
            1111.32373046875,
            693.8021240234375
        ],
        [
            1670.7496337890625,
            650.4296875,
            1913.309326171875,
            775.3516235351562
        ],
        [
            1298.0013427734375,
            297.071044921875,
            1327.15673828125,
            327.1682434082031
        ]
    ],
    "scores": [
        0.984377920627594,
        0.848227858543396,
        0.40579867362976074,
        0.1888708472251892
    ]
}