{
    "predicted_boxes": [
        [
            1198.575927734375,
            667.445068359375,
            1233.2720947265625,
            697.7526245117188
        ],
        [
            563.6801147460938,
            661.4805297851562,
            608.2699584960938,
            698.7125244140625
        ],
        [
            561.92919921875,
            706.31787109375,
            612.173095703125,
            743.86181640625
        ],
        [
            1189.729736328125,
            708.385498046875,
            1233.6025390625,
            744.1591186523438
        ],
        [
            1185.2042236328125,
            619.222900390625,
            1244.4132080078125,
            658.9715576171875
        ],
        [
            799.1233520507812,
            684.5134887695312,
            821.4017944335938,
            706.3666381835938
        ],
        [
            832.746826171875,
            672.349853515625,
            861.305419921875,
            698.6192626953125
        ],
        [
            1194.403076171875,
            707.6652221679688,
            1231.10302734375,
            728.9545288085938
        ],
        [
            1157.1553955078125,
            728.6681518554688,
            1162.740478515625,
            763.9840698242188
        ]
    ],
    "scores": [
        0.9831615686416626,
        0.9524547457695007,
        0.9327943921089172,
        0.6242793202400208,
        0.5134050250053406,
        0.3678019940853119,
        0.1481328308582306,
        0.0782155767083168,
        0.06957496702671051
    ]
}