{
    "predicted_boxes": [
        [
            1128.7626953125,
            654.2153930664062,
            1217.833984375,
            670.0625610351562
        ],
        [
            1033.8172607421875,
            611.1130981445312,
            1060.166748046875,
            636.0972900390625
        ],
        [
            702.4061889648438,
            652.0645141601562,
            773.9978637695312,
            669.7766723632812
        ],
        [
            693.6103515625,
            606.546630859375,
            737.5130004882812,
            645.15478515625
        ],
        [
            1093.7445068359375,
            637.334228515625,
            1103.3995361328125,
            651.2304077148438
        ],
        [
            1089.3665771484375,
            612.9603881835938,
            1097.5648193359375,
            632.81884765625
        ],
        [
            1095.189697265625,
            642.6149291992188,
            1103.607177734375,
            652.648681640625
        ],
        [
            701.2103271484375,
            648.3025512695312,
            769.6356201171875,
            662.7943725585938
        ]
    ],
    "scores": [
        0.9852691292762756,
        0.811354398727417,
        0.7912341952323914,
        0.6882452368736267,
        0.19538424909114838,
        0.18547777831554413,
        0.10768754035234451,
        0.07364460825920105
    ]
}