{
    "predicted_boxes": [
        [
            1342.19189453125,
            14.956863403320312,
            1408.917724609375,
            73.5449447631836
        ],
        [
            943.3120727539062,
            424.0265808105469,
            978.3638916015625,
            450.53509521484375
        ]
    ],
    "scores": [
        0.9967032074928284,
        0.922396719455719
    ]
}