{
    "predicted_boxes": [
        [
            1202.4521484375,
            2.858276128768921,
            1285.349365234375,
            77.60367584228516
        ],
        [
            1212.6993408203125,
            81.17701721191406,
            1261.9154052734375,
            104.8889389038086
        ],
        [
            1708.4649658203125,
            467.0052185058594,
            1920.0,
            648.6301879882812
        ],
        [
            27.258153915405273,
            873.14111328125,
            47.20973205566406,
            891.6166381835938
        ],
        [
            1216.4898681640625,
            82.4247817993164,
            1233.5797119140625,
            103.27960205078125
        ],
        [
            1201.6568603515625,
            24.708480834960938,
            1280.4906005859375,
            103.57405090332031
        ]
    ],
    "scores": [
        0.9976436495780945,
        0.991226851940155,
        0.9667603969573975,
        0.6737849712371826,
        0.3100108206272125,
        0.08280093967914581
    ]
}