{
    "predicted_boxes": [
        [
            165.15234375,
            867.5716552734375,
            181.74708557128906,
            887.192138671875
        ]
    ],
    "scores": [
        0.9765076637268066
    ]
}