{
    "predicted_boxes": [
        [
            509.2919006347656,
            644.7286376953125,
            555.1156616210938,
            683.2084350585938
        ]
    ],
    "scores": [
        0.9645330905914307
    ]
}