{
    "predicted_boxes": [
        [
            1196.623291015625,
            641.2162475585938,
            1243.5166015625,
            679.2890014648438
        ],
        [
            1198.668212890625,
            693.9049072265625,
            1220.0611572265625,
            713.9354858398438
        ],
        [
            1703.3160400390625,
            72.06688690185547,
            1735.6783447265625,
            104.70455169677734
        ],
        [
            1207.538330078125,
            695.3321533203125,
            1218.8387451171875,
            713.8009033203125
        ],
        [
            1708.9652099609375,
            102.96349334716797,
            1730.173583984375,
            114.01652526855469
        ],
        [
            1036.412353515625,
            639.961181640625,
            1072.8277587890625,
            656.4669799804688
        ],
        [
            1200.218017578125,
            717.3089599609375,
            1213.333740234375,
            732.6450805664062
        ]
    ],
    "scores": [
        0.9940100908279419,
        0.992729127407074,
        0.683984100818634,
        0.4380871653556824,
        0.2847112715244293,
        0.15535308420658112,
        0.08708564192056656
    ]
}