{
    "predicted_boxes": [
        [
            1236.819580078125,
            70.6593017578125,
            1291.6524658203125,
            117.43441009521484
        ],
        [
            1126.115234375,
            624.9391479492188,
            1159.537841796875,
            642.9931030273438
        ],
        [
            0.0,
            615.8343505859375,
            183.99781799316406,
            681.6832885742188
        ],
        [
            1384.6541748046875,
            620.663818359375,
            1402.69384765625,
            672.4788818359375
        ],
        [
            1109.6053466796875,
            565.7339477539062,
            1177.359375,
            626.055419921875
        ],
        [
            1822.7208251953125,
            283.42724609375,
            1899.21533203125,
            444.99407958984375
        ],
        [
            1054.1785888671875,
            681.0151977539062,
            1062.5550537109375,
            704.8121948242188
        ],
        [
            1062.5966796875,
            642.9899291992188,
            1078.7591552734375,
            661.0137939453125
        ],
        [
            1064.98046875,
            660.390380859375,
            1078.7890625,
            680.2151489257812
        ]
    ],
    "scores": [
        0.9980966448783875,
        0.9788530468940735,
        0.9621940851211548,
        0.9581965208053589,
        0.8961927890777588,
        0.6443485021591187,
        0.4825359284877777,
        0.3998478055000305,
        0.14466340839862823
    ]
}