{
    "predicted_boxes": [
        [
            1394.439208984375,
            91.80968475341797,
            1452.3074951171875,
            141.0155792236328
        ],
        [
            1409.7811279296875,
            140.8675994873047,
            1436.4910888671875,
            157.86264038085938
        ]
    ],
    "scores": [
        0.9844337701797485,
        0.38839831948280334
    ]
}