{
    "predicted_boxes": [
        [
            1587.59130859375,
            675.4349975585938,
            1920.0,
            736.6233520507812
        ],
        [
            1087.173095703125,
            619.4332275390625,
            1144.7996826171875,
            668.1309814453125
        ],
        [
            151.48728942871094,
            661.8485717773438,
            367.232177734375,
            729.5916137695312
        ],
        [
            1101.06591796875,
            668.8643188476562,
            1129.1763916015625,
            686.6129150390625
        ],
        [
            1202.6737060546875,
            137.33177185058594,
            1219.0115966796875,
            155.36618041992188
        ],
        [
            1446.7884521484375,
            491.5352783203125,
            1484.8929443359375,
            578.5609741210938
        ],
        [
            1042.702392578125,
            715.3624877929688,
            1054.1142578125,
            736.064208984375
        ],
        [
            1057.3026123046875,
            693.6893920898438,
            1070.0531005859375,
            714.1375732421875
        ],
        [
            1057.5845947265625,
            683.4061279296875,
            1069.8765869140625,
            696.0767822265625
        ],
        [
            1448.392333984375,
            551.0692138671875,
            1483.3455810546875,
            576.679443359375
        ],
        [
            1291.9002685546875,
            667.0812377929688,
            1302.9090576171875,
            707.0642700195312
        ],
        [
            722.5015869140625,
            715.4329833984375,
            730.1732177734375,
            728.373779296875
        ],
        [
            1056.8494873046875,
            684.0758056640625,
            1070.7501220703125,
            708.2030029296875
        ],
        [
            1058.594970703125,
            701.1264038085938,
            1069.5081787109375,
            717.239013671875
        ],
        [
            1043.9111328125,
            716.7550048828125,
            1051.1243896484375,
            728.9442749023438
        ],
        [
            1729.493896484375,
            675.5218505859375,
            1884.7088623046875,
            730.884033203125
        ]
    ],
    "scores": [
        0.9997867941856384,
        0.9814070463180542,
        0.9770285487174988,
        0.9755005240440369,
        0.8403821587562561,
        0.651736855506897,
        0.5440453290939331,
        0.4238719046115875,
        0.4216369092464447,
        0.3841279149055481,
        0.30002373456954956,
        0.2855074405670166,
        0.15430152416229248,
        0.10794087499380112,
        0.08411487191915512,
        0.063687264919281
    ]
}