{
    "predicted_boxes": [
        [
            1503.883056640625,
            619.6773681640625,
            1569.83935546875,
            673.87744140625
        ],
        [
            962.8622436523438,
            672.7872314453125,
            1088.599609375,
            733.0982055664062
        ],
        [
            7.9376397132873535,
            664.2135009765625,
            375.3407897949219,
            789.40771484375
        ],
        [
            969.272216796875,
            717.9331665039062,
            1076.6669921875,
            736.1110229492188
        ],
        [
            996.9539794921875,
            720.62841796875,
            1026.0013427734375,
            732.76123046875
        ]
    ],
    "scores": [
        0.9985306262969971,
        0.9641837477684021,
        0.755866289138794,
        0.0857752114534378,
        0.06001310423016548
    ]
}