{
    "predicted_boxes": [
        [
            528.0337524414062,
            588.4540405273438,
            562.4447021484375,
            606.173583984375
        ],
        [
            1205.5775146484375,
            616.2811279296875,
            1331.474365234375,
            640.75390625
        ],
        [
            601.2503051757812,
            603.601806640625,
            693.0787963867188,
            623.7955322265625
        ],
        [
            1052.62060546875,
            570.7407836914062,
            1085.8223876953125,
            601.3958129882812
        ],
        [
            509.44879150390625,
            528.8671875,
            583.0016479492188,
            589.5950317382812
        ],
        [
            968.228515625,
            610.7577514648438,
            1014.6959838867188,
            625.80712890625
        ],
        [
            1144.6553955078125,
            606.2936401367188,
            1152.432861328125,
            622.2738647460938
        ],
        [
            1064.378173828125,
            600.053466796875,
            1078.9324951171875,
            611.3240356445312
        ],
        [
            1145.7774658203125,
            557.0033569335938,
            1158.488037109375,
            574.954345703125
        ],
        [
            815.5391235351562,
            624.1069946289062,
            822.9437866210938,
            638.2249145507812
        ],
        [
            603.531494140625,
            619.693115234375,
            690.0655517578125,
            637.6675415039062
        ],
        [
            1148.22021484375,
            583.7879028320312,
            1156.8583984375,
            598.8001708984375
        ],
        [
            1062.56201171875,
            596.1488037109375,
            1081.6328125,
            607.9529418945312
        ]
    ],
    "scores": [
        0.9973939657211304,
        0.9956804513931274,
        0.9595884680747986,
        0.9219330549240112,
        0.7044489979743958,
        0.5274686217308044,
        0.36031824350357056,
        0.23288220167160034,
        0.1968809962272644,
        0.10507648438215256,
        0.0845850482583046,
        0.06244603917002678,
        0.054342903196811676
    ]
}