{
    "predicted_boxes": [
        [
            1402.15771484375,
            472.8144836425781,
            1565.5780029296875,
            590.2351684570312
        ],
        [
            248.1224365234375,
            274.2699890136719,
            287.619140625,
            309.657470703125
        ],
        [
            934.4637451171875,
            474.3262939453125,
            960.6650390625,
            494.493408203125
        ],
        [
            1282.75830078125,
            726.089599609375,
            1289.7349853515625,
            738.455322265625
        ],
        [
            1282.5709228515625,
            706.1994018554688,
            1291.322509765625,
            720.5791015625
        ]
    ],
    "scores": [
        0.9983114004135132,
        0.8086977005004883,
        0.6177175641059875,
        0.30839669704437256,
        0.2813177704811096
    ]
}