{
    "predicted_boxes": [
        [
            299.16265869140625,
            622.1349487304688,
            375.128662109375,
            681.858642578125
        ],
        [
            1330.451904296875,
            619.5109252929688,
            1412.4149169921875,
            685.7222290039062
        ],
        [
            290.0373229980469,
            546.1785888671875,
            381.0528564453125,
            621.4562377929688
        ],
        [
            298.7221374511719,
            692.880859375,
            379.9186706542969,
            752.4666137695312
        ],
        [
            1323.16259765625,
            545.6983642578125,
            1419.7406005859375,
            618.881591796875
        ],
        [
            1329.1370849609375,
            693.1558227539062,
            1409.2593994140625,
            752.1221923828125
        ],
        [
            1131.98046875,
            675.6295776367188,
            1176.982177734375,
            686.7288818359375
        ],
        [
            765.4097290039062,
            671.4400024414062,
            791.1266479492188,
            694.1322021484375
        ],
        [
            1739.7977294921875,
            760.9572143554688,
            1777.55029296875,
            806.3719482421875
        ],
        [
            296.3617858886719,
            623.707763671875,
            379.6268005371094,
            736.9628295898438
        ],
        [
            1134.681640625,
            673.3840942382812,
            1176.445556640625,
            680.7632446289062
        ]
    ],
    "scores": [
        0.9962702989578247,
        0.9941393136978149,
        0.9938722848892212,
        0.9934066534042358,
        0.9920768737792969,
        0.9913267493247986,
        0.9437215924263,
        0.3776906728744507,
        0.15033777058124542,
        0.11149276793003082,
        0.07584888488054276
    ]
}