{
    "predicted_boxes": [
        [
            956.342529296875,
            648.7116088867188,
            1145.704345703125,
            713.793701171875
        ],
        [
            968.1876220703125,
            711.24560546875,
            1100.4046630859375,
            740.72900390625
        ],
        [
            972.281005859375,
            647.0009765625,
            1124.859130859375,
            682.519287109375
        ],
        [
            944.3375854492188,
            693.56201171875,
            1143.259521484375,
            744.0675659179688
        ],
        [
            992.2263793945312,
            716.2382202148438,
            1057.1160888671875,
            739.28759765625
        ]
    ],
    "scores": [
        0.8107183575630188,
        0.33457151055336,
        0.13531021773815155,
        0.09250468015670776,
        0.05631977692246437
    ]
}