{
    "predicted_boxes": [
        [
            1305.168701171875,
            277.9654541015625,
            1352.3963623046875,
            319.7680358886719
        ],
        [
            230.68992614746094,
            481.89202880859375,
            251.1285858154297,
            501.51605224609375
        ]
    ],
    "scores": [
        0.9941600561141968,
        0.46695998311042786
    ]
}