{
    "predicted_boxes": [
        [
            1205.81298828125,
            3.132607936859131,
            1273.114013671875,
            64.0519027709961
        ],
        [
            34.17124557495117,
            869.2703857421875,
            57.30396270751953,
            890.345458984375
        ],
        [
            661.061279296875,
            730.0719604492188,
            676.45361328125,
            753.82275390625
        ],
        [
            1022.3301391601562,
            438.42144775390625,
            1055.0107421875,
            463.95159912109375
        ]
    ],
    "scores": [
        0.9979559183120728,
        0.6694518327713013,
        0.4879853427410126,
        0.17292816936969757
    ]
}