{
    "predicted_boxes": [
        [
            470.7428283691406,
            568.4661254882812,
            507.3314514160156,
            590.6368408203125
        ],
        [
            1224.83740234375,
            605.0199584960938,
            1362.7703857421875,
            630.5499267578125
        ],
        [
            448.4316711425781,
            505.8900451660156,
            529.5537109375,
            565.5087280273438
        ],
        [
            1057.5399169921875,
            558.5386962890625,
            1092.2117919921875,
            592.4481811523438
        ],
        [
            567.9387817382812,
            605.93408203125,
            677.5974731445312,
            631.9448852539062
        ],
        [
            1057.8096923828125,
            583.4840087890625,
            1087.74609375,
            597.61669921875
        ],
        [
            1056.4154052734375,
            575.4676513671875,
            1090.365966796875,
            595.8421630859375
        ],
        [
            1161.1051025390625,
            539.0452880859375,
            1176.7979736328125,
            555.8206787109375
        ],
        [
            1060.0128173828125,
            589.0950317382812,
            1085.2535400390625,
            600.709716796875
        ],
        [
            588.2921142578125,
            596.6165161132812,
            661.8590087890625,
            609.9420166015625
        ]
    ],
    "scores": [
        0.9975056052207947,
        0.9950382113456726,
        0.9882587194442749,
        0.9774767756462097,
        0.9047170281410217,
        0.7963011264801025,
        0.40800002217292786,
        0.13451100885868073,
        0.12324405461549759,
        0.05282364785671234
    ]
}