{
    "predicted_boxes": [
        [
            1675.123779296875,
            7.432646751403809,
            1732.7357177734375,
            76.63822937011719
        ],
        [
            146.16090393066406,
            870.7852172851562,
            162.14036560058594,
            887.5502319335938
        ]
    ],
    "scores": [
        0.9859467148780823,
        0.951225757598877
    ]
}