{
    "predicted_boxes": [
        [
            600.17236328125,
            643.0197143554688,
            642.9874267578125,
            678.7314453125
        ],
        [
            1121.828369140625,
            656.065185546875,
            1200.7958984375,
            672.8785400390625
        ],
        [
            1034.5523681640625,
            616.674072265625,
            1058.5711669921875,
            637.552734375
        ],
        [
            739.4986572265625,
            644.1272583007812,
            797.1865234375,
            670.0599975585938
        ],
        [
            810.6030883789062,
            670.9127807617188,
            829.5997314453125,
            689.0082397460938
        ],
        [
            730.80126953125,
            615.5108642578125,
            770.693359375,
            649.5717163085938
        ],
        [
            1082.5313720703125,
            619.9166870117188,
            1091.593017578125,
            639.5625
        ],
        [
            822.1307983398438,
            650.6719360351562,
            884.0017700195312,
            685.6760864257812
        ],
        [
            596.3297729492188,
            645.8431396484375,
            688.2662963867188,
            680.1368408203125
        ],
        [
            619.5451049804688,
            656.7420043945312,
            691.0797729492188,
            678.7689208984375
        ],
        [
            729.6754150390625,
            619.7647094726562,
            793.548828125,
            669.3085327148438
        ],
        [
            1505.2432861328125,
            741.7066650390625,
            1529.1041259765625,
            773.0463256835938
        ],
        [
            785.9203491210938,
            649.1732177734375,
            798.0938110351562,
            668.2340087890625
        ],
        [
            627.5665893554688,
            652.1506958007812,
            689.99560546875,
            670.5859985351562
        ],
        [
            750.2445678710938,
            651.2470092773438,
            794.7471313476562,
            667.9950561523438
        ]
    ],
    "scores": [
        0.9442545175552368,
        0.8857714533805847,
        0.7515891194343567,
        0.6437638998031616,
        0.6254993677139282,
        0.581425130367279,
        0.34239909052848816,
        0.1951095014810562,
        0.17391271889209747,
        0.15450318157672882,
        0.15308396518230438,
        0.11485482007265091,
        0.09246860444545746,
        0.07671530544757843,
        0.06343849003314972
    ]
}