{
    "predicted_boxes": [
        [
            1128.1995849609375,
            666.4258422851562,
            1205.2371826171875,
            681.3519897460938
        ],
        [
            1046.4725341796875,
            625.612060546875,
            1071.7186279296875,
            647.806396484375
        ],
        [
            645.9428100585938,
            655.4598388671875,
            674.9537963867188,
            684.98095703125
        ],
        [
            756.74853515625,
            629.6456298828125,
            793.0505981445312,
            656.7479248046875
        ],
        [
            653.1244506835938,
            660.4903564453125,
            714.5844116210938,
            685.2362060546875
        ],
        [
            1092.904541015625,
            632.0860595703125,
            1101.9884033203125,
            650.3223266601562
        ],
        [
            663.9274291992188,
            670.3109130859375,
            713.7159423828125,
            684.851318359375
        ],
        [
            752.3936157226562,
            634.6094970703125,
            796.0103759765625,
            673.8460083007812
        ],
        [
            1133.097412109375,
            665.1192626953125,
            1198.1689453125,
            674.88037109375
        ],
        [
            1168.8800048828125,
            727.2647705078125,
            1175.9930419921875,
            766.4170532226562
        ]
    ],
    "scores": [
        0.9923043847084045,
        0.9477838277816772,
        0.9438620805740356,
        0.9342963695526123,
        0.856792688369751,
        0.8494256138801575,
        0.28128817677497864,
        0.1612733155488968,
        0.08621614426374435,
        0.05196939408779144
    ]
}