{
    "predicted_boxes": [
        [
            627.3834228515625,
            664.291748046875,
            656.41650390625,
            690.4207763671875
        ],
        [
            1033.3690185546875,
            666.211181640625,
            1058.524658203125,
            692.1611938476562
        ],
        [
            1190.8968505859375,
            682.9766845703125,
            1203.760498046875,
            700.373291015625
        ]
    ],
    "scores": [
        0.9931203126907349,
        0.9574378728866577,
        0.23628868162631989
    ]
}