{
    "predicted_boxes": [
        [
            907.5526733398438,
            746.0093383789062,
            935.7864990234375,
            772.2947998046875
        ],
        [
            908.312744140625,
            774.0359497070312,
            934.0906372070312,
            794.2413940429688
        ],
        [
            905.9586181640625,
            732.4384155273438,
            937.940185546875,
            780.8390502929688
        ],
        [
            977.1024780273438,
            763.2400512695312,
            1040.9871826171875,
            779.911376953125
        ],
        [
            593.8081665039062,
            765.9915771484375,
            607.6622314453125,
            784.0904541015625
        ]
    ],
    "scores": [
        0.9438731074333191,
        0.9352684617042542,
        0.42967161536216736,
        0.28770437836647034,
        0.05001536384224892
    ]
}