{
    "predicted_boxes": [
        [
            1104.6796875,
            415.2716979980469,
            1137.384765625,
            442.7095031738281
        ],
        [
            893.5064697265625,
            413.7204895019531,
            928.9915161132812,
            442.9042663574219
        ]
    ],
    "scores": [
        0.13782353699207306,
        0.12156124413013458
    ]
}