{
    "predicted_boxes": [
        [
            1374.3336181640625,
            631.559814453125,
            1492.4010009765625,
            717.8255004882812
        ],
        [
            1566.542724609375,
            70.15337371826172,
            1596.029052734375,
            106.68388366699219
        ]
    ],
    "scores": [
        0.9981456995010376,
        0.9427657723426819
    ]
}