{
    "predicted_boxes": [
        [
            443.200927734375,
            729.4442749023438,
            462.0884094238281,
            756.4021606445312
        ],
        [
            445.13494873046875,
            751.4472045898438,
            459.15789794921875,
            782.525146484375
        ]
    ],
    "scores": [
        0.8013190627098083,
        0.09190750122070312
    ]
}