{
    "predicted_boxes": [
        [
            623.3958129882812,
            648.4036865234375,
            637.3397216796875,
            677.5609741210938
        ],
        [
            949.444580078125,
            723.0444946289062,
            955.634521484375,
            743.41650390625
        ],
        [
            621.9384765625,
            641.7950439453125,
            647.377685546875,
            681.9635620117188
        ]
    ],
    "scores": [
        0.8874537944793701,
        0.11327680200338364,
        0.11018429696559906
    ]
}