{
    "predicted_boxes": [
        [
            670.4154052734375,
            619.565185546875,
            740.1613159179688,
            654.4539794921875
        ],
        [
            1164.388916015625,
            636.6471557617188,
            1262.352783203125,
            654.9496459960938
        ],
        [
            1042.274169921875,
            590.7982788085938,
            1071.705322265625,
            615.6270141601562
        ],
        [
            620.8482666015625,
            571.1273803710938,
            675.6121215820312,
            620.8882446289062
        ],
        [
            1111.9444580078125,
            591.3685913085938,
            1123.278076171875,
            609.7964477539062
        ],
        [
            635.2313232421875,
            617.8819580078125,
            658.9393920898438,
            631.031005859375
        ],
        [
            960.63232421875,
            627.0145874023438,
            977.3181762695312,
            641.9273681640625
        ]
    ],
    "scores": [
        0.9736130237579346,
        0.9708404541015625,
        0.8360503315925598,
        0.7759065628051758,
        0.7174659967422485,
        0.7146641612052917,
        0.06832902133464813
    ]
}