{
    "predicted_boxes": [
        [
            302.1077880859375,
            661.5426025390625,
            332.0160827636719,
            690.3131103515625
        ]
    ],
    "scores": [
        0.7263191342353821
    ]
}