{
    "predicted_boxes": [
        [
            708.4579467773438,
            448.02191162109375,
            799.50146484375,
            588.6707153320312
        ],
        [
            798.9502563476562,
            660.5218505859375,
            826.1242065429688,
            677.0802612304688
        ],
        [
            790.5613403320312,
            610.9374389648438,
            835.4251098632812,
            658.6713256835938
        ],
        [
            712.1593627929688,
            482.18450927734375,
            738.3373413085938,
            539.5266723632812
        ]
    ],
    "scores": [
        0.9987518787384033,
        0.8794443607330322,
        0.42708736658096313,
        0.19462165236473083
    ]
}