{
    "predicted_boxes": [
        [
            1062.7996826171875,
            619.276123046875,
            1117.2340087890625,
            671.3375244140625
        ],
        [
            1202.0679931640625,
            67.8137435913086,
            1230.3017578125,
            87.03778076171875
        ],
        [
            1203.27001953125,
            5.697380065917969,
            1250.9324951171875,
            64.17330932617188
        ],
        [
            1050.490234375,
            689.4014892578125,
            1084.3450927734375,
            717.8386840820312
        ],
        [
            1074.0120849609375,
            669.43017578125,
            1106.287841796875,
            688.1898803710938
        ],
        [
            1480.271728515625,
            75.5821304321289,
            1489.8245849609375,
            104.48550415039062
        ],
        [
            1869.7874755859375,
            79.92964172363281,
            1901.4781494140625,
            109.08436584472656
        ],
        [
            1203.1795654296875,
            47.764984130859375,
            1220.4278564453125,
            67.86315155029297
        ],
        [
            1061.3416748046875,
            722.38916015625,
            1071.0711669921875,
            738.5548706054688
        ]
    ],
    "scores": [
        0.9951643943786621,
        0.9629305601119995,
        0.9476073980331421,
        0.9383546113967896,
        0.7574819326400757,
        0.3978348672389984,
        0.184855654835701,
        0.06359579414129257,
        0.05496596544981003
    ]
}