{
    "predicted_boxes": [
        [
            704.6421508789062,
            750.8196411132812,
            709.64794921875,
            767.8945922851562
        ],
        [
            708.6904907226562,
            663.4464111328125,
            745.5249633789062,
            694.3209838867188
        ]
    ],
    "scores": [
        0.07290250062942505,
        0.06878875941038132
    ]
}