{
    "predicted_boxes": [
        [
            1121.7403564453125,
            658.4522705078125,
            1202.3177490234375,
            674.9822387695312
        ],
        [
            1029.0457763671875,
            616.3997802734375,
            1056.7484130859375,
            640.0130615234375
        ],
        [
            714.8143920898438,
            649.7159423828125,
            740.2684326171875,
            667.5254516601562
        ],
        [
            1081.6136474609375,
            618.6159057617188,
            1092.5411376953125,
            638.050048828125
        ],
        [
            562.782470703125,
            641.6358642578125,
            611.4860229492188,
            678.9432373046875
        ],
        [
            735.6260375976562,
            645.568603515625,
            783.3193969726562,
            670.1965942382812
        ],
        [
            714.5903930664062,
            612.9483642578125,
            752.8903198242188,
            647.7098388671875
        ]
    ],
    "scores": [
        0.9819918870925903,
        0.8788645267486572,
        0.43537360429763794,
        0.42699411511421204,
        0.3998957574367523,
        0.3830341398715973,
        0.13537150621414185
    ]
}