{
    "predicted_boxes": [
        [
            252.51715087890625,
            636.5999755859375,
            320.4676513671875,
            692.373046875
        ],
        [
            1155.56640625,
            641.1218872070312,
            1222.1214599609375,
            695.2496948242188
        ],
        [
            1045.0560302734375,
            756.1444702148438,
            1056.93359375,
            770.974853515625
        ],
        [
            1046.7933349609375,
            774.638671875,
            1054.39013671875,
            790.6282958984375
        ]
    ],
    "scores": [
        0.9857274889945984,
        0.9821239113807678,
        0.3498118817806244,
        0.31139299273490906
    ]
}