{
    "predicted_boxes": [
        [
            1180.31591796875,
            603.0650024414062,
            1256.4901123046875,
            660.616943359375
        ],
        [
            248.6639404296875,
            608.6171875,
            323.787353515625,
            667.008056640625
        ],
        [
            475.5219421386719,
            423.7826232910156,
            504.7148132324219,
            452.8773498535156
        ]
    ],
    "scores": [
        0.9977008700370789,
        0.9969784021377563,
        0.8930636644363403
    ]
}