{
    "predicted_boxes": [
        [
            1343.874267578125,
            647.1972045898438,
            1439.4461669921875,
            719.6582641601562
        ],
        [
            1517.0576171875,
            63.63432693481445,
            1552.9942626953125,
            101.4083251953125
        ],
        [
            1602.6815185546875,
            94.91336059570312,
            1609.9857177734375,
            112.11302185058594
        ],
        [
            1600.5777587890625,
            94.97113800048828,
            1607.6129150390625,
            110.44949340820312
        ]
    ],
    "scores": [
        0.9919688105583191,
        0.9510968923568726,
        0.8613981008529663,
        0.28697341680526733
    ]
}