{
    "predicted_boxes": [
        [
            905.7111206054688,
            418.0752868652344,
            943.1348266601562,
            446.10821533203125
        ]
    ],
    "scores": [
        0.24782219529151917
    ]
}