{
    "predicted_boxes": [
        [
            1636.21826171875,
            42.09962844848633,
            1685.27734375,
            85.6962661743164
        ],
        [
            684.5880126953125,
            342.0481262207031,
            725.883544921875,
            376.900634765625
        ],
        [
            1702.061767578125,
            503.438232421875,
            1723.23291015625,
            522.0101318359375
        ],
        [
            936.4765014648438,
            348.9088439941406,
            974.7425537109375,
            380.5445556640625
        ],
        [
            1096.2618408203125,
            223.1527862548828,
            1133.5506591796875,
            248.0234375
        ],
        [
            1117.2415771484375,
            193.42343139648438,
            1138.3116455078125,
            221.98399353027344
        ]
    ],
    "scores": [
        0.9884727597236633,
        0.9746065139770508,
        0.8792771100997925,
        0.563710629940033,
        0.22756817936897278,
        0.2185603678226471
    ]
}