{
    "predicted_boxes": [
        [
            1149.560791015625,
            650.3900756835938,
            1212.8179931640625,
            700.1951904296875
        ],
        [
            272.18756103515625,
            646.197509765625,
            332.4718017578125,
            697.7803955078125
        ],
        [
            1042.1488037109375,
            760.6635131835938,
            1052.126708984375,
            775.5963745117188
        ],
        [
            1043.91015625,
            782.9760131835938,
            1050.6741943359375,
            795.2112426757812
        ],
        [
            1043.1917724609375,
            761.340576171875,
            1051.021484375,
            788.9905395507812
        ]
    ],
    "scores": [
        0.9923449158668518,
        0.9846462607383728,
        0.4972210228443146,
        0.39760822057724,
        0.09616712480783463
    ]
}