{
    "predicted_boxes": [
        [
            1411.7064208984375,
            71.89020538330078,
            1457.2999267578125,
            113.90946197509766
        ],
        [
            1423.0654296875,
            112.26863861083984,
            1444.54248046875,
            126.10719299316406
        ]
    ],
    "scores": [
        0.9850823879241943,
        0.26371845602989197
    ]
}