{
    "predicted_boxes": [
        [
            408.8797607421875,
            464.2978210449219,
            435.8921203613281,
            485.6453857421875
        ],
        [
            576.3903198242188,
            463.9135437011719,
            604.4215698242188,
            486.3495788574219
        ]
    ],
    "scores": [
        0.23351503908634186,
        0.062204599380493164
    ]
}