{
    "predicted_boxes": [
        [
            465.2371826171875,
            654.0529174804688,
            490.8520202636719,
            676.2174682617188
        ],
        [
            54.874916076660156,
            583.5206298828125,
            148.9322052001953,
            654.08251953125
        ],
        [
            802.8056030273438,
            642.441650390625,
            829.7560424804688,
            667.758056640625
        ],
        [
            901.795166015625,
            661.6161499023438,
            910.5195922851562,
            681.4510498046875
        ]
    ],
    "scores": [
        0.971310555934906,
        0.5418538451194763,
        0.5235903859138489,
        0.333842009305954
    ]
}