{
    "predicted_boxes": [
        [
            1277.646240234375,
            315.6014099121094,
            1317.424560546875,
            355.585205078125
        ],
        [
            1071.4755859375,
            662.39208984375,
            1103.4930419921875,
            693.3977661132812
        ]
    ],
    "scores": [
        0.9722400903701782,
        0.553389310836792
    ]
}