{
    "predicted_boxes": [
        [
            1670.335693359375,
            12.375007629394531,
            1717.7269287109375,
            51.074649810791016
        ],
        [
            1240.845703125,
            18.804584503173828,
            1274.9010009765625,
            51.706607818603516
        ],
        [
            1694.040283203125,
            75.43062591552734,
            1701.113037109375,
            93.14057922363281
        ]
    ],
    "scores": [
        0.9620279669761658,
        0.5041702389717102,
        0.22885257005691528
    ]
}