{
    "predicted_boxes": [
        [
            249.14537048339844,
            677.9185791015625,
            281.5326843261719,
            704.7868041992188
        ],
        [
            794.1116333007812,
            745.813232421875,
            806.6859741210938,
            761.7984619140625
        ]
    ],
    "scores": [
        0.9813286066055298,
        0.48063793778419495
    ]
}