{
    "predicted_boxes": [
        [
            533.65625,
            685.1837158203125,
            552.2609252929688,
            701.9375
        ]
    ],
    "scores": [
        0.3690863251686096
    ]
}