{
    "predicted_boxes": [
        [
            1391.322021484375,
            82.09661865234375,
            1436.7216796875,
            120.49980926513672
        ],
        [
            1402.333251953125,
            117.89932250976562,
            1420.0411376953125,
            132.74261474609375
        ]
    ],
    "scores": [
        0.9754081964492798,
        0.05580446869134903
    ]
}