{
    "predicted_boxes": [
        [
            1354.8515625,
            67.26495361328125,
            1395.274658203125,
            98.22390747070312
        ],
        [
            1.5707591772079468,
            130.26480102539062,
            45.2927131652832,
            181.31375122070312
        ]
    ],
    "scores": [
        0.9910306930541992,
        0.6487777233123779
    ]
}