{
    "predicted_boxes": [
        [
            1492.4481201171875,
            623.789794921875,
            1556.8114013671875,
            675.8002319335938
        ],
        [
            964.8195190429688,
            675.7103271484375,
            1086.780029296875,
            738.0206298828125
        ],
        [
            1563.070556640625,
            102.89854431152344,
            1786.2581787109375,
            188.0281219482422
        ],
        [
            81.42443084716797,
            675.6529541015625,
            457.50689697265625,
            823.4005126953125
        ]
    ],
    "scores": [
        0.9984990358352661,
        0.934991180896759,
        0.06321953982114792,
        0.060722410678863525
    ]
}