{
    "predicted_boxes": [
        [
            1111.5382080078125,
            645.5639038085938,
            1147.536865234375,
            684.0963134765625
        ],
        [
            517.7721557617188,
            644.7866821289062,
            559.7824096679688,
            677.1199951171875
        ]
    ],
    "scores": [
        0.9969748258590698,
        0.9839664101600647
    ]
}