{
    "predicted_boxes": [
        [
            1393.6259765625,
            624.9607543945312,
            1518.3648681640625,
            717.1222534179688
        ],
        [
            1571.6478271484375,
            71.20254516601562,
            1605.8131103515625,
            107.46253967285156
        ]
    ],
    "scores": [
        0.9961734414100647,
        0.9692115187644958
    ]
}