{
    "predicted_boxes": [
        [
            787.1695556640625,
            678.3510131835938,
            810.626708984375,
            702.1036987304688
        ],
        [
            1224.4371337890625,
            650.9352416992188,
            1272.8665771484375,
            693.1528930664062
        ],
        [
            498.45684814453125,
            649.4395751953125,
            554.5401000976562,
            694.86181640625
        ],
        [
            1219.513427734375,
            600.754638671875,
            1282.450439453125,
            649.0532836914062
        ],
        [
            500.4437561035156,
            701.4454345703125,
            558.9866943359375,
            742.875244140625
        ],
        [
            494.80157470703125,
            600.1663818359375,
            559.1777954101562,
            648.8228149414062
        ],
        [
            842.1622924804688,
            651.1165161132812,
            873.622314453125,
            676.4489135742188
        ],
        [
            1222.33642578125,
            700.5773315429688,
            1274.8306884765625,
            746.3115234375
        ],
        [
            834.14697265625,
            667.6159057617188,
            877.912109375,
            683.115966796875
        ],
        [
            765.1513061523438,
            676.9805908203125,
            810.8494873046875,
            702.8363037109375
        ]
    ],
    "scores": [
        0.9686656594276428,
        0.9681058526039124,
        0.9299449920654297,
        0.897898256778717,
        0.8109126687049866,
        0.7991255521774292,
        0.7014171481132507,
        0.3774808347225189,
        0.08939123898744583,
        0.05557455122470856
    ]
}