{
    "predicted_boxes": [
        [
            541.4949340820312,
            467.8031311035156,
            640.9321899414062,
            602.0958862304688
        ],
        [
            754.6873779296875,
            668.3388671875,
            776.7130126953125,
            685.3291625976562
        ],
        [
            746.1060791015625,
            619.2600708007812,
            790.78271484375,
            668.1344604492188
        ],
        [
            791.3671875,
            612.1267700195312,
            823.67626953125,
            642.3644409179688
        ]
    ],
    "scores": [
        0.9990480542182922,
        0.878787636756897,
        0.6324824690818787,
        0.6108304858207703
    ]
}