{
    "predicted_boxes": [
        [
            1122.3397216796875,
            664.2136840820312,
            1159.7105712890625,
            683.5159301757812
        ],
        [
            1108.166015625,
            606.9628295898438,
            1176.7950439453125,
            663.4495239257812
        ],
        [
            1234.20068359375,
            31.658784866333008,
            1292.5084228515625,
            76.79386138916016
        ],
        [
            0.0,
            653.8482055664062,
            181.1518096923828,
            762.026123046875
        ],
        [
            1383.633544921875,
            657.7894287109375,
            1399.8912353515625,
            710.984619140625
        ],
        [
            1811.66455078125,
            323.39483642578125,
            1892.1182861328125,
            481.8930358886719
        ],
        [
            3.1194522380828857,
            659.5457153320312,
            179.3988800048828,
            706.6444702148438
        ],
        [
            1111.9114990234375,
            718.520263671875,
            1119.0506591796875,
            731.9686279296875
        ],
        [
            1063.1348876953125,
            683.3073120117188,
            1077.706787109375,
            701.8345947265625
        ],
        [
            1237.2559814453125,
            678.8011474609375,
            1254.83935546875,
            701.0985717773438
        ],
        [
            1063.448974609375,
            692.6471557617188,
            1078.908935546875,
            715.640869140625
        ],
        [
            1060.2587890625,
            684.5702514648438,
            1079.8656005859375,
            720.9697265625
        ],
        [
            1238.1171875,
            696.6828002929688,
            1253.3680419921875,
            713.2493286132812
        ]
    ],
    "scores": [
        0.9976376295089722,
        0.9943386912345886,
        0.9917165637016296,
        0.9911275506019592,
        0.9161620736122131,
        0.560437023639679,
        0.49487799406051636,
        0.48276570439338684,
        0.44587114453315735,
        0.26545798778533936,
        0.13208146393299103,
        0.10222922265529633,
        0.05584630370140076
    ]
}