{
    "predicted_boxes": [
        [
            1686.6724853515625,
            41.14982604980469,
            1734.2772216796875,
            80.3304214477539
        ],
        [
            1018.4949340820312,
            674.604248046875,
            1051.0240478515625,
            706.8031005859375
        ],
        [
            1036.1043701171875,
            715.3133544921875,
            1054.2291259765625,
            731.8784790039062
        ],
        [
            1697.71630859375,
            79.2548599243164,
            1721.9727783203125,
            94.584228515625
        ]
    ],
    "scores": [
        0.920966625213623,
        0.8408324122428894,
        0.5223398804664612,
        0.4555567502975464
    ]
}