{
    "predicted_boxes": [
        [
            299.21405029296875,
            145.66197204589844,
            350.4990234375,
            207.9631805419922
        ],
        [
            300.65264892578125,
            158.70101928710938,
            357.92047119140625,
            252.0321502685547
        ],
        [
            306.2239685058594,
            199.49087524414062,
            360.1159973144531,
            249.37181091308594
        ],
        [
            315.01287841796875,
            227.48193359375,
            359.8016357421875,
            251.44149780273438
        ],
        [
            313.8536682128906,
            151.2929229736328,
            340.47998046875,
            195.0401153564453
        ]
    ],
    "scores": [
        0.994720458984375,
        0.979588508605957,
        0.692981481552124,
        0.5994254946708679,
        0.07661823183298111
    ]
}