{
    "predicted_boxes": [
        [
            1420.7734375,
            310.1913757324219,
            1580.7667236328125,
            430.5421142578125
        ],
        [
            0.0,
            1001.32666015625,
            132.1740264892578,
            1078.5972900390625
        ]
    ],
    "scores": [
        0.9970899820327759,
        0.09774529188871384
    ]
}