{
    "predicted_boxes": [
        [
            1234.84033203125,
            393.44451904296875,
            1318.963623046875,
            465.650634765625
        ],
        [
            87.1952133178711,
            396.4518737792969,
            179.60238647460938,
            463.4938659667969
        ],
        [
            1005.8622436523438,
            530.6924438476562,
            1011.6190795898438,
            542.9157104492188
        ],
        [
            0.0,
            1001.3194580078125,
            132.15872192382812,
            1078.6148681640625
        ],
        [
            1008.2850952148438,
            531.1533203125,
            1013.96142578125,
            543.0537109375
        ],
        [
            1007.301513671875,
            534.9589233398438,
            1011.8853149414062,
            544.0166015625
        ],
        [
            1005.3433837890625,
            528.9161987304688,
            1010.2777099609375,
            538.6431884765625
        ],
        [
            1833.915771484375,
            1031.3070068359375,
            1918.35791015625,
            1077.98046875
        ]
    ],
    "scores": [
        0.9991357922554016,
        0.9919245839118958,
        0.5955604314804077,
        0.1014476791024208,
        0.09731556475162506,
        0.06875231862068176,
        0.06629578769207001,
        0.051484160125255585
    ]
}