{
    "predicted_boxes": [
        [
            1351.5760498046875,
            340.9058532714844,
            1488.042236328125,
            444.28515625
        ],
        [
            0.0,
            1001.3242797851562,
            132.174072265625,
            1078.5982666015625
        ]
    ],
    "scores": [
        0.997751772403717,
        0.09775587916374207
    ]
}