{
    "predicted_boxes": [
        [
            1055.62646484375,
            494.79901123046875,
            1080.9085693359375,
            519.6448974609375
        ],
        [
            645.88525390625,
            492.48797607421875,
            673.2625122070312,
            515.3804321289062
        ],
        [
            0.01764295995235443,
            1001.1968383789062,
            131.98329162597656,
            1078.7076416015625
        ],
        [
            1020.7815551757812,
            543.2771606445312,
            1024.6016845703125,
            550.3659057617188
        ],
        [
            1022.1365966796875,
            543.81494140625,
            1025.9298095703125,
            550.9824829101562
        ],
        [
            885.4483642578125,
            850.2857055664062,
            1146.187744140625,
            1019.7621459960938
        ],
        [
            994.850830078125,
            538.2573852539062,
            998.8058471679688,
            544.6791381835938
        ],
        [
            995.6354370117188,
            542.9183959960938,
            998.8182373046875,
            548.9721069335938
        ],
        [
            996.030517578125,
            540.0545654296875,
            999.4248046875,
            545.7872924804688
        ],
        [
            1021.7546997070312,
            545.077880859375,
            1025.415283203125,
            553.735595703125
        ]
    ],
    "scores": [
        0.9970760345458984,
        0.9950972199440002,
        0.11101015657186508,
        0.09226015210151672,
        0.09127901494503021,
        0.08855564892292023,
        0.07119058817625046,
        0.06762563437223434,
        0.057798679918050766,
        0.05428188666701317
    ]
}