{
    "predicted_boxes": [
        [
            1074.0006103515625,
            484.26849365234375,
            1108.8604736328125,
            513.3719482421875
        ],
        [
            576.2108154296875,
            481.8255920410156,
            613.4105224609375,
            510.2567443847656
        ],
        [
            1031.7105712890625,
            544.12939453125,
            1036.366455078125,
            554.151123046875
        ],
        [
            1030.57177734375,
            544.3447875976562,
            1034.8519287109375,
            552.2021484375
        ],
        [
            1033.1329345703125,
            544.8903198242188,
            1037.586669921875,
            555.1480712890625
        ],
        [
            1030.654296875,
            546.64990234375,
            1035.5892333984375,
            556.4912109375
        ],
        [
            1032.3162841796875,
            548.4461059570312,
            1037.2030029296875,
            558.0675048828125
        ],
        [
            1031.26171875,
            550.170654296875,
            1034.7000732421875,
            559.7914428710938
        ],
        [
            996.4379272460938,
            543.2076416015625,
            999.3834838867188,
            549.4031982421875
        ],
        [
            1033.7791748046875,
            543.1881103515625,
            1038.3575439453125,
            552.4387817382812
        ],
        [
            0.0,
            1001.6317749023438,
            132.414794921875,
            1078.422119140625
        ],
        [
            996.5162353515625,
            546.3018798828125,
            999.566650390625,
            552.2625122070312
        ],
        [
            1029.044921875,
            544.6461791992188,
            1033.7369384765625,
            552.9180908203125
        ],
        [
            1030.92333984375,
            554.21630859375,
            1034.6722412109375,
            562.8161010742188
        ],
        [
            1030.2996826171875,
            542.3016357421875,
            1034.6873779296875,
            549.4262084960938
        ],
        [
            885.1597290039062,
            850.2862548828125,
            1145.5382080078125,
            1017.736572265625
        ],
        [
            1030.38134765625,
            555.6132202148438,
            1035.833251953125,
            564.8355712890625
        ]
    ],
    "scores": [
        0.9961563944816589,
        0.9921338558197021,
        0.8709765076637268,
        0.5604697465896606,
        0.4521515965461731,
        0.37730664014816284,
        0.27821946144104004,
        0.14194674789905548,
        0.09949138760566711,
        0.09741275757551193,
        0.08969496190547943,
        0.08541659265756607,
        0.07966601103544235,
        0.07802262902259827,
        0.07321065664291382,
        0.06524399667978287,
        0.05065536871552467
    ]
}