{
    "predicted_boxes": [
        [
            1127.6923828125,
            456.5081481933594,
            1177.0843505859375,
            503.2972412109375
        ],
        [
            414.52325439453125,
            458.07244873046875,
            466.5869445800781,
            495.3439025878906
        ],
        [
            1003.4572143554688,
            543.8112182617188,
            1007.3551025390625,
            552.5817260742188
        ],
        [
            1004.2228393554688,
            544.5010375976562,
            1008.4008178710938,
            555.02685546875
        ],
        [
            1052.519775390625,
            547.2700805664062,
            1057.418701171875,
            558.1345825195312
        ],
        [
            0.0,
            1001.6138305664062,
            132.55410766601562,
            1078.35498046875
        ],
        [
            885.038818359375,
            850.4035034179688,
            1145.6177978515625,
            1018.3809204101562
        ],
        [
            1002.5178833007812,
            545.5431518554688,
            1006.278076171875,
            554.0103759765625
        ]
    ],
    "scores": [
        0.997001588344574,
        0.9918777942657471,
        0.1354002207517624,
        0.10391642898321152,
        0.09760499000549316,
        0.08135738968849182,
        0.07997887581586838,
        0.0648818388581276
    ]
}