{
    "predicted_boxes": [
        [
            1055.5736083984375,
            494.73565673828125,
            1081.02978515625,
            519.7183227539062
        ],
        [
            645.8897705078125,
            492.4866027832031,
            673.2556762695312,
            515.3717651367188
        ],
        [
            0.01774735562503338,
            1001.1972045898438,
            131.98316955566406,
            1078.7073974609375
        ],
        [
            1020.7801513671875,
            543.3142700195312,
            1024.5989990234375,
            550.4266967773438
        ],
        [
            1022.2220458984375,
            542.835693359375,
            1025.841796875,
            549.6871948242188
        ],
        [
            885.4454345703125,
            850.2828369140625,
            1146.1922607421875,
            1019.76220703125
        ],
        [
            1022.01953125,
            544.6659545898438,
            1025.551513671875,
            551.8924560546875
        ],
        [
            994.8425903320312,
            538.3367919921875,
            998.7887573242188,
            544.7650756835938
        ],
        [
            995.6236572265625,
            543.0321044921875,
            998.7978515625,
            549.0950927734375
        ],
        [
            996.020263671875,
            540.0664672851562,
            999.4073486328125,
            545.8140869140625
        ]
    ],
    "scores": [
        0.9970368146896362,
        0.9950942993164062,
        0.11102405935525894,
        0.09738432615995407,
        0.09031205624341965,
        0.0883873701095581,
        0.08646877855062485,
        0.07098409533500671,
        0.06399581581354141,
        0.05641191080212593
    ]
}