{
    "predicted_boxes": [
        [
            1066.359619140625,
            488.8419189453125,
            1094.320556640625,
            515.96142578125
        ],
        [
            609.9756469726562,
            487.71881103515625,
            639.1768798828125,
            511.3782653808594
        ],
        [
            1028.47998046875,
            544.5098876953125,
            1035.1741943359375,
            556.0308227539062
        ],
        [
            1066.5638427734375,
            475.5495910644531,
            1096.01611328125,
            491.0965576171875
        ],
        [
            996.0684814453125,
            541.116943359375,
            999.8394165039062,
            550.23291015625
        ],
        [
            0.007505538407713175,
            1001.23779296875,
            131.9404754638672,
            1078.6767578125
        ],
        [
            997.7928466796875,
            543.2210083007812,
            1001.4619140625,
            551.8512573242188
        ],
        [
            997.1350708007812,
            545.2330932617188,
            1000.4555053710938,
            553.0730590820312
        ],
        [
            1028.7652587890625,
            547.0560913085938,
            1034.3770751953125,
            560.4166870117188
        ],
        [
            994.8971557617188,
            543.7694702148438,
            998.5335693359375,
            550.4982299804688
        ],
        [
            885.2422485351562,
            850.6001586914062,
            1146.0701904296875,
            1019.4492797851562
        ],
        [
            994.9470825195312,
            539.53076171875,
            999.5925903320312,
            547.63427734375
        ],
        [
            997.4146118164062,
            540.7974243164062,
            1001.0665283203125,
            548.4916381835938
        ]
    ],
    "scores": [
        0.9970834851264954,
        0.9770833253860474,
        0.315890908241272,
        0.16929730772972107,
        0.13624528050422668,
        0.10348055511713028,
        0.09266072511672974,
        0.0887582004070282,
        0.08423885703086853,
        0.0809832215309143,
        0.0719902291893959,
        0.06915763765573502,
        0.058407802134752274
    ]
}