{
    "predicted_boxes": [
        [
            1304.9149169921875,
            362.8564453125,
            1417.7027587890625,
            452.990966796875
        ],
        [
            0.0,
            1001.3250732421875,
            132.17404174804688,
            1078.597900390625
        ],
        [
            1009.0686645507812,
            534.8471069335938,
            1014.1285400390625,
            546.3504028320312
        ]
    ],
    "scores": [
        0.9986836314201355,
        0.09769498556852341,
        0.0675489753484726
    ]
}