{
    "predicted_boxes": [
        [
            1063.2733154296875,
            492.7412414550781,
            1088.7103271484375,
            516.9569702148438
        ],
        [
            622.408935546875,
            488.759033203125,
            651.3798828125,
            512.4530639648438
        ],
        [
            1025.8895263671875,
            545.32421875,
            1030.6182861328125,
            555.5397338867188
        ],
        [
            996.7117309570312,
            542.8031616210938,
            1000.0517578125,
            548.7892456054688
        ],
        [
            0.01856054738163948,
            1001.2008056640625,
            131.9767303466797,
            1078.699951171875
        ],
        [
            995.5772705078125,
            540.66357421875,
            999.7439575195312,
            547.8114624023438
        ],
        [
            997.1283569335938,
            540.270263671875,
            1000.5269165039062,
            546.2962646484375
        ],
        [
            885.4954833984375,
            850.2557983398438,
            1146.1148681640625,
            1019.5751953125
        ],
        [
            1026.2188720703125,
            543.2196655273438,
            1031.8475341796875,
            552.4043579101562
        ],
        [
            1027.3052978515625,
            545.2726440429688,
            1032.3385009765625,
            554.343017578125
        ],
        [
            996.0780639648438,
            538.23974609375,
            1000.4816284179688,
            545.2725219726562
        ],
        [
            997.0645751953125,
            546.699951171875,
            1000.2026977539062,
            552.7136840820312
        ],
        [
            997.9816284179688,
            540.5799560546875,
            1002.0087890625,
            546.8692016601562
        ],
        [
            998.3191528320312,
            543.6942749023438,
            1002.2298583984375,
            550.502685546875
        ],
        [
            994.6944580078125,
            544.5863037109375,
            998.30712890625,
            550.5496215820312
        ],
        [
            1140.2244873046875,
            556.4765014648438,
            1151.6951904296875,
            574.9156494140625
        ],
        [
            995.2401733398438,
            537.1262817382812,
            999.4984741210938,
            543.477783203125
        ]
    ],
    "scores": [
        0.9982366561889648,
        0.979917585849762,
        0.16872960329055786,
        0.11743774265050888,
        0.11027254164218903,
        0.10247612744569778,
        0.10208848863840103,
        0.09245344251394272,
        0.09036589413881302,
        0.08478067815303802,
        0.08469711989164352,
        0.08465932309627533,
        0.0737287849187851,
        0.07341521978378296,
        0.07142927497625351,
        0.053110525012016296,
        0.05027805641293526
    ]
}