{
    "predicted_boxes": [
        [
            1208.306884765625,
            411.12786865234375,
            1285.529296875,
            475.9110412597656
        ],
        [
            162.78750610351562,
            413.0338134765625,
            247.57427978515625,
            469.791015625
        ],
        [
            1076.513916015625,
            542.2796630859375,
            1084.6768798828125,
            556.67919921875
        ],
        [
            0.0,
            1001.3599243164062,
            132.19937133789062,
            1078.5726318359375
        ],
        [
            1008.0618896484375,
            537.5195922851562,
            1012.3866577148438,
            544.95751953125
        ]
    ],
    "scores": [
        0.9979372024536133,
        0.9966022968292236,
        0.3165048658847809,
        0.09921510517597198,
        0.05693931132555008
    ]
}