{
    "predicted_boxes": [
        [
            1185.9573974609375,
            428.7489929199219,
            1255.500244140625,
            488.77703857421875
        ],
        [
            228.86660766601562,
            430.0688781738281,
            307.90130615234375,
            483.5725402832031
        ],
        [
            1005.6572875976562,
            543.6721801757812,
            1011.0802612304688,
            553.6658935546875
        ],
        [
            1068.2169189453125,
            548.5931396484375,
            1076.900146484375,
            563.9853515625
        ],
        [
            1070.2276611328125,
            568.7256469726562,
            1076.46630859375,
            586.40185546875
        ],
        [
            1007.2119750976562,
            543.705322265625,
            1013.4544677734375,
            554.3425903320312
        ],
        [
            1003.8499755859375,
            543.1650390625,
            1008.4404296875,
            550.943603515625
        ],
        [
            1004.9020385742188,
            541.4591064453125,
            1009.8109130859375,
            550.3441772460938
        ],
        [
            1005.1058959960938,
            548.8932495117188,
            1009.2734985351562,
            555.8917236328125
        ],
        [
            0.0,
            1001.3703002929688,
            132.14453125,
            1078.60888671875
        ],
        [
            1002.6367797851562,
            543.4783935546875,
            1006.8984375,
            551.1441040039062
        ],
        [
            537.7437133789062,
            576.679931640625,
            555.7634887695312,
            627.462890625
        ],
        [
            882.7926635742188,
            846.5214233398438,
            1161.43310546875,
            1029.361572265625
        ],
        [
            1835.103271484375,
            1031.8653564453125,
            1918.165283203125,
            1078.031005859375
        ],
        [
            1002.4763793945312,
            545.855224609375,
            1006.2267456054688,
            553.4267578125
        ],
        [
            1007.0802612304688,
            546.2885131835938,
            1012.086181640625,
            558.04736328125
        ],
        [
            1068.9471435546875,
            549.8883666992188,
            1075.60205078125,
            573.6624755859375
        ]
    ],
    "scores": [
        0.9989683628082275,
        0.9951738715171814,
        0.6673010587692261,
        0.5189746618270874,
        0.36623671650886536,
        0.26840537786483765,
        0.16911041736602783,
        0.14928020536899567,
        0.13100996613502502,
        0.114677794277668,
        0.09374459832906723,
        0.08386953920125961,
        0.062402669340372086,
        0.06221247464418411,
        0.061797838658094406,
        0.059105098247528076,
        0.052062056958675385
    ]
}