{
    "predicted_boxes": [
        [
            1075.143310546875,
            485.3782958984375,
            1107.8681640625,
            513.2994995117188
        ],
        [
            576.6121826171875,
            482.17034912109375,
            613.3162231445312,
            510.3144226074219
        ],
        [
            1031.927978515625,
            544.3299560546875,
            1035.5640869140625,
            553.7908325195312
        ],
        [
            1032.8419189453125,
            542.8660888671875,
            1036.6942138671875,
            553.1478881835938
        ],
        [
            1031.0853271484375,
            542.7814331054688,
            1035.3712158203125,
            550.94970703125
        ],
        [
            1030.5906982421875,
            545.8564453125,
            1034.4453125,
            556.4138793945312
        ],
        [
            996.6979370117188,
            542.4224853515625,
            1000.156982421875,
            549.6422729492188
        ],
        [
            996.2133178710938,
            544.67822265625,
            999.5321655273438,
            551.07958984375
        ],
        [
            1033.60205078125,
            544.4500732421875,
            1038.1534423828125,
            552.8192138671875
        ],
        [
            0.0,
            1001.48876953125,
            132.05006408691406,
            1078.602294921875
        ],
        [
            1029.7225341796875,
            543.8558349609375,
            1033.994140625,
            551.8497924804688
        ],
        [
            1033.2431640625,
            546.30322265625,
            1036.864990234375,
            556.4308471679688
        ],
        [
            1031.7200927734375,
            549.1673583984375,
            1036.5150146484375,
            558.7772827148438
        ],
        [
            995.4481201171875,
            540.1671752929688,
            999.0326538085938,
            547.0599365234375
        ],
        [
            994.6430053710938,
            544.4658813476562,
            998.1218872070312,
            550.7025756835938
        ],
        [
            884.9882202148438,
            850.7056274414062,
            1146.018798828125,
            1020.5989990234375
        ],
        [
            998.0374145507812,
            544.9198608398438,
            1001.3125,
            551.8383178710938
        ]
    ],
    "scores": [
        0.9972090125083923,
        0.9934036135673523,
        0.7114669680595398,
        0.392378032207489,
        0.31737959384918213,
        0.250191330909729,
        0.12231665104627609,
        0.11891964077949524,
        0.09785832464694977,
        0.09751345217227936,
        0.09465739876031876,
        0.09381739795207977,
        0.09065451472997665,
        0.0700257271528244,
        0.06887583434581757,
        0.0654679387807846,
        0.057956576347351074
    ]
}