{
    "predicted_boxes": [
        [
            1087.2904052734375,
            478.801025390625,
            1122.8887939453125,
            510.6114807128906
        ],
        [
            540.6572265625,
            476.57977294921875,
            582.043212890625,
            508.25921630859375
        ],
        [
            997.8412475585938,
            543.6553955078125,
            1001.621337890625,
            553.7590942382812
        ],
        [
            1039.2003173828125,
            544.3660278320312,
            1043.2525634765625,
            559.7357177734375
        ],
        [
            999.0833740234375,
            543.4205322265625,
            1003.0770874023438,
            553.0813598632812
        ],
        [
            997.0819702148438,
            544.9011840820312,
            1000.4019165039062,
            553.5177612304688
        ],
        [
            1038.670166015625,
            543.8569946289062,
            1043.216796875,
            552.630615234375
        ],
        [
            996.7966918945312,
            542.053466796875,
            1000.7847290039062,
            551.5519409179688
        ],
        [
            0.0,
            1001.6953125,
            132.5880889892578,
            1078.4442138671875
        ],
        [
            884.7905883789062,
            850.3772583007812,
            1146.9261474609375,
            1019.1782836914062
        ],
        [
            997.8941040039062,
            541.5466918945312,
            1001.3925170898438,
            548.6717529296875
        ],
        [
            1040.1629638671875,
            544.7349853515625,
            1044.7408447265625,
            556.9239501953125
        ],
        [
            1038.013916015625,
            545.733154296875,
            1041.9678955078125,
            561.8218383789062
        ]
    ],
    "scores": [
        0.9966590404510498,
        0.9962531328201294,
        0.351450115442276,
        0.19101613759994507,
        0.1507473737001419,
        0.12731751799583435,
        0.10392425209283829,
        0.09881278872489929,
        0.08397691696882248,
        0.0685838982462883,
        0.0676639974117279,
        0.057081226259469986,
        0.052625689655542374
    ]
}