{
    "predicted_boxes": [
        [
            1140.9444580078125,
            450.9092712402344,
            1191.5233154296875,
            498.8764953613281
        ],
        [
            378.34307861328125,
            452.8208923339844,
            431.3638000488281,
            492.3599548339844
        ],
        [
            1143.3604736328125,
            500.47027587890625,
            1189.2186279296875,
            542.255859375
        ],
        [
            1003.9092407226562,
            543.1538696289062,
            1008.287841796875,
            551.3956909179688
        ],
        [
            1056.610595703125,
            546.8128051757812,
            1063.1827392578125,
            559.0762329101562
        ],
        [
            0.0,
            1001.612060546875,
            132.5536651611328,
            1078.3555908203125
        ],
        [
            1004.9862060546875,
            542.1651000976562,
            1009.6483764648438,
            552.0776977539062
        ],
        [
            885.0864868164062,
            850.4481201171875,
            1145.6353759765625,
            1018.3197631835938
        ],
        [
            1004.0763549804688,
            545.26904296875,
            1007.6947021484375,
            553.7848510742188
        ],
        [
            1002.337890625,
            543.59814453125,
            1005.5254516601562,
            550.2476196289062
        ],
        [
            1004.4948120117188,
            541.4805297851562,
            1008.648193359375,
            548.83935546875
        ]
    ],
    "scores": [
        0.9978390336036682,
        0.9964407086372375,
        0.2337327003479004,
        0.11450044810771942,
        0.11006536334753036,
        0.08138579875230789,
        0.08091899752616882,
        0.0803230032324791,
        0.07813392579555511,
        0.06936878710985184,
        0.05378907173871994
    ]
}