{
    "predicted_boxes": [
        [
            1052.8016357421875,
            495.3277282714844,
            1077.1005859375,
            521.7591552734375
        ],
        [
            655.4010009765625,
            494.06158447265625,
            681.5314331054688,
            517.4136962890625
        ],
        [
            1021.4519653320312,
            543.916015625,
            1025.70654296875,
            552.9036865234375
        ],
        [
            994.9330444335938,
            544.7264404296875,
            998.1891479492188,
            550.1619873046875
        ],
        [
            994.1353149414062,
            541.907958984375,
            997.50341796875,
            548.0540161132812
        ],
        [
            995.7144775390625,
            539.0692749023438,
            999.2188720703125,
            546.3370361328125
        ],
        [
            0.0152033856138587,
            1001.2008056640625,
            131.9908447265625,
            1078.7044677734375
        ],
        [
            1020.1663208007812,
            544.284423828125,
            1024.2491455078125,
            553.6448974609375
        ],
        [
            996.8098754882812,
            544.568115234375,
            999.8323364257812,
            551.06494140625
        ],
        [
            885.5702514648438,
            850.2819213867188,
            1145.9842529296875,
            1019.50244140625
        ],
        [
            996.958984375,
            541.578369140625,
            1000.4005737304688,
            548.18603515625
        ],
        [
            1022.2628784179688,
            544.9180297851562,
            1026.9267578125,
            555.8214111328125
        ],
        [
            996.7515258789062,
            538.1746215820312,
            1000.41357421875,
            544.2542724609375
        ],
        [
            997.5630493164062,
            539.6755981445312,
            1000.9905395507812,
            546.5885620117188
        ]
    ],
    "scores": [
        0.9982089996337891,
        0.9965044260025024,
        0.2815622091293335,
        0.18896172940731049,
        0.1809612661600113,
        0.13213485479354858,
        0.11072096228599548,
        0.10348337143659592,
        0.0836813747882843,
        0.08364299684762955,
        0.08177483081817627,
        0.07218733429908752,
        0.062032684683799744,
        0.0567239411175251
    ]
}