{
    "predicted_boxes": [
        [
            1040.9254150390625,
            499.6993408203125,
            1061.7001953125,
            523.1646118164062
        ],
        [
            690.403076171875,
            499.2843933105469,
            714.732177734375,
            519.4221801757812
        ],
        [
            1079.0814208984375,
            550.359619140625,
            1086.2474365234375,
            572.453125
        ],
        [
            0.15675365924835205,
            1001.1821899414062,
            131.8592987060547,
            1078.6697998046875
        ],
        [
            885.1932983398438,
            850.402587890625,
            1145.2801513671875,
            1019.677490234375
        ],
        [
            993.1353149414062,
            541.24072265625,
            996.7124633789062,
            546.86962890625
        ],
        [
            1080.0142822265625,
            558.5241088867188,
            1084.7308349609375,
            577.4616088867188
        ]
    ],
    "scores": [
        0.9987558126449585,
        0.9809138178825378,
        0.6731332540512085,
        0.13986247777938843,
        0.09165158867835999,
        0.07546862959861755,
        0.05762214958667755
    ]
}