{
    "predicted_boxes": [
        [
            1043.5675048828125,
            497.97015380859375,
            1065.344482421875,
            522.2076416015625
        ],
        [
            681.5325317382812,
            498.40606689453125,
            706.6736450195312,
            518.9193725585938
        ],
        [
            1.0158095359802246,
            478.06103515625,
            31.499343872070312,
            569.9436645507812
        ],
        [
            1086.326416015625,
            549.5796508789062,
            1093.1456298828125,
            590.3165283203125
        ],
        [
            0.1475503146648407,
            1001.180908203125,
            131.8599853515625,
            1078.673828125
        ],
        [
            992.8012084960938,
            540.7946166992188,
            995.9187622070312,
            546.6372680664062
        ],
        [
            885.026123046875,
            850.294189453125,
            1145.5594482421875,
            1019.9640502929688
        ],
        [
            994.03369140625,
            540.9320678710938,
            997.2918701171875,
            546.1775512695312
        ],
        [
            1086.478759765625,
            549.8497924804688,
            1093.560302734375,
            566.2720947265625
        ]
    ],
    "scores": [
        0.9988162517547607,
        0.9928911924362183,
        0.2141648381948471,
        0.20055097341537476,
        0.13960498571395874,
        0.09560824930667877,
        0.08924832940101624,
        0.07829035073518753,
        0.07427240163087845
    ]
}