{
    "predicted_boxes": [
        [
            1185.9595947265625,
            428.74981689453125,
            1255.4996337890625,
            488.77618408203125
        ],
        [
            228.84375,
            430.08013916015625,
            307.8296813964844,
            483.53363037109375
        ],
        [
            1005.65966796875,
            543.6722412109375,
            1011.0828247070312,
            553.6658325195312
        ],
        [
            1068.21533203125,
            548.5922241210938,
            1076.90283203125,
            563.9860229492188
        ],
        [
            1070.224609375,
            568.7130126953125,
            1076.46923828125,
            586.4042358398438
        ],
        [
            1007.21484375,
            543.7047729492188,
            1013.4580688476562,
            554.3414916992188
        ],
        [
            1003.8502807617188,
            543.16455078125,
            1008.4410400390625,
            550.9430541992188
        ],
        [
            1004.9065551757812,
            541.4593505859375,
            1009.8162841796875,
            550.3441162109375
        ],
        [
            1005.106201171875,
            548.8927612304688,
            1009.27392578125,
            555.891357421875
        ],
        [
            0.0,
            1001.3703002929688,
            132.14453125,
            1078.60888671875
        ],
        [
            1002.636962890625,
            543.4780883789062,
            1006.8988037109375,
            551.143798828125
        ],
        [
            537.7437133789062,
            576.6799926757812,
            555.763427734375,
            627.462890625
        ],
        [
            882.7770385742188,
            846.5255126953125,
            1161.4202880859375,
            1029.3275146484375
        ],
        [
            1002.476806640625,
            545.855224609375,
            1006.2271728515625,
            553.426513671875
        ],
        [
            1835.0777587890625,
            1031.8768310546875,
            1918.1446533203125,
            1078.03271484375
        ],
        [
            1007.0816650390625,
            546.28955078125,
            1012.088623046875,
            558.0451049804688
        ],
        [
            1068.9449462890625,
            549.890625,
            1075.6038818359375,
            573.6951293945312
        ]
    ],
    "scores": [
        0.9989683628082275,
        0.9951379895210266,
        0.6678978800773621,
        0.518389105796814,
        0.366556316614151,
        0.2683279812335968,
        0.16927047073841095,
        0.14979703724384308,
        0.13124655187129974,
        0.114677794277668,
        0.09381038695573807,
        0.08387400209903717,
        0.06352583318948746,
        0.061858177185058594,
        0.06125253066420555,
        0.059274788945913315,
        0.05182214826345444
    ]
}