{
    "predicted_boxes": [
        [
            1049.2161865234375,
            496.7819519042969,
            1072.0537109375,
            521.5833129882812
        ],
        [
            665.2762451171875,
            495.6918640136719,
            691.99853515625,
            517.0864868164062
        ],
        [
            1100.2989501953125,
            553.0904541015625,
            1107.7196044921875,
            578.2333374023438
        ],
        [
            1019.4837036132812,
            544.5523681640625,
            1023.71435546875,
            553.60595703125
        ],
        [
            1020.323486328125,
            543.8968505859375,
            1025.175537109375,
            555.4691772460938
        ],
        [
            0.022219909355044365,
            1001.1906127929688,
            131.98599243164062,
            1078.704345703125
        ],
        [
            995.4553833007812,
            545.9612426757812,
            998.60302734375,
            551.489013671875
        ],
        [
            1018.5196533203125,
            544.99072265625,
            1022.78125,
            558.862548828125
        ],
        [
            885.32177734375,
            850.2540283203125,
            1146.3585205078125,
            1019.7422485351562
        ],
        [
            1020.6703491210938,
            543.5401000976562,
            1024.198974609375,
            551.605712890625
        ],
        [
            1019.1561889648438,
            542.9699096679688,
            1022.785400390625,
            550.2670288085938
        ],
        [
            995.6729736328125,
            542.4708251953125,
            998.9761962890625,
            547.9976196289062
        ],
        [
            1101.2430419921875,
            553.5941162109375,
            1108.1558837890625,
            567.98193359375
        ]
    ],
    "scores": [
        0.9983487129211426,
        0.9935541152954102,
        0.296826034784317,
        0.1352662444114685,
        0.1180003434419632,
        0.1107451468706131,
        0.08951812237501144,
        0.08379406481981277,
        0.08324744552373886,
        0.0754297748208046,
        0.07070231437683105,
        0.06572867929935455,
        0.05605044960975647
    ]
}