{
    "predicted_boxes": [
        [
            1094.0360107421875,
            472.89752197265625,
            1130.5736083984375,
            510.535888671875
        ],
        [
            520.836181640625,
            473.206787109375,
            562.2047119140625,
            507.2664794921875
        ],
        [
            0.0,
            1001.698486328125,
            132.57774353027344,
            1078.4122314453125
        ],
        [
            884.8275146484375,
            850.6251831054688,
            1145.6761474609375,
            1018.2428588867188
        ]
    ],
    "scores": [
        0.9964324235916138,
        0.9930688142776489,
        0.08420836925506592,
        0.06467871367931366
    ]
}