{
    "predicted_boxes": [
        [
            1045.9110107421875,
            498.391357421875,
            1067.6009521484375,
            522.3576049804688
        ],
        [
            673.6707763671875,
            496.55914306640625,
            698.098388671875,
            518.3526000976562
        ],
        [
            1093.745849609375,
            551.5237426757812,
            1100.345458984375,
            578.1607055664062
        ],
        [
            1093.8857421875,
            551.7764282226562,
            1101.1348876953125,
            564.351806640625
        ],
        [
            0.020351767539978027,
            1001.1858520507812,
            131.977294921875,
            1078.70703125
        ],
        [
            885.2893676757812,
            850.3389892578125,
            1146.158447265625,
            1019.4718017578125
        ],
        [
            1092.6182861328125,
            556.8370971679688,
            1098.130126953125,
            578.8949584960938
        ]
    ],
    "scores": [
        0.998480498790741,
        0.9963053464889526,
        0.5888316035270691,
        0.27232277393341064,
        0.11099196970462799,
        0.0825459435582161,
        0.05560583248734474
    ]
}