{
    "predicted_boxes": [
        [
            1127.7724609375,
            456.4703674316406,
            1176.9930419921875,
            503.31585693359375
        ],
        [
            414.53570556640625,
            458.10577392578125,
            466.63104248046875,
            495.2754821777344
        ],
        [
            1003.9715576171875,
            544.056396484375,
            1007.7252807617188,
            552.548095703125
        ],
        [
            0.0,
            1001.61279296875,
            132.55398559570312,
            1078.355224609375
        ],
        [
            885.0419921875,
            850.4229125976562,
            1145.9263916015625,
            1018.4072875976562
        ],
        [
            1052.3006591796875,
            547.12451171875,
            1056.9725341796875,
            557.71826171875
        ],
        [
            1004.729736328125,
            544.8502197265625,
            1008.9163208007812,
            555.3602905273438
        ]
    ],
    "scores": [
        0.997000515460968,
        0.9916286468505859,
        0.10138339549303055,
        0.08133256435394287,
        0.08007187396287918,
        0.06821401417255402,
        0.05940702185034752
    ]
}