{
    "predicted_boxes": [
        [
            1127.74853515625,
            456.572265625,
            1176.9588623046875,
            503.0086975097656
        ],
        [
            414.5306091308594,
            458.07525634765625,
            466.580322265625,
            495.40350341796875
        ],
        [
            1003.9878540039062,
            544.0643920898438,
            1007.7450561523438,
            552.5641479492188
        ],
        [
            1052.551513671875,
            547.309326171875,
            1057.4146728515625,
            558.1190795898438
        ],
        [
            0.0,
            1001.6136474609375,
            132.5545654296875,
            1078.35498046875
        ],
        [
            885.0416870117188,
            850.4033203125,
            1145.62255859375,
            1018.3828735351562
        ],
        [
            1004.7086181640625,
            544.836181640625,
            1008.893310546875,
            555.3751220703125
        ]
    ],
    "scores": [
        0.9969857335090637,
        0.9918598532676697,
        0.10027416795492172,
        0.081499844789505,
        0.08133502304553986,
        0.08008117228746414,
        0.059766314923763275
    ]
}