{
    "predicted_boxes": [
        [
            1118.3516845703125,
            461.8277893066406,
            1162.25048828125,
            505.6385192871094
        ],
        [
            444.53045654296875,
            461.30438232421875,
            493.0457458496094,
            497.89288330078125
        ],
        [
            1050.3548583984375,
            546.3975830078125,
            1056.3238525390625,
            557.2259521484375
        ],
        [
            1051.2822265625,
            567.2861938476562,
            1056.56884765625,
            577.135498046875
        ],
        [
            1049.9608154296875,
            564.9568481445312,
            1054.9527587890625,
            575.1054077148438
        ],
        [
            1049.195556640625,
            547.060546875,
            1055.08447265625,
            562.5599365234375
        ],
        [
            0.0,
            1001.6138305664062,
            132.56271362304688,
            1078.353759765625
        ],
        [
            885.1494140625,
            850.4681396484375,
            1145.57421875,
            1018.3134155273438
        ],
        [
            1050.2098388671875,
            567.443359375,
            1054.3642578125,
            578.424072265625
        ]
    ],
    "scores": [
        0.9979460835456848,
        0.9932171702384949,
        0.2978476583957672,
        0.18737831711769104,
        0.17466403543949127,
        0.11449024081230164,
        0.08112946152687073,
        0.07957005500793457,
        0.07189051061868668
    ]
}