{
    "predicted_boxes": [
        [
            1066.40771484375,
            488.13604736328125,
            1094.56298828125,
            516.2117309570312
        ],
        [
            609.7229614257812,
            487.7264709472656,
            639.1475830078125,
            511.3970031738281
        ],
        [
            1028.58837890625,
            544.3731079101562,
            1035.4091796875,
            556.044921875
        ],
        [
            1066.6671142578125,
            475.7032775878906,
            1096.03271484375,
            490.6253662109375
        ],
        [
            995.7276000976562,
            541.0799560546875,
            999.5780029296875,
            550.1729736328125
        ],
        [
            997.189208984375,
            542.7607421875,
            1000.8871459960938,
            550.4993286132812
        ],
        [
            0.007263778708875179,
            1001.237548828125,
            131.9411163330078,
            1078.6766357421875
        ],
        [
            1028.6524658203125,
            546.9561767578125,
            1034.451904296875,
            560.8497314453125
        ],
        [
            885.3048095703125,
            850.6465454101562,
            1145.82373046875,
            1019.3258056640625
        ],
        [
            994.9552612304688,
            539.0940551757812,
            999.6142578125,
            547.2027587890625
        ],
        [
            998.5463256835938,
            542.349609375,
            1002.8593139648438,
            550.997802734375
        ],
        [
            998.3187255859375,
            546.0453491210938,
            1002.349853515625,
            552.3721313476562
        ]
    ],
    "scores": [
        0.995850682258606,
        0.9818212389945984,
        0.2962912917137146,
        0.19733434915542603,
        0.14709460735321045,
        0.11633320152759552,
        0.10337447375059128,
        0.07657526433467865,
        0.07130657136440277,
        0.05772179737687111,
        0.05288727581501007,
        0.05233551561832428
    ]
}