{
    "predicted_boxes": [
        [
            1208.3551025390625,
            411.103515625,
            1285.4715576171875,
            475.90924072265625
        ],
        [
            162.78890991210938,
            413.0379943847656,
            247.57379150390625,
            469.7840270996094
        ],
        [
            1076.5208740234375,
            542.2786254882812,
            1084.677001953125,
            556.6775512695312
        ],
        [
            0.0,
            1001.3599243164062,
            132.1993865966797,
            1078.5726318359375
        ],
        [
            1008.0680541992188,
            537.4802856445312,
            1012.3901977539062,
            544.9078979492188
        ]
    ],
    "scores": [
        0.9979793429374695,
        0.996584415435791,
        0.31856340169906616,
        0.09921516478061676,
        0.05653091147542
    ]
}