{
    "predicted_boxes": [
        [
            1081.5164794921875,
            481.5640563964844,
            1115.5623779296875,
            511.91845703125
        ],
        [
            561.2191772460938,
            480.8727722167969,
            598.1298217773438,
            508.7989196777344
        ],
        [
            1034.03662109375,
            545.191650390625,
            1037.9215087890625,
            554.3350219726562
        ],
        [
            998.3305053710938,
            544.4863891601562,
            1001.653076171875,
            553.380615234375
        ],
        [
            997.340087890625,
            544.5402221679688,
            1000.560302734375,
            551.4395141601562
        ],
        [
            997.910888671875,
            543.0048217773438,
            1001.2378540039062,
            549.552490234375
        ],
        [
            998.0307006835938,
            547.2484130859375,
            1001.0148315429688,
            554.6287841796875
        ],
        [
            1032.687744140625,
            545.8671875,
            1036.4644775390625,
            555.0891723632812
        ],
        [
            998.6797485351562,
            547.668701171875,
            1002.3197021484375,
            555.45703125
        ],
        [
            0.0,
            1001.7274780273438,
            132.509521484375,
            1078.4473876953125
        ],
        [
            997.0007934570312,
            541.3365478515625,
            1000.8366088867188,
            548.7006225585938
        ],
        [
            1034.9764404296875,
            546.5188598632812,
            1038.9801025390625,
            556.7315673828125
        ],
        [
            884.7540893554688,
            850.2838134765625,
            1145.8890380859375,
            1018.1846923828125
        ],
        [
            999.37744140625,
            545.0103149414062,
            1002.8026733398438,
            553.7330932617188
        ]
    ],
    "scores": [
        0.997287392616272,
        0.9945855736732483,
        0.27264150977134705,
        0.2068246454000473,
        0.1602470725774765,
        0.15853852033615112,
        0.12966077029705048,
        0.12040545046329498,
        0.10171042382717133,
        0.08533070236444473,
        0.071609266102314,
        0.0687628909945488,
        0.06362511962652206,
        0.05727620795369148
    ]
}