{
    "predicted_boxes": [
        [
            1040.9295654296875,
            499.7076110839844,
            1061.6939697265625,
            523.1567993164062
        ],
        [
            690.4173583984375,
            499.2837219238281,
            714.72607421875,
            519.4395751953125
        ],
        [
            1079.081298828125,
            550.3472900390625,
            1086.2586669921875,
            572.4166259765625
        ],
        [
            0.18446262180805206,
            1001.142822265625,
            131.8047332763672,
            1078.64794921875
        ],
        [
            993.427001953125,
            540.6439819335938,
            996.951416015625,
            546.2866821289062
        ],
        [
            885.304443359375,
            850.4513549804688,
            1145.693603515625,
            1020.0718994140625
        ],
        [
            1079.9664306640625,
            558.52392578125,
            1084.69580078125,
            577.3492431640625
        ]
    ],
    "scores": [
        0.9987567663192749,
        0.9812164902687073,
        0.6753160953521729,
        0.14311379194259644,
        0.07434983551502228,
        0.07307220995426178,
        0.056714076548814774
    ]
}