{
    "predicted_boxes": [
        [
            1152.8394775390625,
            447.8779602050781,
            1210.4530029296875,
            494.1784362792969
        ],
        [
            334.45220947265625,
            446.46881103515625,
            395.7281188964844,
            490.83056640625
        ],
        [
            1059.7110595703125,
            547.0101928710938,
            1068.4061279296875,
            561.745361328125
        ],
        [
            1060.48388671875,
            567.5367431640625,
            1065.629638671875,
            581.6057739257812
        ],
        [
            1062.4229736328125,
            567.8145751953125,
            1067.54296875,
            580.656982421875
        ],
        [
            0.0,
            1001.8161010742188,
            132.4976806640625,
            1078.1976318359375
        ],
        [
            1059.75244140625,
            571.6013793945312,
            1064.0572509765625,
            583.3656616210938
        ],
        [
            884.8678588867188,
            850.5242919921875,
            1145.88330078125,
            1018.4348754882812
        ],
        [
            1062.9969482421875,
            547.5137329101562,
            1069.386962890625,
            558.1582641601562
        ],
        [
            1004.0501098632812,
            543.0529174804688,
            1007.3304443359375,
            549.9823608398438
        ]
    ],
    "scores": [
        0.9984625577926636,
        0.9927675724029541,
        0.49528661370277405,
        0.44585081934928894,
        0.16676288843154907,
        0.08438164740800858,
        0.08313436806201935,
        0.0705709457397461,
        0.05399136245250702,
        0.05115985870361328
    ]
}