{
    "predicted_boxes": [
        [
            1351.5015869140625,
            341.2727966308594,
            1488.03125,
            444.3731689453125
        ],
        [
            0.0,
            1001.3242797851562,
            132.17408752441406,
            1078.59814453125
        ]
    ],
    "scores": [
        0.9978687763214111,
        0.09772413223981857
    ]
}