{
    "predicted_boxes": [
        [
            1118.333251953125,
            461.79541015625,
            1162.603759765625,
            506.0701904296875
        ],
        [
            445.03350830078125,
            461.1767578125,
            492.9768981933594,
            498.1437072753906
        ],
        [
            1050.260498046875,
            565.2734985351562,
            1055.21484375,
            575.6516723632812
        ],
        [
            1050.2030029296875,
            546.2367553710938,
            1056.0618896484375,
            557.1170043945312
        ],
        [
            1051.162109375,
            567.2185668945312,
            1056.4285888671875,
            577.2815551757812
        ],
        [
            1049.7679443359375,
            547.623046875,
            1055.7996826171875,
            563.6834716796875
        ],
        [
            1048.8067626953125,
            546.5590209960938,
            1053.7547607421875,
            557.5025634765625
        ],
        [
            1049.974609375,
            567.4943237304688,
            1054.1707763671875,
            578.7139282226562
        ],
        [
            0.0,
            1001.6138305664062,
            132.5620574951172,
            1078.353759765625
        ],
        [
            885.1515502929688,
            850.4586791992188,
            1145.5810546875,
            1018.3296508789062
        ]
    ],
    "scores": [
        0.9977520108222961,
        0.9938234090805054,
        0.32540369033813477,
        0.256243497133255,
        0.25548404455184937,
        0.1201477125287056,
        0.10693153738975525,
        0.08373498916625977,
        0.0811530351638794,
        0.08021099865436554
    ]
}