{
    "predicted_boxes": [
        [
            1266.004638671875,
            379.25714111328125,
            1362.0670166015625,
            459.6598205566406
        ],
        [
            3.4836742877960205,
            386.1210632324219,
            101.56551361083984,
            448.0085144042969
        ],
        [
            0.0,
            1001.3242797851562,
            132.17401123046875,
            1078.597900390625
        ],
        [
            1008.725830078125,
            532.993408203125,
            1012.9658203125,
            543.0661010742188
        ]
    ],
    "scores": [
        0.9993430972099304,
        0.6367196440696716,
        0.0977136418223381,
        0.07490688562393188
    ]
}