{
    "predicted_boxes": [
        [
            1081.5906982421875,
            481.796630859375,
            1116.3668212890625,
            511.69012451171875
        ],
        [
            561.3148803710938,
            480.9095458984375,
            597.84619140625,
            508.63653564453125
        ],
        [
            998.4193115234375,
            545.6073608398438,
            1002.7074584960938,
            555.054931640625
        ],
        [
            1034.00634765625,
            544.8218383789062,
            1037.899169921875,
            556.8433837890625
        ],
        [
            997.4906616210938,
            544.6707763671875,
            1001.5628051757812,
            553.8316650390625
        ],
        [
            997.564697265625,
            543.1080322265625,
            1001.1040649414062,
            549.88623046875
        ],
        [
            998.1107788085938,
            547.5095825195312,
            1001.1585693359375,
            555.4191284179688
        ],
        [
            0.0,
            1001.72509765625,
            132.52194213867188,
            1078.4505615234375
        ],
        [
            1034.7816162109375,
            546.0588989257812,
            1039.58447265625,
            554.9042358398438
        ],
        [
            998.5640869140625,
            542.0294189453125,
            1002.0885009765625,
            549.0386962890625
        ],
        [
            996.56591796875,
            543.1489868164062,
            999.9067993164062,
            550.5079345703125
        ],
        [
            884.7600708007812,
            850.2866821289062,
            1145.9354248046875,
            1018.1886596679688
        ],
        [
            1033.477294921875,
            548.1209106445312,
            1037.149658203125,
            558.888427734375
        ],
        [
            996.9150390625,
            547.0750122070312,
            1000.3590698242188,
            553.8065795898438
        ]
    ],
    "scores": [
        0.997296154499054,
        0.9931273460388184,
        0.1873822957277298,
        0.186830535531044,
        0.1794922649860382,
        0.1428760290145874,
        0.11575128138065338,
        0.08444581925868988,
        0.07404196262359619,
        0.0692153126001358,
        0.06845636665821075,
        0.0642746090888977,
        0.06426942348480225,
        0.05581216514110565
    ]
}