{
    "predicted_boxes": [
        [
            1234.783447265625,
            393.4126892089844,
            1318.8809814453125,
            465.74468994140625
        ],
        [
            87.15447235107422,
            397.0413818359375,
            179.8226776123047,
            464.1793212890625
        ],
        [
            1005.868408203125,
            530.7742309570312,
            1011.9946899414062,
            542.6066284179688
        ],
        [
            1007.8037109375,
            532.0437622070312,
            1013.6497192382812,
            542.9060668945312
        ],
        [
            0.0,
            1001.3192749023438,
            132.1595916748047,
            1078.6146240234375
        ],
        [
            1007.2307739257812,
            534.6076049804688,
            1011.8876953125,
            543.6990356445312
        ],
        [
            1833.78564453125,
            1031.23388671875,
            1918.3199462890625,
            1077.9771728515625
        ]
    ],
    "scores": [
        0.9991956353187561,
        0.9925411939620972,
        0.5110145807266235,
        0.1714598685503006,
        0.10136774927377701,
        0.07622355967760086,
        0.050440944731235504
    ]
}