{
    "predicted_boxes": [
        [
            1305.03759765625,
            362.8575439453125,
            1417.7510986328125,
            452.83990478515625
        ],
        [
            0.0,
            1001.3250122070312,
            132.17393493652344,
            1078.597900390625
        ],
        [
            1009.0840454101562,
            534.82177734375,
            1014.1524047851562,
            546.3562622070312
        ]
    ],
    "scores": [
        0.9986305236816406,
        0.09770975261926651,
        0.06578992307186127
    ]
}