{
    "predicted_boxes": [
        [
            1066.3941650390625,
            488.0075988769531,
            1094.6246337890625,
            516.40869140625
        ],
        [
            609.71240234375,
            487.72955322265625,
            639.1369018554688,
            511.40106201171875
        ],
        [
            1028.5662841796875,
            544.3953247070312,
            1035.38525390625,
            556.0086669921875
        ],
        [
            1066.6455078125,
            475.7101745605469,
            1096.0164794921875,
            490.7030334472656
        ],
        [
            995.7362670898438,
            541.0872802734375,
            999.5944213867188,
            550.1458740234375
        ],
        [
            997.1917724609375,
            542.7600708007812,
            1000.9025268554688,
            550.4698486328125
        ],
        [
            995.0238647460938,
            543.4701538085938,
            998.6917114257812,
            550.1649169921875
        ],
        [
            0.007379163987934589,
            1001.23779296875,
            131.94094848632812,
            1078.676513671875
        ],
        [
            1028.658447265625,
            547.0364379882812,
            1034.44580078125,
            560.8770141601562
        ],
        [
            885.3088989257812,
            850.6582641601562,
            1145.8006591796875,
            1019.2996826171875
        ],
        [
            994.9490356445312,
            539.08642578125,
            999.6213989257812,
            547.1748046875
        ],
        [
            998.2550048828125,
            546.0206909179688,
            1002.3065185546875,
            552.3110961914062
        ],
        [
            998.5482788085938,
            542.4019165039062,
            1002.876220703125,
            551.0269775390625
        ],
        [
            997.1464233398438,
            547.637451171875,
            1000.7830200195312,
            554.441162109375
        ]
    ],
    "scores": [
        0.9956615567207336,
        0.9803062677383423,
        0.2963133156299591,
        0.1918841302394867,
        0.15344542264938354,
        0.12189580500125885,
        0.10585261136293411,
        0.10340939462184906,
        0.0760805532336235,
        0.07119152694940567,
        0.059666894376277924,
        0.05766686052083969,
        0.05651445686817169,
        0.05275597795844078
    ]
}