{
    "predicted_boxes": [
        [
            1063.2366943359375,
            492.7405090332031,
            1088.765625,
            516.9564208984375
        ],
        [
            622.4342651367188,
            488.7597351074219,
            651.388671875,
            512.448486328125
        ],
        [
            1025.899169921875,
            545.3218994140625,
            1030.6329345703125,
            555.5017700195312
        ],
        [
            996.7236328125,
            542.8080444335938,
            1000.0530395507812,
            548.7954711914062
        ],
        [
            0.01856054738163948,
            1001.2008056640625,
            131.97674560546875,
            1078.699951171875
        ],
        [
            997.11328125,
            540.2636108398438,
            1000.5126342773438,
            546.2977905273438
        ],
        [
            995.5787353515625,
            540.6749267578125,
            999.7329711914062,
            547.8165283203125
        ],
        [
            885.4956665039062,
            850.2559204101562,
            1146.1142578125,
            1019.5747680664062
        ],
        [
            1026.1727294921875,
            543.1602783203125,
            1031.75048828125,
            552.3093872070312
        ],
        [
            996.0662231445312,
            538.2745361328125,
            1000.4569091796875,
            545.3002319335938
        ],
        [
            997.0689697265625,
            546.6862182617188,
            1000.1991577148438,
            552.69873046875
        ],
        [
            998.3245849609375,
            543.684814453125,
            1002.226318359375,
            550.4901733398438
        ],
        [
            997.9933471679688,
            540.5962524414062,
            1002.0078125,
            546.880615234375
        ],
        [
            994.7211303710938,
            544.5777587890625,
            998.3320922851562,
            550.5336303710938
        ],
        [
            1027.4771728515625,
            545.2368774414062,
            1032.5301513671875,
            554.2741088867188
        ],
        [
            995.2489624023438,
            537.16552734375,
            999.4916381835938,
            543.5086059570312
        ],
        [
            1140.2220458984375,
            556.4761962890625,
            1151.6976318359375,
            574.9141235351562
        ]
    ],
    "scores": [
        0.9981775283813477,
        0.9800123572349548,
        0.17836333811283112,
        0.11966606974601746,
        0.11027263849973679,
        0.10442062467336655,
        0.10437475889921188,
        0.09244571626186371,
        0.09025882929563522,
        0.08703724294900894,
        0.08663666993379593,
        0.07501393556594849,
        0.07483053207397461,
        0.0739297941327095,
        0.06566473096609116,
        0.052008990198373795,
        0.05107039213180542
    ]
}