{
    "predicted_boxes": [
        [
            1087.209228515625,
            478.7857971191406,
            1122.870849609375,
            510.5958251953125
        ],
        [
            540.698974609375,
            476.4943542480469,
            582.058349609375,
            508.3193664550781
        ],
        [
            997.8429565429688,
            543.673095703125,
            1001.5640869140625,
            553.78662109375
        ],
        [
            1039.216064453125,
            544.3688354492188,
            1043.2376708984375,
            559.8151245117188
        ],
        [
            996.8153076171875,
            542.1428833007812,
            1000.773681640625,
            551.7041015625
        ],
        [
            999.3388671875,
            543.3883666992188,
            1003.27099609375,
            553.096435546875
        ],
        [
            998.0223388671875,
            541.9070434570312,
            1001.5216064453125,
            549.0927734375
        ],
        [
            1038.622802734375,
            543.8260498046875,
            1043.20263671875,
            552.6552734375
        ],
        [
            0.0,
            1001.6988525390625,
            132.55361938476562,
            1078.411376953125
        ],
        [
            884.7612915039062,
            850.662841796875,
            1145.6627197265625,
            1018.2303466796875
        ],
        [
            1040.1202392578125,
            544.7366943359375,
            1044.6705322265625,
            557.005859375
        ]
    ],
    "scores": [
        0.9967345595359802,
        0.9964082837104797,
        0.3630697429180145,
        0.17549429833889008,
        0.10994034260511398,
        0.10484243184328079,
        0.08930099755525589,
        0.08881909400224686,
        0.0852513387799263,
        0.06562366336584091,
        0.058073531836271286
    ]
}