{
    "predicted_boxes": [
        [
            1058.94384765625,
            494.81353759765625,
            1084.864501953125,
            517.5076293945312
        ],
        [
            633.9219360351562,
            490.4374694824219,
            663.1973876953125,
            513.4642333984375
        ],
        [
            1023.5775756835938,
            544.1096801757812,
            1027.671875,
            555.7137451171875
        ],
        [
            1024.3172607421875,
            543.8138427734375,
            1028.998046875,
            552.6502075195312
        ],
        [
            1022.3080444335938,
            544.7694702148438,
            1026.3385009765625,
            556.2982177734375
        ],
        [
            1024.6446533203125,
            545.83349609375,
            1029.3125,
            556.9657592773438
        ],
        [
            1023.3236694335938,
            548.5086669921875,
            1027.933349609375,
            559.3062133789062
        ],
        [
            0.014461622573435307,
            1001.1990356445312,
            131.9933624267578,
            1078.697265625
        ],
        [
            885.5433959960938,
            850.3554077148438,
            1146.142578125,
            1019.729736328125
        ],
        [
            995.9817504882812,
            541.2241821289062,
            999.7760620117188,
            547.8392944335938
        ],
        [
            994.403076171875,
            538.8868408203125,
            998.181396484375,
            544.8005981445312
        ],
        [
            1022.287109375,
            542.472900390625,
            1027.0804443359375,
            550.8077392578125
        ],
        [
            1129.8594970703125,
            555.4393920898438,
            1138.025390625,
            587.98583984375
        ],
        [
            996.7608032226562,
            544.0214233398438,
            999.8829345703125,
            550.0442504882812
        ]
    ],
    "scores": [
        0.9958087205886841,
        0.9145551323890686,
        0.4657744765281677,
        0.27654793858528137,
        0.2539958357810974,
        0.15980376303195953,
        0.11216796189546585,
        0.10902190953493118,
        0.08699744939804077,
        0.08519911020994186,
        0.08023805171251297,
        0.07687219977378845,
        0.06609403342008591,
        0.054216284304857254
    ]
}