{
    "predicted_boxes": [
        [
            1049.2923583984375,
            496.8306884765625,
            1071.9940185546875,
            521.5538940429688
        ],
        [
            665.236328125,
            495.7273254394531,
            692.033203125,
            517.08349609375
        ],
        [
            1100.29736328125,
            553.0919799804688,
            1107.7169189453125,
            578.2077026367188
        ],
        [
            1019.579833984375,
            544.5663452148438,
            1023.7833251953125,
            553.6450805664062
        ],
        [
            0.016703395172953606,
            1001.189208984375,
            131.9842987060547,
            1078.7078857421875
        ],
        [
            1020.3760986328125,
            543.8285522460938,
            1025.2506103515625,
            555.2821044921875
        ],
        [
            885.5188598632812,
            850.2484741210938,
            1146.1649169921875,
            1019.514404296875
        ],
        [
            1018.5230712890625,
            545.0925903320312,
            1022.7544555664062,
            558.9763793945312
        ],
        [
            1020.6800537109375,
            543.59130859375,
            1024.20947265625,
            551.6929321289062
        ],
        [
            1019.1575317382812,
            543.0701293945312,
            1022.7905883789062,
            550.4005737304688
        ],
        [
            995.649169921875,
            542.5009765625,
            998.9710083007812,
            548.0421752929688
        ],
        [
            1101.263671875,
            553.6001586914062,
            1108.1607666015625,
            567.9699096679688
        ]
    ],
    "scores": [
        0.9983503818511963,
        0.9934152364730835,
        0.29846063256263733,
        0.13736633956432343,
        0.11128635704517365,
        0.11111026257276535,
        0.08542026579380035,
        0.08407504856586456,
        0.0766473114490509,
        0.07466867566108704,
        0.06771591305732727,
        0.0558059997856617
    ]
}