{
    "predicted_boxes": [
        [
            1058.9573974609375,
            494.8240966796875,
            1084.8436279296875,
            517.49853515625
        ],
        [
            633.98095703125,
            490.46502685546875,
            663.1832885742188,
            513.5377197265625
        ],
        [
            1023.60986328125,
            544.110595703125,
            1027.69970703125,
            555.7711791992188
        ],
        [
            1023.1436767578125,
            542.6057739257812,
            1029.05615234375,
            552.239990234375
        ],
        [
            1022.3461303710938,
            544.7639770507812,
            1026.3721923828125,
            556.34375
        ],
        [
            1024.7059326171875,
            545.8340454101562,
            1029.3670654296875,
            557.006591796875
        ],
        [
            0.015038549900054932,
            1001.1982421875,
            131.99221801757812,
            1078.697509765625
        ],
        [
            1023.3272094726562,
            548.510009765625,
            1027.9091796875,
            559.3165283203125
        ],
        [
            885.5502319335938,
            850.358154296875,
            1146.1270751953125,
            1019.7133178710938
        ],
        [
            995.6759033203125,
            540.04150390625,
            999.0418701171875,
            546.3281860351562
        ],
        [
            994.3953247070312,
            538.8610229492188,
            998.1710205078125,
            544.772705078125
        ],
        [
            1022.2716674804688,
            542.454345703125,
            1027.048095703125,
            550.7838745117188
        ],
        [
            1130.0511474609375,
            555.4991455078125,
            1138.0224609375,
            587.8585815429688
        ],
        [
            996.76171875,
            540.7318725585938,
            1000.7418212890625,
            548.075439453125
        ],
        [
            996.744140625,
            543.974853515625,
            999.8639526367188,
            549.9962158203125
        ]
    ],
    "scores": [
        0.9957594275474548,
        0.9297367334365845,
        0.4503317177295685,
        0.2656908333301544,
        0.24995554983615875,
        0.14638155698776245,
        0.10912111401557922,
        0.1063438206911087,
        0.08704902976751328,
        0.08324875682592392,
        0.07719235122203827,
        0.07057114690542221,
        0.05930129066109657,
        0.05601181834936142,
        0.05313870310783386
    ]
}