{
    "predicted_boxes": [
        [
            1049.2596435546875,
            496.8235168457031,
            1071.989013671875,
            521.5524291992188
        ],
        [
            665.2364501953125,
            495.7271423339844,
            692.033203125,
            517.0834350585938
        ],
        [
            1100.2978515625,
            553.092041015625,
            1107.7171630859375,
            578.2095336914062
        ],
        [
            1019.5813598632812,
            544.5679321289062,
            1023.7860107421875,
            553.6478881835938
        ],
        [
            0.016703395172953606,
            1001.189208984375,
            131.9842987060547,
            1078.7078857421875
        ],
        [
            1020.3855590820312,
            543.825439453125,
            1025.267333984375,
            555.27587890625
        ],
        [
            885.5188598632812,
            850.2484741210938,
            1146.1649169921875,
            1019.514404296875
        ],
        [
            1018.5209350585938,
            545.0916748046875,
            1022.7528686523438,
            558.97509765625
        ],
        [
            1020.6836547851562,
            543.5953979492188,
            1024.2130126953125,
            551.6993408203125
        ],
        [
            1019.1614990234375,
            543.0699462890625,
            1022.794921875,
            550.4004516601562
        ],
        [
            995.64599609375,
            542.5030517578125,
            998.9685668945312,
            548.0451049804688
        ],
        [
            1101.2647705078125,
            553.6049194335938,
            1108.1590576171875,
            567.970703125
        ]
    ],
    "scores": [
        0.9983633160591125,
        0.993416428565979,
        0.2974109351634979,
        0.1361759454011917,
        0.11128635704517365,
        0.10921256989240646,
        0.08542026579380035,
        0.08328810334205627,
        0.07573401182889938,
        0.07390281558036804,
        0.06742829084396362,
        0.055821795016527176
    ]
}