{
    "predicted_boxes": [
        [
            1071.3563232421875,
            486.2417297363281,
            1100.9659423828125,
            514.1495971679688
        ],
        [
            593.6365966796875,
            484.7494812011719,
            627.90625,
            510.96661376953125
        ],
        [
            1031.0509033203125,
            544.2457885742188,
            1036.410400390625,
            555.9598388671875
        ],
        [
            996.0485229492188,
            543.4888916015625,
            999.7677612304688,
            550.0953979492188
        ],
        [
            997.533203125,
            543.6905517578125,
            1001.0675048828125,
            551.7044677734375
        ],
        [
            995.47412109375,
            540.9856567382812,
            999.877685546875,
            548.5032348632812
        ],
        [
            998.6549072265625,
            543.78076171875,
            1002.643310546875,
            552.3041381835938
        ],
        [
            1031.539794921875,
            547.2103271484375,
            1037.3966064453125,
            558.827392578125
        ],
        [
            997.6043090820312,
            547.11572265625,
            1001.4130859375,
            553.7997436523438
        ],
        [
            997.8665771484375,
            540.937744140625,
            1001.6499633789062,
            549.1432495117188
        ],
        [
            996.9208374023438,
            540.0614013671875,
            1000.7525634765625,
            547.7252807617188
        ],
        [
            0.0,
            1001.271728515625,
            132.07237243652344,
            1078.607666015625
        ],
        [
            993.814697265625,
            541.055908203125,
            998.1813354492188,
            547.9191284179688
        ],
        [
            993.7239379882812,
            547.66015625,
            997.3385620117188,
            553.9546508789062
        ],
        [
            884.9261474609375,
            850.8945922851562,
            1145.5323486328125,
            1019.8121337890625
        ]
    ],
    "scores": [
        0.9969326257705688,
        0.9933843016624451,
        0.6341123580932617,
        0.4368603825569153,
        0.3744131922721863,
        0.22940844297409058,
        0.17926938831806183,
        0.15937621891498566,
        0.15820308029651642,
        0.14726021885871887,
        0.13594436645507812,
        0.08779365569353104,
        0.07558035850524902,
        0.07045984268188477,
        0.05790097266435623
    ]
}