{
    "predicted_boxes": [
        [
            1043.5692138671875,
            497.9981994628906,
            1065.245849609375,
            522.2357788085938
        ],
        [
            681.5396118164062,
            498.40777587890625,
            706.6845092773438,
            518.919189453125
        ],
        [
            1.245132327079773,
            478.6197204589844,
            31.446739196777344,
            569.6903686523438
        ],
        [
            1086.3277587890625,
            549.554443359375,
            1093.1334228515625,
            590.8258666992188
        ],
        [
            0.14753931760787964,
            1001.1807250976562,
            131.8599853515625,
            1078.673828125
        ],
        [
            992.836669921875,
            541.2564086914062,
            995.939453125,
            547.0819702148438
        ],
        [
            885.0557861328125,
            850.3087768554688,
            1145.5181884765625,
            1020.0128173828125
        ],
        [
            993.9895629882812,
            540.7886962890625,
            997.2680053710938,
            546.0327758789062
        ],
        [
            1086.5355224609375,
            549.8466796875,
            1093.59228515625,
            566.2122802734375
        ]
    ],
    "scores": [
        0.9987391829490662,
        0.9928682446479797,
        0.21534529328346252,
        0.1890154331922531,
        0.13961361348628998,
        0.10636810213327408,
        0.09055818617343903,
        0.08777540177106857,
        0.0668921023607254
    ]
}