{
    "predicted_boxes": [
        [
            1052.9388427734375,
            495.5653991699219,
            1077.625244140625,
            521.4937744140625
        ],
        [
            655.44873046875,
            494.07513427734375,
            681.4279174804688,
            517.45166015625
        ],
        [
            1021.3565063476562,
            543.9202270507812,
            1025.697998046875,
            552.9571533203125
        ],
        [
            994.8618774414062,
            544.8554077148438,
            998.0728149414062,
            550.2988891601562
        ],
        [
            994.1804809570312,
            541.97802734375,
            997.5630493164062,
            548.1190185546875
        ],
        [
            995.71533203125,
            539.0535278320312,
            999.2339477539062,
            546.3245239257812
        ],
        [
            1022.131591796875,
            543.8056030273438,
            1027.6229248046875,
            554.9589233398438
        ],
        [
            0.01554954145103693,
            1001.1956176757812,
            131.9849853515625,
            1078.7078857421875
        ],
        [
            1020.2627563476562,
            545.322998046875,
            1024.936767578125,
            556.3671264648438
        ],
        [
            996.8404541015625,
            544.6397094726562,
            999.8715209960938,
            551.1154174804688
        ],
        [
            885.570556640625,
            850.2900390625,
            1145.974853515625,
            1019.4881591796875
        ],
        [
            997.0254516601562,
            541.6325073242188,
            1000.5071411132812,
            548.2396240234375
        ],
        [
            1021.882568359375,
            545.5689086914062,
            1026.0972900390625,
            558.273193359375
        ],
        [
            996.8274536132812,
            538.2343139648438,
            1000.5203247070312,
            544.327880859375
        ],
        [
            997.5686645507812,
            539.6387939453125,
            1001.0088500976562,
            546.561279296875
        ],
        [
            1019.9328002929688,
            543.1995239257812,
            1024.18798828125,
            552.6554565429688
        ]
    ],
    "scores": [
        0.9980278611183167,
        0.9963961243629456,
        0.2898258864879608,
        0.19585350155830383,
        0.18750837445259094,
        0.13440406322479248,
        0.11812064051628113,
        0.11102514714002609,
        0.09832210838794708,
        0.08495717495679855,
        0.08369738608598709,
        0.08137460052967072,
        0.06834191828966141,
        0.06240464746952057,
        0.057983819395303726,
        0.052428994327783585
    ]
}