{
    "predicted_boxes": [
        [
            1046.0869140625,
            498.4855041503906,
            1067.3935546875,
            522.3011474609375
        ],
        [
            673.6649169921875,
            496.5580139160156,
            698.080078125,
            518.3422241210938
        ],
        [
            1093.7410888671875,
            551.4644775390625,
            1100.28857421875,
            578.3460693359375
        ],
        [
            1093.903564453125,
            551.6859741210938,
            1101.105712890625,
            564.176025390625
        ],
        [
            0.020384734496474266,
            1001.1858520507812,
            131.9773712158203,
            1078.70703125
        ],
        [
            885.1046142578125,
            850.336181640625,
            1146.0865478515625,
            1019.4899291992188
        ],
        [
            1092.5941162109375,
            556.9021606445312,
            1098.080078125,
            578.9281005859375
        ]
    ],
    "scores": [
        0.9985066056251526,
        0.9963656663894653,
        0.5801718831062317,
        0.27420955896377563,
        0.11098156869411469,
        0.07971061021089554,
        0.05822997912764549
    ]
}