{
    "predicted_boxes": [
        [
            1101.8724365234375,
            472.29229736328125,
            1139.1455078125,
            508.5368957519531
        ],
        [
            498.60308837890625,
            471.7803955078125,
            541.4243774414062,
            503.7552795410156
        ],
        [
            1042.448974609375,
            545.4730224609375,
            1047.5980224609375,
            560.2180786132812
        ],
        [
            1000.9984741210938,
            543.5107421875,
            1004.8265380859375,
            551.2188720703125
        ],
        [
            1001.8847045898438,
            541.6067504882812,
            1005.8590698242188,
            549.3976440429688
        ],
        [
            1000.18310546875,
            542.1636962890625,
            1003.6666870117188,
            548.2753295898438
        ],
        [
            1000.6353759765625,
            546.0484008789062,
            1004.7936401367188,
            553.7377319335938
        ],
        [
            1001.36376953125,
            540.3818969726562,
            1005.2378540039062,
            547.3289794921875
        ],
        [
            1002.9074096679688,
            542.5673828125,
            1006.9119873046875,
            550.2717895507812
        ],
        [
            1003.0104370117188,
            544.7659912109375,
            1007.1119384765625,
            553.2274780273438
        ],
        [
            999.5520629882812,
            546.7562255859375,
            1002.9744873046875,
            552.5350341796875
        ],
        [
            0.0,
            1001.611572265625,
            132.5622100830078,
            1078.353759765625
        ],
        [
            1041.7550048828125,
            548.0811767578125,
            1047.92529296875,
            566.3692626953125
        ],
        [
            885.174560546875,
            850.4672241210938,
            1145.615966796875,
            1018.3040161132812
        ],
        [
            1042.4190673828125,
            562.0095825195312,
            1047.960693359375,
            572.1777954101562
        ],
        [
            1002.8738403320312,
            539.8323974609375,
            1007.102783203125,
            547.792236328125
        ],
        [
            1000.7725219726562,
            538.5732421875,
            1004.5951538085938,
            545.7988891601562
        ]
    ],
    "scores": [
        0.9967460632324219,
        0.9966139197349548,
        0.429580420255661,
        0.3312157690525055,
        0.2356134057044983,
        0.22962035238742828,
        0.1690404713153839,
        0.1629181206226349,
        0.14619231224060059,
        0.11897981911897659,
        0.08106282353401184,
        0.08098810911178589,
        0.07871987670660019,
        0.07865851372480392,
        0.07440720498561859,
        0.06262119859457016,
        0.054874058812856674
    ]
}