{
    "predicted_boxes": [
        [
            1151.890380859375,
            446.7570495605469,
            1210.0447998046875,
            494.7992858886719
        ],
        [
            334.8417053222656,
            446.66058349609375,
            395.34771728515625,
            490.6793518066406
        ],
        [
            1059.7879638671875,
            546.9647827148438,
            1068.226806640625,
            561.2037963867188
        ],
        [
            1061.1982421875,
            567.476318359375,
            1065.6221923828125,
            581.0886840820312
        ],
        [
            1061.5433349609375,
            547.184814453125,
            1066.7774658203125,
            558.2501831054688
        ],
        [
            1062.7532958984375,
            567.7980346679688,
            1067.610107421875,
            580.6050415039062
        ],
        [
            0.0,
            1001.6129760742188,
            132.5530242919922,
            1078.355224609375
        ],
        [
            885.0880126953125,
            850.4417724609375,
            1145.592529296875,
            1018.3134155273438
        ]
    ],
    "scores": [
        0.9980011582374573,
        0.9899256229400635,
        0.33550435304641724,
        0.2886210083961487,
        0.22879619896411896,
        0.11762228608131409,
        0.08134941756725311,
        0.07962112873792648
    ]
}