{
    "predicted_boxes": [
        [
            1305.0919189453125,
            362.51165771484375,
            1417.662109375,
            453.3283386230469
        ],
        [
            0.0,
            1001.3240966796875,
            132.1746368408203,
            1078.5982666015625
        ]
    ],
    "scores": [
        0.9986762404441833,
        0.09775588661432266
    ]
}