{
    "predicted_boxes": [
        [
            1075.143310546875,
            485.3780822753906,
            1107.8675537109375,
            513.2998046875
        ],
        [
            576.61376953125,
            482.1688232421875,
            613.3174438476562,
            510.3149108886719
        ],
        [
            1031.9276123046875,
            544.3303833007812,
            1035.563720703125,
            553.7903442382812
        ],
        [
            1032.841796875,
            542.8662109375,
            1036.6934814453125,
            553.14697265625
        ],
        [
            1031.08349609375,
            542.7820434570312,
            1035.3697509765625,
            550.9498901367188
        ],
        [
            1030.5902099609375,
            545.8567504882812,
            1034.4444580078125,
            556.4127807617188
        ],
        [
            996.697265625,
            542.4226684570312,
            1000.156982421875,
            549.6417846679688
        ],
        [
            996.2135620117188,
            544.6807250976562,
            999.5327758789062,
            551.08154296875
        ],
        [
            1033.60205078125,
            544.4511108398438,
            1038.1534423828125,
            552.8197631835938
        ],
        [
            1029.7218017578125,
            543.8552856445312,
            1033.9937744140625,
            551.8488159179688
        ],
        [
            1033.2431640625,
            546.3038330078125,
            1036.864990234375,
            556.4304809570312
        ],
        [
            0.0,
            1001.7924194335938,
            132.17478942871094,
            1078.5909423828125
        ],
        [
            1031.720458984375,
            549.1665649414062,
            1036.5145263671875,
            558.7745971679688
        ],
        [
            995.4473876953125,
            540.1651611328125,
            999.0328369140625,
            547.057861328125
        ],
        [
            994.6421508789062,
            544.4644775390625,
            998.1218872070312,
            550.7012329101562
        ],
        [
            884.6074829101562,
            850.539794921875,
            1146.4732666015625,
            1020.0943603515625
        ],
        [
            998.0364379882812,
            544.9193115234375,
            1001.3120727539062,
            551.8370361328125
        ]
    ],
    "scores": [
        0.997212827205658,
        0.9934074878692627,
        0.7115281224250793,
        0.39251282811164856,
        0.3172701895236969,
        0.25022152066230774,
        0.12258123606443405,
        0.11909467726945877,
        0.09790001064538956,
        0.09458498656749725,
        0.09385194629430771,
        0.09362336248159409,
        0.0907524824142456,
        0.07011879235506058,
        0.06898216903209686,
        0.06773897260427475,
        0.05811087042093277
    ]
}