{
    "predicted_boxes": [
        [
            1093.3397216796875,
            472.4564208984375,
            1130.5955810546875,
            510.8910827636719
        ],
        [
            520.8405151367188,
            473.28485107421875,
            562.2191772460938,
            506.8788146972656
        ],
        [
            0.0,
            1001.7015991210938,
            132.56410217285156,
            1078.40966796875
        ],
        [
            884.809326171875,
            850.6478881835938,
            1145.671142578125,
            1018.2347412109375
        ]
    ],
    "scores": [
        0.9962236881256104,
        0.9909676909446716,
        0.08503339439630508,
        0.06462249904870987
    ]
}