{
    "predicted_boxes": [
        [
            1140.462158203125,
            450.7503967285156,
            1191.2481689453125,
            498.9760437011719
        ],
        [
            377.8336486816406,
            452.8192443847656,
            432.280029296875,
            492.5500183105469
        ],
        [
            1056.982177734375,
            546.7493286132812,
            1061.03125,
            559.8277587890625
        ],
        [
            1003.7747192382812,
            544.1129760742188,
            1007.5611572265625,
            551.8639526367188
        ],
        [
            0.0,
            1001.6122436523438,
            132.55345153808594,
            1078.355712890625
        ],
        [
            885.1134643554688,
            850.4744873046875,
            1145.5809326171875,
            1018.2854614257812
        ],
        [
            1142.98095703125,
            499.61431884765625,
            1188.2119140625,
            542.0652465820312
        ],
        [
            1004.8660278320312,
            542.3662719726562,
            1009.5044555664062,
            552.4427490234375
        ],
        [
            1004.2533569335938,
            541.9219970703125,
            1008.2890625,
            550.1346435546875
        ],
        [
            1004.432861328125,
            545.6611328125,
            1008.0235595703125,
            554.2173461914062
        ],
        [
            1002.5880737304688,
            541.9949340820312,
            1007.0596923828125,
            549.6956787109375
        ]
    ],
    "scores": [
        0.9976710677146912,
        0.9967260360717773,
        0.11862192302942276,
        0.09118180721998215,
        0.0813966765999794,
        0.0802823007106781,
        0.07891897112131119,
        0.07576116919517517,
        0.06844992935657501,
        0.05986402928829193,
        0.05748835206031799
    ]
}