{
    "predicted_boxes": [
        [
            1266.0096435546875,
            379.2312927246094,
            1362.1263427734375,
            459.60650634765625
        ],
        [
            3.3951737880706787,
            386.12823486328125,
            101.46812438964844,
            448.1356506347656
        ],
        [
            0.0,
            1001.3242797851562,
            132.1740264892578,
            1078.597900390625
        ],
        [
            1008.7233276367188,
            532.9779052734375,
            1012.9556274414062,
            543.0325317382812
        ]
    ],
    "scores": [
        0.9993395209312439,
        0.6231149435043335,
        0.09771367162466049,
        0.07490722090005875
    ]
}