{
    "predicted_boxes": [
        [
            1071.355712890625,
            486.24212646484375,
            1100.9664306640625,
            514.1499633789062
        ],
        [
            593.6470947265625,
            484.7466125488281,
            627.8953857421875,
            510.9682312011719
        ],
        [
            1031.051513671875,
            544.2452392578125,
            1036.412353515625,
            555.9671630859375
        ],
        [
            996.042724609375,
            543.4689331054688,
            999.7642822265625,
            550.0728149414062
        ],
        [
            997.5327758789062,
            543.6878051757812,
            1001.0671997070312,
            551.700927734375
        ],
        [
            995.4739379882812,
            540.9842529296875,
            999.8773193359375,
            548.5016479492188
        ],
        [
            998.6543579101562,
            543.7794799804688,
            1002.6424560546875,
            552.3027954101562
        ],
        [
            997.6005859375,
            547.0858764648438,
            1001.4096069335938,
            553.769287109375
        ],
        [
            1031.5364990234375,
            547.20556640625,
            1037.3927001953125,
            558.8441772460938
        ],
        [
            997.8670043945312,
            540.9351806640625,
            1001.6502685546875,
            549.1404418945312
        ],
        [
            996.91943359375,
            540.0552368164062,
            1000.7523803710938,
            547.7166137695312
        ],
        [
            0.0,
            1001.4898681640625,
            132.05172729492188,
            1078.603515625
        ],
        [
            993.8150634765625,
            541.056396484375,
            998.1809692382812,
            547.92041015625
        ],
        [
            993.7169189453125,
            547.6382446289062,
            997.3341674804688,
            553.9338989257812
        ],
        [
            884.9052124023438,
            850.6419067382812,
            1146.0701904296875,
            1020.6338500976562
        ]
    ],
    "scores": [
        0.9969297051429749,
        0.9934709072113037,
        0.6341500878334045,
        0.4359084367752075,
        0.375032514333725,
        0.2297409623861313,
        0.1796984076499939,
        0.15989403426647186,
        0.15960736572742462,
        0.14737515151500702,
        0.1358252763748169,
        0.09770747274160385,
        0.07582927495241165,
        0.07048848271369934,
        0.0644870474934578
    ]
}