{
    "predicted_boxes": [
        [
            1420.76025390625,
            310.19268798828125,
            1580.70166015625,
            430.52313232421875
        ],
        [
            0.0,
            1001.32666015625,
            132.17404174804688,
            1078.5972900390625
        ]
    ],
    "scores": [
        0.9970850348472595,
        0.09774622321128845
    ]
}