{
    "predicted_boxes": [
        [
            1208.2943115234375,
            411.140869140625,
            1285.551513671875,
            475.91412353515625
        ],
        [
            162.78688049316406,
            413.03692626953125,
            247.5772247314453,
            469.7886047363281
        ],
        [
            1076.5216064453125,
            542.27880859375,
            1084.6768798828125,
            556.677001953125
        ],
        [
            0.0,
            1001.3599243164062,
            132.1993865966797,
            1078.5726318359375
        ],
        [
            1008.0678100585938,
            537.481689453125,
            1012.3900756835938,
            544.9104614257812
        ]
    ],
    "scores": [
        0.9979276657104492,
        0.9965895414352417,
        0.31798380613327026,
        0.09921516478061676,
        0.0565660186111927
    ]
}