{
    "predicted_boxes": [
        [
            0.0,
            415.9384460449219,
            0.02858995832502842,
            416.0
        ]
    ],
    "scores": [
        0.24416334927082062
    ]
}