{
    "predicted_boxes": [
        [
            0.0,
            415.932861328125,
            0.03294101729989052,
            416.0
        ],
        [
            64.07438659667969,
            191.19696044921875,
            68.89180755615234,
            207.57374572753906
        ]
    ],
    "scores": [
        0.24416334927082062,
        0.05917772278189659
    ]
}