{
    "predicted_boxes": [
        [
            105.96617126464844,
            219.34976196289062,
            110.34781646728516,
            226.262451171875
        ],
        [
            0.0,
            415.9385681152344,
            0.029707366600632668,
            416.0
        ],
        [
            264.0432434082031,
            201.1319122314453,
            269.6847229003906,
            215.38998413085938
        ]
    ],
    "scores": [
        0.3817816376686096,
        0.24416334927082062,
        0.18682165443897247
    ]
}