{
    "predicted_boxes": [
        [
            0.0,
            415.9382019042969,
            0.029217729344964027,
            416.0
        ],
        [
            128.47769165039062,
            186.51988220214844,
            136.39019775390625,
            192.32345581054688
        ]
    ],
    "scores": [
        0.24416334927082062,
        0.08884857594966888
    ]
}