{
    "predicted_boxes": [
        [
            208.6151580810547,
            216.1309814453125,
            211.61500549316406,
            225.5208740234375
        ],
        [
            187.8809051513672,
            215.9112548828125,
            191.65829467773438,
            225.25830078125
        ],
        [
            143.88377380371094,
            181.08734130859375,
            153.6637420654297,
            211.16612243652344
        ],
        [
            0.0,
            415.9427795410156,
            0.02302767150104046,
            416.0
        ],
        [
            209.91395568847656,
            180.34664916992188,
            220.47705078125,
            211.1990509033203
        ]
    ],
    "scores": [
        0.7634886503219604,
        0.5555484890937805,
        0.5081791877746582,
        0.24416334927082062,
        0.18356359004974365
    ]
}