{
    "predicted_boxes": [
        [
            0.0,
            415.9352111816406,
            0.03383316099643707,
            416.0
        ],
        [
            128.30474853515625,
            222.24319458007812,
            133.86029052734375,
            232.6602325439453
        ],
        [
            320.82940673828125,
            139.52935791015625,
            339.2013244628906,
            155.82106018066406
        ]
    ],
    "scores": [
        0.24416334927082062,
        0.1309579461812973,
        0.0608295202255249
    ]
}