{
    "predicted_boxes": [
        [
            397.34332275390625,
            198.8660430908203,
            404.215576171875,
            212.54244995117188
        ],
        [
            0.0,
            415.93878173828125,
            0.03296181187033653,
            416.0
        ],
        [
            69.78076171875,
            415.85601806640625,
            73.7780532836914,
            415.9961853027344
        ],
        [
            350.9767761230469,
            415.8736267089844,
            354.8630065917969,
            415.99652099609375
        ],
        [
            353.220947265625,
            415.8323059082031,
            357.0718078613281,
            415.9952697753906
        ],
        [
            355.4156188964844,
            415.7894592285156,
            359.2549133300781,
            415.9941711425781
        ],
        [
            297.22686767578125,
            415.7965087890625,
            300.7970275878906,
            415.99517822265625
        ]
    ],
    "scores": [
        0.8754581809043884,
        0.24416334927082062,
        0.07182662934064865,
        0.0693175196647644,
        0.0676792562007904,
        0.06755471229553223,
        0.06492701917886734
    ]
}