{
    "predicted_boxes": [
        [
            298.3633728027344,
            210.70249938964844,
            304.9189758300781,
            225.0985107421875
        ],
        [
            0.0,
            415.9328918457031,
            0.030135121196508408,
            416.0
        ],
        [
            363.4270324707031,
            415.8791198730469,
            367.1355895996094,
            415.9965515136719
        ]
    ],
    "scores": [
        0.5469812750816345,
        0.24416334927082062,
        0.06456086039543152
    ]
}