{
    "predicted_boxes": [
        [
            44.57688522338867,
            185.6107635498047,
            60.07746505737305,
            214.6182861328125
        ],
        [
            0.0,
            415.9331970214844,
            0.029563048854470253,
            416.0
        ],
        [
            349.1378479003906,
            415.9280700683594,
            352.7006530761719,
            416.0
        ],
        [
            363.6578369140625,
            415.9347839355469,
            367.06475830078125,
            416.0
        ],
        [
            351.163330078125,
            415.9019775390625,
            354.995361328125,
            415.9971923828125
        ],
        [
            353.3505554199219,
            415.8043212890625,
            357.19482421875,
            415.99444580078125
        ],
        [
            361.43341064453125,
            415.8450012207031,
            365.234130859375,
            415.9956359863281
        ]
    ],
    "scores": [
        0.9957081079483032,
        0.24416334927082062,
        0.24416334927082062,
        0.24416334927082062,
        0.06762758642435074,
        0.0670042410492897,
        0.06574762612581253
    ]
}