{
    "predicted_boxes": [
        [
            0.0,
            415.93975830078125,
            0.03053886443376541,
            416.0
        ],
        [
            258.7781677246094,
            204.71600341796875,
            262.5792236328125,
            217.6092071533203
        ],
        [
            44.67616653442383,
            208.4097137451172,
            52.976600646972656,
            226.5262451171875
        ]
    ],
    "scores": [
        0.24416334927082062,
        0.2283492088317871,
        0.1319483071565628
    ]
}