{
    "predicted_boxes": [
        [
            135.34849548339844,
            222.94473266601562,
            140.33657836914062,
            232.1730499267578
        ],
        [
            302.4685363769531,
            155.2355194091797,
            320.128173828125,
            167.96231079101562
        ],
        [
            169.4807586669922,
            225.5716094970703,
            173.11508178710938,
            230.39871215820312
        ]
    ],
    "scores": [
        0.3817526698112488,
        0.3452877104282379,
        0.08284395933151245
    ]
}