{
    "predicted_boxes": [
        [
            202.642578125,
            100.35417938232422,
            219.38111877441406,
            108.77920532226562
        ],
        [
            0.0,
            415.9386291503906,
            0.03033563122153282,
            416.0
        ],
        [
            327.54119873046875,
            415.97576904296875,
            330.7327575683594,
            416.0
        ],
        [
            208.69215393066406,
            100.60179138183594,
            217.51707458496094,
            108.09709167480469
        ],
        [
            203.27951049804688,
            101.02940368652344,
            210.61631774902344,
            109.06471252441406
        ],
        [
            70.0569076538086,
            415.8556823730469,
            74.10574340820312,
            415.996337890625
        ],
        [
            365.58624267578125,
            415.8021545410156,
            369.24566650390625,
            415.99456787109375
        ]
    ],
    "scores": [
        0.399162232875824,
        0.24416334927082062,
        0.24416334927082062,
        0.1337328851222992,
        0.07726456969976425,
        0.07010044902563095,
        0.0640127882361412
    ]
}