{
    "predicted_boxes": [
        [
            0.0,
            415.93994140625,
            0.030233148485422134,
            416.0
        ],
        [
            81.09587860107422,
            415.93804931640625,
            83.96752166748047,
            416.0
        ],
        [
            365.75830078125,
            415.9359130859375,
            369.1214599609375,
            416.0
        ],
        [
            348.9700927734375,
            415.84039306640625,
            352.90057373046875,
            415.99554443359375
        ],
        [
            363.412109375,
            415.8759765625,
            367.1441345214844,
            415.99652099609375
        ]
    ],
    "scores": [
        0.24416334927082062,
        0.24416334927082062,
        0.24416334927082062,
        0.06987487524747849,
        0.06471558660268784
    ]
}