{
    "predicted_boxes": [
        [
            0.0,
            415.9341735839844,
            0.03083195351064205,
            416.0
        ],
        [
            327.41558837890625,
            415.96722412109375,
            330.6134033203125,
            416.0
        ],
        [
            415.9501647949219,
            76.2673568725586,
            415.9999084472656,
            121.62052154541016
        ],
        [
            365.77587890625,
            415.92645263671875,
            369.1299133300781,
            416.0
        ],
        [
            81.2040786743164,
            415.8111572265625,
            84.197265625,
            415.9964294433594
        ],
        [
            69.694580078125,
            415.89337158203125,
            73.71837615966797,
            415.9971618652344
        ],
        [
            297.3939514160156,
            415.90899658203125,
            300.98016357421875,
            415.9976806640625
        ],
        [
            363.4236145019531,
            415.8683166503906,
            367.13922119140625,
            415.99627685546875
        ],
        [
            196.48004150390625,
            222.38699340820312,
            201.88192749023438,
            229.5080108642578
        ]
    ],
    "scores": [
        0.24416334927082062,
        0.24416334927082062,
        0.24416334927082062,
        0.24416334927082062,
        0.08708646893501282,
        0.06877785921096802,
        0.06836244463920593,
        0.0645865947008133,
        0.05517604202032089
    ]
}