{
    "predicted_boxes": [
        [
            0.0,
            415.93536376953125,
            0.033114299178123474,
            416.0
        ],
        [
            125.69953155517578,
            221.9284210205078,
            131.0727081298828,
            232.6020050048828
        ]
    ],
    "scores": [
        0.24416334927082062,
        0.17568835616111755
    ]
}