{
    "predicted_boxes": [
        [
            0.0,
            415.93597412109375,
            0.030979737639427185,
            416.0
        ],
        [
            365.76287841796875,
            415.93646240234375,
            369.1280212402344,
            416.0
        ],
        [
            68.17524719238281,
            415.9916687011719,
            71.87813568115234,
            416.0
        ],
        [
            363.4254455566406,
            415.8753662109375,
            367.1460876464844,
            415.9964904785156
        ]
    ],
    "scores": [
        0.24416334927082062,
        0.24416334927082062,
        0.24416334927082062,
        0.0648128092288971
    ]
}