{
    "predicted_boxes": [
        [
            318.26898193359375,
            214.77162170410156,
            322.8568420410156,
            223.3335723876953
        ],
        [
            0.0,
            415.9359436035156,
            0.03296280279755592,
            416.0
        ],
        [
            77.8895034790039,
            415.85400390625,
            80.92628479003906,
            415.997314453125
        ],
        [
            69.99958801269531,
            415.89764404296875,
            73.96333312988281,
            415.9972839355469
        ]
    ],
    "scores": [
        0.9169216156005859,
        0.24416334927082062,
        0.07767625898122787,
        0.06730102002620697
    ]
}