{
    "predicted_boxes": [
        [
            0.0,
            415.9357604980469,
            0.03209714591503143,
            416.0
        ],
        [
            415.98046875,
            213.5871124267578,
            415.99993896484375,
            232.719970703125
        ]
    ],
    "scores": [
        0.24416334927082062,
        0.24416334927082062
    ]
}