{
    "predicted_boxes": [
        [
            172.005126953125,
            202.9854278564453,
            178.0347137451172,
            219.7084503173828
        ],
        [
            208.70489501953125,
            204.82191467285156,
            214.8292694091797,
            220.22647094726562
        ],
        [
            0.0,
            415.9408874511719,
            0.029441753402352333,
            416.0
        ]
    ],
    "scores": [
        0.5976065397262573,
        0.2595190405845642,
        0.24416334927082062
    ]
}