{
    "predicted_boxes": [
        [
            372.7617492675781,
            185.82330322265625,
            387.94134521484375,
            212.00689697265625
        ],
        [
            0.0,
            415.93829345703125,
            0.029163267463445663,
            416.0
        ],
        [
            415.9779968261719,
            264.32293701171875,
            415.99993896484375,
            310.82537841796875
        ],
        [
            363.5927429199219,
            415.9488830566406,
            367.0183410644531,
            416.0
        ],
        [
            361.3682556152344,
            415.8316345214844,
            365.1957092285156,
            415.9952392578125
        ]
    ],
    "scores": [
        0.9926040768623352,
        0.24416334927082062,
        0.24416334927082062,
        0.24416334927082062,
        0.06679999828338623
    ]
}