{
    "predicted_boxes": [
        [
            0.0,
            415.9390869140625,
            0.028143392875790596,
            416.0
        ],
        [
            81.13220977783203,
            415.87994384765625,
            84.1671142578125,
            415.9977111816406
        ]
    ],
    "scores": [
        0.24416334927082062,
        0.0810539647936821
    ]
}