{
    "predicted_boxes": [
        [
            239.82943725585938,
            112.12393951416016,
            260.42205810546875,
            128.10360717773438
        ],
        [
            0.0,
            415.939208984375,
            0.028545154258608818,
            416.0
        ]
    ],
    "scores": [
        0.3114025592803955,
        0.24416334927082062
    ]
}