{
    "predicted_boxes": [
        [
            0.0,
            415.93536376953125,
            0.029404127970337868,
            416.0
        ],
        [
            241.7275390625,
            415.9429016113281,
            244.797607421875,
            416.0
        ],
        [
            347.2604675292969,
            415.9776306152344,
            350.7976379394531,
            416.0
        ],
        [
            353.5324401855469,
            415.9749450683594,
            357.04302978515625,
            416.0
        ],
        [
            65.66171264648438,
            415.9795227050781,
            69.40380096435547,
            416.0
        ],
        [
            68.08556365966797,
            415.973876953125,
            71.8149185180664,
            416.0
        ],
        [
            361.6111755371094,
            415.9884033203125,
            365.1070861816406,
            416.0
        ],
        [
            355.5052185058594,
            415.8778991699219,
            359.3468017578125,
            415.99652099609375
        ],
        [
            359.25762939453125,
            415.81927490234375,
            363.1530456542969,
            415.9949035644531
        ]
    ],
    "scores": [
        0.24416334927082062,
        0.24416334927082062,
        0.24416334927082062,
        0.24416334927082062,
        0.24416334927082062,
        0.24416334927082062,
        0.24416334927082062,
        0.06621503084897995,
        0.06580573320388794
    ]
}