{
    "predicted_boxes": [
        [
            0.0,
            415.92633056640625,
            0.030167797580361366,
            416.0
        ],
        [
            415.9755859375,
            197.41026306152344,
            415.99993896484375,
            216.93177795410156
        ],
        [
            351.0560607910156,
            415.8470764160156,
            354.9803161621094,
            415.99566650390625
        ]
    ],
    "scores": [
        0.24416334927082062,
        0.24416334927082062,
        0.06901669502258301
    ]
}