{
    "predicted_boxes": [
        [
            0.0,
            415.9349670410156,
            0.03012794256210327,
            416.0
        ],
        [
            365.7945861816406,
            415.9808654785156,
            369.1553039550781,
            416.0
        ],
        [
            69.99246215820312,
            415.9045104980469,
            73.98126220703125,
            415.99749755859375
        ],
        [
            363.4735107421875,
            415.9207763671875,
            367.1874694824219,
            415.9977722167969
        ]
    ],
    "scores": [
        0.24416334927082062,
        0.24416334927082062,
        0.06956896185874939,
        0.06410583853721619
    ]
}