{
    "predicted_boxes": [
        [
            0.0,
            415.9391784667969,
            0.030612630769610405,
            416.0
        ],
        [
            365.8323059082031,
            415.9501037597656,
            369.1712341308594,
            416.0
        ],
        [
            81.14642333984375,
            415.88970947265625,
            84.21080780029297,
            415.9979248046875
        ],
        [
            69.94058990478516,
            415.8133239746094,
            73.9906997680664,
            415.9955749511719
        ],
        [
            347.1550598144531,
            415.90814208984375,
            350.9967041015625,
            415.9974365234375
        ],
        [
            353.28790283203125,
            415.80792236328125,
            357.1813659667969,
            415.9945068359375
        ],
        [
            351.1640319824219,
            415.9063720703125,
            355.0473327636719,
            415.997314453125
        ],
        [
            361.4192199707031,
            415.8790588378906,
            365.2259826660156,
            415.9965515136719
        ],
        [
            363.5086669921875,
            415.92510986328125,
            367.1974182128906,
            415.99786376953125
        ]
    ],
    "scores": [
        0.24416334927082062,
        0.24416334927082062,
        0.08131381124258041,
        0.07059647142887115,
        0.06926947832107544,
        0.06810682266950607,
        0.06804317235946655,
        0.06593060493469238,
        0.0635448470711708
    ]
}