{
    "predicted_boxes": [
        [
            240.03636169433594,
            161.1062774658203,
            256.084716796875,
            172.71693420410156
        ],
        [
            0.0,
            415.93927001953125,
            0.029300406575202942,
            416.0
        ]
    ],
    "scores": [
        0.40492433309555054,
        0.24416334927082062
    ]
}