{
    "predicted_boxes": [
        [
            0.0,
            415.93865966796875,
            0.03057030215859413,
            416.0
        ],
        [
            365.831298828125,
            415.93060302734375,
            369.18170166015625,
            416.0
        ],
        [
            370.0824890136719,
            415.99139404296875,
            373.4283447265625,
            416.0
        ],
        [
            367.99652099609375,
            415.9830017089844,
            371.330322265625,
            416.0
        ],
        [
            235.9970703125,
            415.94158935546875,
            239.0171356201172,
            416.0
        ],
        [
            312.7823181152344,
            415.94549560546875,
            316.1613464355469,
            416.0
        ],
        [
            81.11347198486328,
            415.828857421875,
            84.16603088378906,
            415.996826171875
        ],
        [
            347.25701904296875,
            415.9039306640625,
            351.08319091796875,
            415.997314453125
        ],
        [
            353.32501220703125,
            415.82415771484375,
            357.2057800292969,
            415.9949645996094
        ],
        [
            351.20050048828125,
            415.9155578613281,
            355.0701599121094,
            415.99755859375
        ],
        [
            361.4313659667969,
            415.87261962890625,
            365.24017333984375,
            415.99639892578125
        ],
        [
            363.5118408203125,
            415.9131164550781,
            367.21063232421875,
            415.9975280761719
        ]
    ],
    "scores": [
        0.24416334927082062,
        0.24416334927082062,
        0.24416334927082062,
        0.24416334927082062,
        0.24416334927082062,
        0.24416334927082062,
        0.08121756464242935,
        0.06940623372793198,
        0.06855446100234985,
        0.06849753856658936,
        0.06622548401355743,
        0.06376900523900986
    ]
}