{
    "predicted_boxes": [
        [
            0.0,
            415.93853759765625,
            0.030485888943076134,
            416.0
        ],
        [
            347.3528747558594,
            415.94384765625,
            351.0300598144531,
            416.0
        ],
        [
            67.82230377197266,
            415.97674560546875,
            71.51956939697266,
            416.0
        ],
        [
            363.5918884277344,
            415.9705810546875,
            367.056640625,
            416.0
        ],
        [
            351.14044189453125,
            415.9577941894531,
            354.7643127441406,
            416.0
        ],
        [
            239.86172485351562,
            415.9329833984375,
            242.97525024414062,
            416.0
        ],
        [
            353.1927490234375,
            415.79876708984375,
            357.1355895996094,
            415.9942626953125
        ],
        [
            361.3601379394531,
            415.86273193359375,
            365.23681640625,
            415.9962158203125
        ]
    ],
    "scores": [
        0.24416334927082062,
        0.24416334927082062,
        0.24416334927082062,
        0.24416334927082062,
        0.24416334927082062,
        0.24416334927082062,
        0.06561707705259323,
        0.06495889276266098
    ]
}