{
    "predicted_boxes": [
        [
            89.94678497314453,
            217.37252807617188,
            96.35423278808594,
            230.80455017089844
        ],
        [
            367.4890441894531,
            206.22042846679688,
            374.31036376953125,
            217.3246307373047
        ],
        [
            149.49168395996094,
            224.5189971923828,
            152.56622314453125,
            229.86000061035156
        ],
        [
            96.89446258544922,
            226.160888671875,
            101.69600677490234,
            231.13442993164062
        ],
        [
            173.8025665283203,
            221.65664672851562,
            176.99649047851562,
            228.6133270263672
        ],
        [
            170.29183959960938,
            229.9399871826172,
            180.4097137451172,
            249.39614868164062
        ]
    ],
    "scores": [
        0.8213173747062683,
        0.7773076891899109,
        0.7054067254066467,
        0.08230744302272797,
        0.059923164546489716,
        0.05860816314816475
    ]
}