{
    "predicted_boxes": [
        [
            0.0,
            415.93756103515625,
            0.029924709349870682,
            416.0
        ]
    ],
    "scores": [
        0.24416334927082062
    ]
}