{
    "predicted_boxes": [
        [
            0.0,
            415.9357604980469,
            0.03151368722319603,
            416.0
        ],
        [
            238.1414031982422,
            415.9456787109375,
            241.47103881835938,
            416.0
        ],
        [
            363.5628967285156,
            415.9292907714844,
            366.9574890136719,
            416.0
        ],
        [
            81.09679412841797,
            415.8763427734375,
            84.15824127197266,
            415.99755859375
        ],
        [
            348.98443603515625,
            415.84869384765625,
            352.8507385253906,
            415.9957580566406
        ],
        [
            361.27099609375,
            415.8165588378906,
            365.0893859863281,
            415.994873046875
        ]
    ],
    "scores": [
        0.24416334927082062,
        0.24416334927082062,
        0.24416334927082062,
        0.08187545090913773,
        0.06915963441133499,
        0.0668151006102562
    ]
}