{
    "predicted_boxes": [
        [
            236.81275939941406,
            218.02728271484375,
            243.88401794433594,
            228.689453125
        ],
        [
            0.0,
            415.9376525878906,
            0.031167127192020416,
            416.0
        ],
        [
            62.16587448120117,
            209.7460479736328,
            67.06161499023438,
            221.48524475097656
        ]
    ],
    "scores": [
        0.9821915030479431,
        0.24416334927082062,
        0.05681074410676956
    ]
}