{
    "predicted_boxes": [
        [
            239.82913208007812,
            112.12299346923828,
            260.4110107421875,
            128.1030731201172
        ],
        [
            0.0,
            415.93829345703125,
            0.028025560081005096,
            416.0
        ]
    ],
    "scores": [
        0.3126741945743561,
        0.24416334927082062
    ]
}