{
    "predicted_boxes": [
        [
            175.68478393554688,
            219.6044464111328,
            182.46897888183594,
            229.2639923095703
        ],
        [
            0.0,
            415.9361572265625,
            0.0315280444920063,
            416.0
        ],
        [
            415.96881103515625,
            83.97431945800781,
            415.9999084472656,
            129.81668090820312
        ],
        [
            196.3300323486328,
            415.93145751953125,
            199.50277709960938,
            416.0
        ],
        [
            194.08834838867188,
            415.9686279296875,
            197.2072296142578,
            416.0
        ],
        [
            363.6673889160156,
            415.94775390625,
            367.0979919433594,
            416.0
        ],
        [
            365.84014892578125,
            415.99395751953125,
            369.2051696777344,
            416.0
        ],
        [
            346.9657897949219,
            415.8448486328125,
            350.871826171875,
            415.99560546875
        ],
        [
            353.3610534667969,
            415.82208251953125,
            357.2724914550781,
            415.994873046875
        ],
        [
            351.1735534667969,
            415.924560546875,
            355.0574951171875,
            415.9978332519531
        ],
        [
            63.79888916015625,
            415.91363525390625,
            67.81684875488281,
            415.99761962890625
        ]
    ],
    "scores": [
        0.9299353361129761,
        0.24416334927082062,
        0.24416334927082062,
        0.24416334927082062,
        0.24416334927082062,
        0.24416334927082062,
        0.24416334927082062,
        0.0705551877617836,
        0.06856182217597961,
        0.06843985617160797,
        0.06427273899316788
    ]
}