{
    "predicted_boxes": [
        [
            281.03704833984375,
            207.6486053466797,
            293.7399597167969,
            224.34312438964844
        ],
        [
            0.0,
            415.9381408691406,
            0.030948299914598465,
            416.0
        ]
    ],
    "scores": [
        0.9983817338943481,
        0.24416334927082062
    ]
}