{
    "predicted_boxes": [
        [
            0.0,
            415.9315185546875,
            0.032224878668785095,
            416.0
        ],
        [
            42.87774658203125,
            206.63572692871094,
            48.6409797668457,
            217.88697814941406
        ]
    ],
    "scores": [
        0.24416334927082062,
        0.0961582213640213
    ]
}