{
    "predicted_boxes": [
        [
            201.59962463378906,
            189.82687377929688,
            210.76905822753906,
            195.67332458496094
        ],
        [
            0.0,
            415.93865966796875,
            0.030323997139930725,
            416.0
        ],
        [
            174.84083557128906,
            189.01023864746094,
            207.6908416748047,
            197.84962463378906
        ]
    ],
    "scores": [
        0.24992719292640686,
        0.24416334927082062,
        0.08700470626354218
    ]
}