{
    "predicted_boxes": [
        [
            175.6024627685547,
            219.47181701660156,
            182.53067016601562,
            229.1250762939453
        ],
        [
            0.0,
            415.9359130859375,
            0.03157532587647438,
            416.0
        ],
        [
            194.07635498046875,
            415.94287109375,
            197.2201690673828,
            416.0
        ],
        [
            198.26119995117188,
            415.93890380859375,
            201.5113525390625,
            416.0
        ],
        [
            415.9433288574219,
            83.9668197631836,
            415.9998779296875,
            129.82266235351562
        ],
        [
            64.00804138183594,
            415.9566345214844,
            67.68180084228516,
            416.0
        ],
        [
            349.159912109375,
            415.9442443847656,
            352.7535705566406,
            416.0
        ],
        [
            363.64202880859375,
            415.9410095214844,
            367.0747375488281,
            416.0
        ],
        [
            365.8251647949219,
            415.9867858886719,
            369.1878356933594,
            416.0
        ],
        [
            353.3544616699219,
            415.7921447753906,
            357.2882995605469,
            415.9940490722656
        ],
        [
            351.1664733886719,
            415.8889465332031,
            355.07220458984375,
            415.99676513671875
        ],
        [
            65.49483489990234,
            415.81353759765625,
            69.52709197998047,
            415.99462890625
        ],
        [
            196.18624877929688,
            415.9000549316406,
            199.6232452392578,
            415.99810791015625
        ]
    ],
    "scores": [
        0.9279367923736572,
        0.24416334927082062,
        0.24416334927082062,
        0.24416334927082062,
        0.24416334927082062,
        0.24416334927082062,
        0.24416334927082062,
        0.24416334927082062,
        0.24416334927082062,
        0.0689237043261528,
        0.06883704662322998,
        0.06675601005554199,
        0.05373695492744446
    ]
}