{
    "predicted_boxes": [
        [
            158.71060180664062,
            225.2749786376953,
            161.28073120117188,
            229.6168670654297
        ],
        [
            106.41790008544922,
            219.45968627929688,
            111.91966247558594,
            230.7197265625
        ],
        [
            158.54762268066406,
            224.75564575195312,
            160.7752685546875,
            228.36134338378906
        ],
        [
            335.9929504394531,
            211.41445922851562,
            342.5276184082031,
            222.39511108398438
        ]
    ],
    "scores": [
        0.6462560892105103,
        0.5795564651489258,
        0.11270646005868912,
        0.1096436083316803
    ]
}