{
    "predicted_boxes": [
        [
            144.21133422851562,
            213.28282165527344,
            154.3182373046875,
            226.59193420410156
        ],
        [
            0.0,
            415.931884765625,
            0.03068714402616024,
            416.0
        ],
        [
            83.92797088623047,
            415.9869079589844,
            86.88683319091797,
            416.0
        ],
        [
            86.2544174194336,
            415.92706298828125,
            89.57076263427734,
            415.9980163574219
        ]
    ],
    "scores": [
        0.993905246257782,
        0.24416334927082062,
        0.24416334927082062,
        0.09263096749782562
    ]
}