{
    "predicted_boxes": [
        [
            0.0,
            415.9369812011719,
            0.031331002712249756,
            416.0
        ],
        [
            369.2962341308594,
            206.55995178222656,
            374.84625244140625,
            215.94825744628906
        ]
    ],
    "scores": [
        0.24416334927082062,
        0.16751016676425934
    ]
}