{
    "predicted_boxes": [
        [
            0.0,
            415.9413757324219,
            0.03148670494556427,
            416.0
        ],
        [
            66.05736541748047,
            415.9651794433594,
            69.81884765625,
            416.0
        ],
        [
            68.29742431640625,
            415.8693542480469,
            72.40438842773438,
            415.9964904785156
        ],
        [
            365.5858459472656,
            415.8116149902344,
            369.2464294433594,
            415.99481201171875
        ],
        [
            373.91522216796875,
            415.9120788574219,
            377.5805358886719,
            415.99749755859375
        ],
        [
            241.7210693359375,
            415.83917236328125,
            245.11085510253906,
            415.99798583984375
        ]
    ],
    "scores": [
        0.24416334927082062,
        0.24416334927082062,
        0.06685957312583923,
        0.06378363817930222,
        0.06104953959584236,
        0.050428181886672974
    ]
}