{
    "predicted_boxes": [
        [
            196.0609893798828,
            165.31478881835938,
            203.86276245117188,
            175.894775390625
        ],
        [
            0.0,
            415.94708251953125,
            0.02655293047428131,
            416.0
        ],
        [
            70.43126678466797,
            415.9800109863281,
            73.87252044677734,
            416.0
        ],
        [
            187.11666870117188,
            164.57925415039062,
            195.3788299560547,
            175.32611083984375
        ],
        [
            201.11328125,
            166.59750366210938,
            208.36659240722656,
            176.43141174316406
        ]
    ],
    "scores": [
        0.3270843029022217,
        0.24416334927082062,
        0.24416334927082062,
        0.18710669875144958,
        0.1450730264186859
    ]
}