{
    "predicted_boxes": [
        [
            201.46051025390625,
            223.4614715576172,
            207.2849578857422,
            230.33181762695312
        ],
        [
            0.0,
            415.9394836425781,
            0.029853912070393562,
            416.0
        ],
        [
            415.9922180175781,
            83.9313735961914,
            415.99993896484375,
            129.6184844970703
        ],
        [
            351.29705810546875,
            415.9630432128906,
            354.86578369140625,
            416.0
        ],
        [
            349.1480712890625,
            415.9931335449219,
            352.7154541015625,
            416.0
        ],
        [
            239.79881286621094,
            415.984130859375,
            242.7678680419922,
            416.0
        ],
        [
            347.0737609863281,
            415.85565185546875,
            350.9567565917969,
            415.99591064453125
        ],
        [
            353.3040466308594,
            415.87445068359375,
            357.17962646484375,
            415.996337890625
        ]
    ],
    "scores": [
        0.3112671673297882,
        0.24416334927082062,
        0.24416334927082062,
        0.24416334927082062,
        0.24416334927082062,
        0.24416334927082062,
        0.06875147670507431,
        0.06776222586631775
    ]
}