{
    "predicted_boxes": [
        [
            0.0,
            415.94012451171875,
            0.028651103377342224,
            416.0
        ],
        [
            363.5997009277344,
            415.96697998046875,
            366.988525390625,
            416.0
        ],
        [
            348.97705078125,
            415.8474426269531,
            352.7366943359375,
            415.99566650390625
        ],
        [
            351.15350341796875,
            415.8328552246094,
            354.9424743652344,
            415.9951477050781
        ],
        [
            361.35791015625,
            415.8791809082031,
            365.1378173828125,
            415.9965515136719
        ],
        [
            63.83781814575195,
            415.925048828125,
            67.93115234375,
            415.9979248046875
        ]
    ],
    "scores": [
        0.24416334927082062,
        0.24416334927082062,
        0.06852215528488159,
        0.06795574724674225,
        0.06571228802204132,
        0.06449921429157257
    ]
}