{
    "predicted_boxes": [
        [
            254.38160705566406,
            214.13458251953125,
            264.07025146484375,
            227.10633850097656
        ],
        [
            0.0,
            415.94000244140625,
            0.02863352745771408,
            416.0
        ]
    ],
    "scores": [
        0.9785109758377075,
        0.24416334927082062
    ]
}