{
    "predicted_boxes": [
        [
            0.0,
            415.9390869140625,
            0.03060644119977951,
            416.0
        ],
        [
            365.8326416015625,
            415.9556579589844,
            369.176025390625,
            416.0
        ],
        [
            81.19795227050781,
            415.860107421875,
            84.24081420898438,
            415.9973449707031
        ],
        [
            347.1902160644531,
            415.83929443359375,
            351.0575866699219,
            415.9955139160156
        ],
        [
            349.10845947265625,
            415.9097595214844,
            352.9791259765625,
            415.9974060058594
        ],
        [
            351.1596374511719,
            415.8110656738281,
            355.05780029296875,
            415.9945983886719
        ],
        [
            141.7250213623047,
            415.7875061035156,
            145.6702117919922,
            415.99664306640625
        ],
        [
            361.3798522949219,
            415.8396301269531,
            365.1954345703125,
            415.99542236328125
        ],
        [
            363.4949035644531,
            415.9142150878906,
            367.1878967285156,
            415.99755859375
        ]
    ],
    "scores": [
        0.24416334927082062,
        0.24416334927082062,
        0.08072991669178009,
        0.07006462663412094,
        0.06903207302093506,
        0.06879721581935883,
        0.06784164905548096,
        0.06630850583314896,
        0.06369535624980927
    ]
}