{
    "predicted_boxes": [
        [
            0.0,
            415.94287109375,
            0.027399031445384026,
            416.0
        ],
        [
            189.2842559814453,
            207.8831024169922,
            193.527099609375,
            219.56008911132812
        ]
    ],
    "scores": [
        0.24416334927082062,
        0.06609561294317245
    ]
}