{
    "predicted_boxes": [
        [
            0.0,
            415.93377685546875,
            0.03190232813358307,
            416.0
        ],
        [
            65.58264923095703,
            415.9574890136719,
            69.4229507446289,
            416.0
        ],
        [
            193.91848754882812,
            415.99383544921875,
            196.94598388671875,
            416.0
        ],
        [
            190.39044189453125,
            221.0743408203125,
            196.9027557373047,
            229.2896728515625
        ],
        [
            67.80133056640625,
            415.9263610839844,
            71.96121978759766,
            415.9978942871094
        ],
        [
            363.41180419921875,
            415.91229248046875,
            367.10565185546875,
            415.9974670410156
        ]
    ],
    "scores": [
        0.24416334927082062,
        0.24416334927082062,
        0.24416334927082062,
        0.09497340768575668,
        0.06867054849863052,
        0.06438594311475754
    ]
}