{
    "predicted_boxes": [
        [
            0.0,
            415.93780517578125,
            0.030270280316472054,
            416.0
        ],
        [
            415.99041748046875,
            83.66203308105469,
            415.99993896484375,
            129.40028381347656
        ],
        [
            81.1054458618164,
            415.89874267578125,
            84.13945007324219,
            415.9980163574219
        ],
        [
            70.01710510253906,
            415.8069763183594,
            74.01445007324219,
            415.9953308105469
        ],
        [
            349.10955810546875,
            415.8360290527344,
            352.99285888671875,
            415.995361328125
        ],
        [
            363.44482421875,
            415.8517150878906,
            367.1412658691406,
            415.99578857421875
        ],
        [
            365.6487731933594,
            415.9000549316406,
            369.27264404296875,
            415.9972229003906
        ]
    ],
    "scores": [
        0.24416334927082062,
        0.24416334927082062,
        0.08064095675945282,
        0.07128725945949554,
        0.06899493932723999,
        0.063789963722229,
        0.06199418753385544
    ]
}