{
    "predicted_boxes": [
        [
            0.0,
            415.94171142578125,
            0.02991579845547676,
            416.0
        ],
        [
            415.98675537109375,
            201.9186553955078,
            415.99993896484375,
            221.10723876953125
        ],
        [
            80.99852752685547,
            415.90753173828125,
            84.01701354980469,
            415.99798583984375
        ]
    ],
    "scores": [
        0.24416334927082062,
        0.24416334927082062,
        0.08067616075277328
    ]
}