{
    "predicted_boxes": [
        [
            148.23846435546875,
            155.0484619140625,
            159.86537170410156,
            164.54913330078125
        ],
        [
            0.0,
            415.93792724609375,
            0.030736403539776802,
            416.0
        ],
        [
            195.60379028320312,
            152.91461181640625,
            205.36639404296875,
            161.61422729492188
        ],
        [
            203.57769775390625,
            153.12376403808594,
            211.36268615722656,
            161.8900909423828
        ]
    ],
    "scores": [
        0.38035061955451965,
        0.24416334927082062,
        0.20609822869300842,
        0.1780972182750702
    ]
}