{
    "predicted_boxes": [
        [
            159.8486785888672,
            225.2938690185547,
            162.57009887695312,
            229.55270385742188
        ],
        [
            331.8551330566406,
            213.60443115234375,
            337.04217529296875,
            222.70716857910156
        ],
        [
            109.65330505371094,
            220.31582641601562,
            115.25859069824219,
            231.47215270996094
        ],
        [
            159.59152221679688,
            226.88204956054688,
            162.14341735839844,
            229.8797607421875
        ]
    ],
    "scores": [
        0.4638969302177429,
        0.16840897500514984,
        0.15645602345466614,
        0.05018790066242218
    ]
}