{
    "predicted_boxes": [
        [
            0.0,
            415.93780517578125,
            0.0277557373046875,
            416.0
        ],
        [
            183.87652587890625,
            217.19491577148438,
            186.48239135742188,
            226.09902954101562
        ],
        [
            202.71987915039062,
            196.91384887695312,
            210.2128448486328,
            217.4998016357422
        ],
        [
            156.19032287597656,
            198.10768127441406,
            163.26133728027344,
            216.70542907714844
        ]
    ],
    "scores": [
        0.24416334927082062,
        0.13023529946804047,
        0.09965924918651581,
        0.0776868388056755
    ]
}