{
    "predicted_boxes": [
        [
            256.2298278808594,
            206.88827514648438,
            260.7042541503906,
            218.76268005371094
        ],
        [
            0.0,
            415.939208984375,
            0.030692340806126595,
            416.0
        ]
    ],
    "scores": [
        0.8494842052459717,
        0.24416334927082062
    ]
}