{
    "predicted_boxes": [
        [
            376.564453125,
            204.73001098632812,
            383.1863098144531,
            216.28903198242188
        ],
        [
            293.5670471191406,
            166.6046600341797,
            308.4862060546875,
            174.90536499023438
        ],
        [
            0.0,
            415.94024658203125,
            0.027446310967206955,
            416.0
        ],
        [
            69.96434783935547,
            415.8586120605469,
            73.95026397705078,
            415.9963684082031
        ],
        [
            299.0408630371094,
            167.30105590820312,
            307.3695068359375,
            174.68978881835938
        ],
        [
            238.1300811767578,
            415.8851318359375,
            241.4944610595703,
            415.99822998046875
        ]
    ],
    "scores": [
        0.5389946103096008,
        0.4041637182235718,
        0.24416334927082062,
        0.06946513801813126,
        0.05015556514263153,
        0.050011806190013885
    ]
}