{
    "predicted_boxes": [
        [
            308.4247131347656,
            140.223876953125,
            325.0444030761719,
            181.69790649414062
        ],
        [
            0.0,
            415.9306945800781,
            0.0301361121237278,
            416.0
        ]
    ],
    "scores": [
        0.7229011058807373,
        0.24416334927082062
    ]
}