{
    "predicted_boxes": [
        [
            208.8013458251953,
            201.946044921875,
            215.423828125,
            219.45738220214844
        ],
        [
            0.0,
            415.9411926269531,
            0.026224439963698387,
            416.0
        ],
        [
            80.93896484375,
            415.9463806152344,
            83.7027816772461,
            416.0
        ],
        [
            169.00148010253906,
            200.8640594482422,
            175.68890380859375,
            218.92831420898438
        ]
    ],
    "scores": [
        0.5497933030128479,
        0.24416334927082062,
        0.24416334927082062,
        0.19786463677883148
    ]
}