{
    "predicted_boxes": [
        [
            99.55792999267578,
            202.73117065429688,
            113.42529296875,
            222.6422119140625
        ],
        [
            0.0,
            415.93218994140625,
            0.030222998932003975,
            416.0
        ],
        [
            86.47689056396484,
            415.977783203125,
            89.5983657836914,
            416.0
        ],
        [
            69.8816146850586,
            415.984375,
            73.72347259521484,
            416.0
        ],
        [
            353.57696533203125,
            415.95074462890625,
            357.11737060546875,
            416.0
        ],
        [
            347.12677001953125,
            415.9084777832031,
            351.0013122558594,
            415.9974670410156
        ],
        [
            355.55841064453125,
            415.92523193359375,
            359.419677734375,
            415.9979248046875
        ],
        [
            357.506103515625,
            415.8250427246094,
            361.4299011230469,
            415.9951477050781
        ]
    ],
    "scores": [
        0.9894829392433167,
        0.24416334927082062,
        0.24416334927082062,
        0.24416334927082062,
        0.24416334927082062,
        0.06840460747480392,
        0.06617183238267899,
        0.06579742580652237
    ]
}