{
    "predicted_boxes": [
        [
            99.56510925292969,
            202.73556518554688,
            113.4150619506836,
            222.6239776611328
        ],
        [
            0.0,
            415.93218994140625,
            0.03022250346839428,
            416.0
        ],
        [
            86.4668960571289,
            415.9765625,
            89.59017944335938,
            416.0
        ],
        [
            69.87956237792969,
            415.98089599609375,
            73.72232055664062,
            416.0
        ],
        [
            353.5772399902344,
            415.95068359375,
            357.1177673339844,
            416.0
        ],
        [
            347.128662109375,
            415.9105224609375,
            351.0031433105469,
            415.9975280761719
        ],
        [
            355.55889892578125,
            415.925048828125,
            359.4204406738281,
            415.9979248046875
        ],
        [
            357.50640869140625,
            415.8248596191406,
            361.4303283691406,
            415.9951477050781
        ]
    ],
    "scores": [
        0.9889963865280151,
        0.24416334927082062,
        0.24416334927082062,
        0.24416334927082062,
        0.24416334927082062,
        0.06839063763618469,
        0.06617039442062378,
        0.06579606235027313
    ]
}