{
    "predicted_boxes": [
        [
            151.86093139648438,
            214.72218322753906,
            161.50543212890625,
            227.36083984375
        ],
        [
            0.0,
            415.931640625,
            0.030392318964004517,
            416.0
        ],
        [
            83.87689971923828,
            415.8726806640625,
            86.986083984375,
            415.9973449707031
        ],
        [
            86.16829681396484,
            415.869384765625,
            89.4826889038086,
            415.99652099609375
        ]
    ],
    "scores": [
        0.9901660084724426,
        0.24416334927082062,
        0.0929633155465126,
        0.09270305186510086
    ]
}