{
    "predicted_boxes": [
        [
            0.0,
            415.93505859375,
            0.031032711267471313,
            416.0
        ],
        [
            86.47747802734375,
            415.9878234863281,
            89.68579864501953,
            416.0
        ],
        [
            216.86875915527344,
            48.526920318603516,
            224.11184692382812,
            60.078094482421875
        ]
    ],
    "scores": [
        0.24416334927082062,
        0.24416334927082062,
        0.16448955237865448
    ]
}