{
    "predicted_boxes": [
        [
            0.0,
            415.9399108886719,
            0.029408585280179977,
            416.0
        ],
        [
            297.78472900390625,
            415.9771423339844,
            300.99810791015625,
            416.0
        ],
        [
            365.8011779785156,
            415.976318359375,
            369.1595764160156,
            416.0
        ],
        [
            81.22411346435547,
            415.78948974609375,
            84.2356185913086,
            415.99591064453125
        ],
        [
            349.19122314453125,
            415.81280517578125,
            353.065185546875,
            415.9947204589844
        ],
        [
            361.3986511230469,
            415.8124084472656,
            365.2252197265625,
            415.9947204589844
        ],
        [
            363.4770812988281,
            415.9156494140625,
            367.1907043457031,
            415.99761962890625
        ],
        [
            268.0437316894531,
            415.8912048339844,
            271.18487548828125,
            415.997802734375
        ]
    ],
    "scores": [
        0.24416334927082062,
        0.24416334927082062,
        0.24416334927082062,
        0.0807906985282898,
        0.06965727359056473,
        0.0669754222035408,
        0.06418859958648682,
        0.06349578499794006
    ]
}