{
    "predicted_boxes": [
        [
            0.0,
            415.94091796875,
            0.031189406290650368,
            416.0
        ],
        [
            66.04551696777344,
            415.9749450683594,
            69.80642700195312,
            416.0
        ],
        [
            68.29034423828125,
            415.87103271484375,
            72.397216796875,
            415.99652099609375
        ],
        [
            365.5882263183594,
            415.8160705566406,
            369.2491760253906,
            415.99493408203125
        ],
        [
            373.9170227050781,
            415.9155578613281,
            377.5825500488281,
            415.99755859375
        ]
    ],
    "scores": [
        0.24416334927082062,
        0.24416334927082062,
        0.06686219573020935,
        0.06372654438018799,
        0.06100885197520256
    ]
}