{
    "predicted_boxes": [
        [
            0.0,
            415.9421081542969,
            0.025515228509902954,
            416.0
        ],
        [
            81.07162475585938,
            415.925537109375,
            83.86056518554688,
            416.0
        ],
        [
            209.30419921875,
            197.46971130371094,
            216.566650390625,
            217.21424865722656
        ],
        [
            163.42945861816406,
            196.5784149169922,
            170.75558471679688,
            216.64808654785156
        ]
    ],
    "scores": [
        0.24416334927082062,
        0.24416334927082062,
        0.16298706829547882,
        0.056596338748931885
    ]
}