{
    "predicted_boxes": [
        [
            372.74200439453125,
            185.84298706054688,
            387.9470520019531,
            211.99700927734375
        ],
        [
            0.0,
            415.93829345703125,
            0.029163267463445663,
            416.0
        ],
        [
            363.5928649902344,
            415.9488220214844,
            367.0185241699219,
            416.0
        ],
        [
            361.3683776855469,
            415.8316955566406,
            365.1959533691406,
            415.9952392578125
        ]
    ],
    "scores": [
        0.9921404719352722,
        0.24416334927082062,
        0.24416334927082062,
        0.06679855287075043
    ]
}