{
    "predicted_boxes": [
        [
            215.07296752929688,
            88.96487426757812,
            220.58822631835938,
            96.74695587158203
        ],
        [
            0.0,
            415.9329833984375,
            0.030939387157559395,
            416.0
        ],
        [
            415.9286804199219,
            201.93820190429688,
            415.9998779296875,
            221.2924041748047
        ],
        [
            210.11985778808594,
            88.77936553955078,
            214.0182342529297,
            96.72563171386719
        ]
    ],
    "scores": [
        0.4393100142478943,
        0.24416334927082062,
        0.24416334927082062,
        0.07932267338037491
    ]
}