{
    "predicted_boxes": [
        [
            0.0,
            415.94427490234375,
            0.023713117465376854,
            416.0
        ],
        [
            327.4356689453125,
            415.9700927734375,
            330.51385498046875,
            416.0
        ],
        [
            107.59086608886719,
            148.5201873779297,
            121.87149047851562,
            197.42465209960938
        ],
        [
            210.8426971435547,
            143.38951110839844,
            230.23995971679688,
            197.55235290527344
        ],
        [
            75.5984115600586,
            415.8990478515625,
            79.16297912597656,
            415.9978942871094
        ]
    ],
    "scores": [
        0.24416334927082062,
        0.24416334927082062,
        0.10362334549427032,
        0.07821125537157059,
        0.0744633823633194
    ]
}