{
    "predicted_boxes": [
        [
            0.0,
            415.93646240234375,
            0.031061675399541855,
            416.0
        ],
        [
            365.78924560546875,
            415.9823303222656,
            369.1294250488281,
            416.0
        ],
        [
            233.65179443359375,
            415.93548583984375,
            236.83761596679688,
            416.0
        ],
        [
            81.09479522705078,
            415.8991394042969,
            84.14008331298828,
            415.998046875
        ],
        [
            348.9335021972656,
            415.85064697265625,
            352.78057861328125,
            415.9958801269531
        ],
        [
            361.31005859375,
            415.818359375,
            365.1358642578125,
            415.99493408203125
        ],
        [
            363.443115234375,
            415.9241027832031,
            367.13592529296875,
            415.99786376953125
        ]
    ],
    "scores": [
        0.24416334927082062,
        0.24416334927082062,
        0.24416334927082062,
        0.08155649900436401,
        0.06901182234287262,
        0.06677434593439102,
        0.06417565792798996
    ]
}