{
    "predicted_boxes": [
        [
            52.29871368408203,
            209.1414031982422,
            58.499122619628906,
            219.24346923828125
        ],
        [
            357.5935363769531,
            152.233642578125,
            367.7799377441406,
            186.2159423828125
        ],
        [
            0.0,
            415.9325866699219,
            0.03146195039153099,
            416.0
        ],
        [
            70.92286682128906,
            208.2120361328125,
            73.18721771240234,
            216.5778350830078
        ]
    ],
    "scores": [
        0.8427925109863281,
        0.27112507820129395,
        0.24416334927082062,
        0.050131119787693024
    ]
}