{
    "predicted_boxes": [
        [
            124.02655029296875,
            162.78184509277344,
            136.50662231445312,
            203.52926635742188
        ],
        [
            0.0,
            415.9409484863281,
            0.02519342303276062,
            416.0
        ],
        [
            192.3438720703125,
            415.98895263671875,
            195.41580200195312,
            416.0
        ],
        [
            194.2635498046875,
            415.961181640625,
            197.37295532226562,
            416.0
        ],
        [
            210.52615356445312,
            161.94630432128906,
            225.8896026611328,
            202.9506072998047
        ],
        [
            69.77432250976562,
            415.8498229980469,
            73.79240417480469,
            415.9962158203125
        ],
        [
            201.9369354248047,
            415.90496826171875,
            205.64767456054688,
            415.9981994628906
        ],
        [
            199.9929656982422,
            415.9192810058594,
            203.6300048828125,
            415.9985656738281
        ],
        [
            198.07754516601562,
            415.9270324707031,
            201.68145751953125,
            415.9986877441406
        ],
        [
            196.31466674804688,
            415.9185791015625,
            199.79579162597656,
            415.9985656738281
        ]
    ],
    "scores": [
        0.4660579562187195,
        0.24416334927082062,
        0.24416334927082062,
        0.24416334927082062,
        0.1504954844713211,
        0.06976980715990067,
        0.05950449779629707,
        0.05792483687400818,
        0.05599485710263252,
        0.05445431172847748
    ]
}