{
    "predicted_boxes": [
        [
            254.07652282714844,
            208.17706298828125,
            258.4922180175781,
            219.75039672851562
        ],
        [
            104.77277374267578,
            216.28604125976562,
            107.29084014892578,
            221.91796875
        ],
        [
            62.48810577392578,
            212.3643035888672,
            70.6516342163086,
            228.21218872070312
        ],
        [
            95.15814208984375,
            211.49452209472656,
            99.8750991821289,
            219.7697296142578
        ]
    ],
    "scores": [
        0.7758091688156128,
        0.6054211258888245,
        0.16682596504688263,
        0.06397023051977158
    ]
}