{
    "predicted_boxes": [
        [
            26.652196884155273,
            202.49436950683594,
            32.25091552734375,
            215.05117797851562
        ],
        [
            0.0,
            415.9407653808594,
            0.027823813259601593,
            416.0
        ],
        [
            80.9971694946289,
            415.8811950683594,
            83.96455383300781,
            415.99761962890625
        ],
        [
            12.279836654663086,
            197.18701171875,
            19.375879287719727,
            216.81298828125
        ]
    ],
    "scores": [
        0.8946959972381592,
        0.24416334927082062,
        0.07676218450069427,
        0.05166098102927208
    ]
}