{
    "predicted_boxes": [
        [
            261.78302001953125,
            202.3668670654297,
            266.9919128417969,
            216.09017944335938
        ],
        [
            0.0,
            415.9383850097656,
            0.031105490401387215,
            416.0
        ]
    ],
    "scores": [
        0.9579693675041199,
        0.24416334927082062
    ]
}