{
    "predicted_boxes": [
        [
            75.89521789550781,
            197.62213134765625,
            80.1956558227539,
            211.45126342773438
        ],
        [
            0.0,
            415.9344482421875,
            0.03068516217172146,
            416.0
        ]
    ],
    "scores": [
        0.41369742155075073,
        0.24416334927082062
    ]
}