{
    "predicted_boxes": [
        [
            0.0,
            415.9427490234375,
            0.028763486072421074,
            416.0
        ],
        [
            69.9423828125,
            415.9627990722656,
            73.66461944580078,
            416.0
        ],
        [
            81.06566619873047,
            415.88629150390625,
            84.06153869628906,
            415.9976501464844
        ]
    ],
    "scores": [
        0.24416334927082062,
        0.24416334927082062,
        0.08062278479337692
    ]
}