{
    "predicted_boxes": [
        [
            0.0,
            415.93359375,
            0.031585969030857086,
            416.0
        ],
        [
            415.9448547363281,
            266.1996765136719,
            415.9998779296875,
            309.8030700683594
        ],
        [
            415.9279479980469,
            180.7758331298828,
            415.9998474121094,
            201.02418518066406
        ],
        [
            365.7536315917969,
            415.94000244140625,
            369.1020202636719,
            416.0
        ],
        [
            375.66497802734375,
            205.76536560058594,
            381.8322448730469,
            216.7206573486328
        ],
        [
            327.3038635253906,
            415.92205810546875,
            330.74151611328125,
            415.9976806640625
        ],
        [
            363.3858947753906,
            415.838134765625,
            367.07806396484375,
            415.99542236328125
        ]
    ],
    "scores": [
        0.24416334927082062,
        0.24416334927082062,
        0.24416334927082062,
        0.24416334927082062,
        0.11710774898529053,
        0.10708647966384888,
        0.06538574397563934
    ]
}