{
    "predicted_boxes": [
        [
            0.0,
            415.9430236816406,
            0.024142850190401077,
            416.0
        ],
        [
            209.13479614257812,
            198.36700439453125,
            215.9978485107422,
            217.62757873535156
        ],
        [
            81.0610122680664,
            415.79754638671875,
            84.00767517089844,
            415.995849609375
        ]
    ],
    "scores": [
        0.24416334927082062,
        0.1729176789522171,
        0.07914958149194717
    ]
}