{
    "predicted_boxes": [
        [
            309.06280517578125,
            199.19790649414062,
            322.29498291015625,
            221.05380249023438
        ],
        [
            34.91291427612305,
            205.14085388183594,
            42.05418395996094,
            217.41287231445312
        ],
        [
            0.0,
            415.93402099609375,
            0.02920757792890072,
            416.0
        ]
    ],
    "scores": [
        0.9878536462783813,
        0.5551329255104065,
        0.24416334927082062
    ]
}