{
    "predicted_boxes": [
        [
            0.0,
            415.9386901855469,
            0.030702240765094757,
            416.0
        ],
        [
            347.4110107421875,
            415.9695129394531,
            350.9773864746094,
            416.0
        ],
        [
            351.40435791015625,
            415.9508361816406,
            354.9883728027344,
            416.0
        ],
        [
            363.6828918457031,
            415.9349365234375,
            367.095947265625,
            416.0
        ],
        [
            365.85955810546875,
            415.9606628417969,
            369.20172119140625,
            416.0
        ],
        [
            81.13713073730469,
            415.8872375488281,
            84.17933654785156,
            415.9978332519531
        ],
        [
            70.01420593261719,
            415.8196105957031,
            74.03608703613281,
            415.9956970214844
        ],
        [
            353.3787536621094,
            415.86956787109375,
            357.26153564453125,
            415.99627685546875
        ],
        [
            355.4725646972656,
            415.8060302734375,
            359.3727722167969,
            415.99456787109375
        ],
        [
            361.4881591796875,
            415.9040832519531,
            365.29193115234375,
            415.99725341796875
        ]
    ],
    "scores": [
        0.24416334927082062,
        0.24416334927082062,
        0.24416334927082062,
        0.24416334927082062,
        0.24416334927082062,
        0.07975684851408005,
        0.07072941958904266,
        0.0683283656835556,
        0.06793393939733505,
        0.06566010415554047
    ]
}