{
    "predicted_boxes": [
        [
            327.40557861328125,
            194.22830200195312,
            341.3298645019531,
            219.0940704345703
        ],
        [
            31.972610473632812,
            205.0592041015625,
            38.023990631103516,
            216.07191467285156
        ],
        [
            0.0,
            415.9349670410156,
            0.028301076963543892,
            416.0
        ],
        [
            32.05958557128906,
            205.7220916748047,
            35.73177719116211,
            214.60508728027344
        ]
    ],
    "scores": [
        0.997251570224762,
        0.991503894329071,
        0.24416334927082062,
        0.16877959668636322
    ]
}