{
    "predicted_boxes": [
        [
            0.0,
            415.93951416015625,
            0.028558025136590004,
            416.0
        ],
        [
            86.27361297607422,
            415.9654235839844,
            89.35701751708984,
            416.0
        ],
        [
            361.49456787109375,
            415.9347229003906,
            365.0025939941406,
            416.0
        ],
        [
            236.03211975097656,
            415.98895263671875,
            239.0569305419922,
            416.0
        ],
        [
            139.7135467529297,
            415.9836730957031,
            143.25880432128906,
            416.0
        ],
        [
            67.93702697753906,
            415.8675231933594,
            72.08670806884766,
            415.9962463378906
        ],
        [
            353.31451416015625,
            415.8189697265625,
            357.1464538574219,
            415.99481201171875
        ],
        [
            349.05633544921875,
            415.92291259765625,
            352.86041259765625,
            415.9978332519531
        ],
        [
            351.17266845703125,
            415.8975830078125,
            354.992431640625,
            415.9970703125
        ],
        [
            65.57732391357422,
            415.9267883300781,
            69.70858764648438,
            415.9978942871094
        ]
    ],
    "scores": [
        0.24416334927082062,
        0.24416334927082062,
        0.24416334927082062,
        0.24416334927082062,
        0.24416334927082062,
        0.06853707879781723,
        0.06808595359325409,
        0.06805375963449478,
        0.06804763525724411,
        0.06555844843387604
    ]
}