{
    "predicted_boxes": [
        [
            0.0,
            415.9422302246094,
            0.024321824312210083,
            416.0
        ],
        [
            415.9686584472656,
            91.76077270507812,
            415.99993896484375,
            137.99111938476562
        ],
        [
            209.9097900390625,
            188.014892578125,
            218.76573181152344,
            213.45022583007812
        ],
        [
            152.47520446777344,
            187.39422607421875,
            161.61874389648438,
            213.26150512695312
        ],
        [
            327.09375,
            415.8159484863281,
            330.37030029296875,
            415.99444580078125
        ],
        [
            77.97035217285156,
            415.9085693359375,
            81.1968002319336,
            415.9982604980469
        ],
        [
            297.2814636230469,
            415.90850830078125,
            300.7960205078125,
            415.9977111816406
        ],
        [
            69.81622314453125,
            415.83587646484375,
            73.79646301269531,
            415.9958801269531
        ],
        [
            141.32345581054688,
            415.9049377441406,
            145.11154174804688,
            415.99835205078125
        ]
    ],
    "scores": [
        0.24416334927082062,
        0.24416334927082062,
        0.12967945635318756,
        0.11061364412307739,
        0.09544757008552551,
        0.07626943290233612,
        0.06898551434278488,
        0.06852494180202484,
        0.06674320995807648
    ]
}