{
    "predicted_boxes": [
        [
            270.7085876464844,
            210.72161865234375,
            282.19549560546875,
            225.77294921875
        ],
        [
            0.0,
            415.9394836425781,
            0.028842948377132416,
            416.0
        ],
        [
            43.66643142700195,
            222.85150146484375,
            49.84584045410156,
            231.54100036621094
        ]
    ],
    "scores": [
        0.9882692098617554,
        0.24416334927082062,
        0.057280998677015305
    ]
}