{
    "predicted_boxes": [
        [
            341.9546203613281,
            195.42832946777344,
            354.5013732910156,
            218.17420959472656
        ],
        [
            0.0,
            415.937744140625,
            0.028451334685087204,
            416.0
        ],
        [
            415.9939880371094,
            206.21426391601562,
            416.0,
            225.12828063964844
        ],
        [
            70.15711212158203,
            415.95526123046875,
            73.82662963867188,
            416.0
        ],
        [
            141.4153594970703,
            415.9481201171875,
            144.91876220703125,
            416.0
        ],
        [
            81.33394622802734,
            415.88983154296875,
            84.31999206542969,
            415.997802734375
        ],
        [
            363.4242858886719,
            415.8460998535156,
            367.119384765625,
            415.9956359863281
        ],
        [
            365.6240234375,
            415.92254638671875,
            369.24688720703125,
            415.9978332519531
        ]
    ],
    "scores": [
        0.6449575424194336,
        0.24416334927082062,
        0.24416334927082062,
        0.24416334927082062,
        0.24416334927082062,
        0.08144764602184296,
        0.06451593339443207,
        0.06217551603913307
    ]
}