{
    "predicted_boxes": [
        [
            65.68299102783203,
            193.00836181640625,
            80.62776947021484,
            218.6515350341797
        ],
        [
            0.0,
            415.9319152832031,
            0.030385881662368774,
            416.0
        ],
        [
            83.90122985839844,
            415.9576110839844,
            86.83074951171875,
            416.0
        ],
        [
            69.88603973388672,
            415.9569396972656,
            73.74384307861328,
            416.0
        ],
        [
            365.8045349121094,
            415.97247314453125,
            369.14239501953125,
            416.0
        ],
        [
            86.3314437866211,
            415.88568115234375,
            89.62448120117188,
            415.9969177246094
        ],
        [
            348.93798828125,
            415.8380126953125,
            352.8376770019531,
            415.9953918457031
        ],
        [
            351.1151123046875,
            415.81121826171875,
            354.9942321777344,
            415.9945373535156
        ],
        [
            361.383544921875,
            415.797607421875,
            365.2040710449219,
            415.9942626953125
        ],
        [
            363.48016357421875,
            415.9114074707031,
            367.1734313964844,
            415.9974670410156
        ]
    ],
    "scores": [
        0.9954504370689392,
        0.24416334927082062,
        0.24416334927082062,
        0.24416334927082062,
        0.24416334927082062,
        0.09575074911117554,
        0.06941734999418259,
        0.06844586133956909,
        0.06636779010295868,
        0.06394105404615402
    ]
}