{
    "predicted_boxes": [
        [
            0.0,
            415.9437561035156,
            0.024608975276350975,
            416.0
        ],
        [
            81.13082885742188,
            415.97589111328125,
            83.92849731445312,
            416.0
        ],
        [
            209.3419647216797,
            192.40225219726562,
            217.53475952148438,
            215.4526824951172
        ],
        [
            69.8662109375,
            415.8070373535156,
            73.86966705322266,
            415.9952697753906
        ]
    ],
    "scores": [
        0.24416334927082062,
        0.24416334927082062,
        0.08909741789102554,
        0.06919334083795547
    ]
}