{
    "predicted_boxes": [
        [
            210.2491455078125,
            140.4860382080078,
            218.6736297607422,
            146.22032165527344
        ],
        [
            0.0,
            415.93609619140625,
            0.03132481127977371,
            416.0
        ]
    ],
    "scores": [
        0.5580449104309082,
        0.24416334927082062
    ]
}