{
    "predicted_boxes": [
        [
            360.59222412109375,
            208.0120086669922,
            367.44940185546875,
            218.75827026367188
        ],
        [
            93.38981628417969,
            217.68359375,
            100.02188110351562,
            230.7418670654297
        ],
        [
            152.06033325195312,
            224.64141845703125,
            154.29611206054688,
            229.73126220703125
        ],
        [
            151.5435028076172,
            224.97174072265625,
            153.3932647705078,
            228.83682250976562
        ],
        [
            93.80297088623047,
            224.5994873046875,
            99.62348937988281,
            230.52789306640625
        ],
        [
            100.74815368652344,
            226.847412109375,
            106.73937225341797,
            231.45928955078125
        ]
    ],
    "scores": [
        0.9861603379249573,
        0.772529125213623,
        0.5074222087860107,
        0.20932985842227936,
        0.14127306640148163,
        0.06793920695781708
    ]
}