{
    "predicted_boxes": [
        [
            0.0,
            415.93597412109375,
            0.031104499474167824,
            416.0
        ],
        [
            299.7502746582031,
            415.8495178222656,
            303.2426452636719,
            415.99615478515625
        ]
    ],
    "scores": [
        0.24416334927082062,
        0.07823792845010757
    ]
}