{
    "predicted_boxes": [
        [
            0.0,
            415.9341735839844,
            0.03182261809706688,
            416.0
        ],
        [
            47.02998352050781,
            182.92066955566406,
            51.81605911254883,
            201.88417053222656
        ]
    ],
    "scores": [
        0.24416334927082062,
        0.0528385303914547
    ]
}