{
    "predicted_boxes": [
        [
            121.41407012939453,
            221.61990356445312,
            124.98949432373047,
            227.3158721923828
        ],
        [
            257.3684387207031,
            205.89659118652344,
            261.8417053222656,
            218.03892517089844
        ],
        [
            48.93421173095703,
            209.75628662109375,
            57.559326171875,
            225.60279846191406
        ],
        [
            49.969600677490234,
            220.55572509765625,
            59.23882293701172,
            227.37786865234375
        ],
        [
            52.95089340209961,
            221.88148498535156,
            64.1619873046875,
            228.10206604003906
        ]
    ],
    "scores": [
        0.6731010675430298,
        0.6329396963119507,
        0.23237448930740356,
        0.09071841090917587,
        0.08606705814599991
    ]
}