{
    "predicted_boxes": [
        [
            219.95880126953125,
            220.61758422851562,
            226.12278747558594,
            229.1025848388672
        ],
        [
            0.0,
            415.9354248046875,
            0.030197501182556152,
            416.0
        ],
        [
            71.26781463623047,
            214.1838836669922,
            75.77068328857422,
            222.06417846679688
        ]
    ],
    "scores": [
        0.6218214631080627,
        0.24416334927082062,
        0.059290677309036255
    ]
}