{
    "predicted_boxes": [
        [
            0.0,
            415.9367370605469,
            0.03198005631566048,
            416.0
        ],
        [
            374.1079406738281,
            415.9896240234375,
            377.4629821777344,
            416.0
        ],
        [
            372.0606384277344,
            415.9829406738281,
            375.41436767578125,
            416.0
        ],
        [
            370.00714111328125,
            415.9689636230469,
            373.3509216308594,
            416.0
        ],
        [
            367.930419921875,
            415.9605407714844,
            371.2670593261719,
            416.0
        ],
        [
            81.27590942382812,
            415.8863220214844,
            84.23365020751953,
            415.99761962890625
        ],
        [
            69.91849517822266,
            415.928466796875,
            73.95247650146484,
            415.9981689453125
        ],
        [
            363.4508056640625,
            415.84832763671875,
            367.1527099609375,
            415.99566650390625
        ],
        [
            365.6462707519531,
            415.8994140625,
            369.2852783203125,
            415.9972229003906
        ]
    ],
    "scores": [
        0.24416334927082062,
        0.24416334927082062,
        0.24416334927082062,
        0.24416334927082062,
        0.24416334927082062,
        0.07984886318445206,
        0.06752138584852219,
        0.06462236493825912,
        0.06260780245065689
    ]
}