{
    "predicted_boxes": [
        [
            273.14520263671875,
            142.8831024169922,
            288.8596496582031,
            152.7879180908203
        ],
        [
            271.83203125,
            144.00111389160156,
            279.0950012207031,
            153.31642150878906
        ],
        [
            0.0,
            415.9403076171875,
            0.029440268874168396,
            416.0
        ],
        [
            217.6810302734375,
            149.99241638183594,
            233.48890686035156,
            160.61663818359375
        ]
    ],
    "scores": [
        0.5682798027992249,
        0.554140031337738,
        0.24416334927082062,
        0.1345410943031311
    ]
}