{
    "predicted_boxes": [
        [
            391.1073913574219,
            177.79348754882812,
            404.40966796875,
            208.68936157226562
        ],
        [
            0.0,
            415.9386901855469,
            0.026572484523057938,
            416.0
        ],
        [
            64.04476165771484,
            415.9751892089844,
            67.7359390258789,
            416.0
        ],
        [
            363.5978088378906,
            415.9764404296875,
            366.9964599609375,
            416.0
        ],
        [
            347.2808837890625,
            415.79296875,
            351.1056823730469,
            415.9941101074219
        ],
        [
            351.21234130859375,
            415.809326171875,
            355.044677734375,
            415.9945068359375
        ],
        [
            349.1787109375,
            415.8911437988281,
            352.99652099609375,
            415.9969177246094
        ],
        [
            65.55719757080078,
            415.84014892578125,
            69.63729095458984,
            415.99542236328125
        ],
        [
            361.3782958984375,
            415.88916015625,
            365.1699523925781,
            415.996826171875
        ]
    ],
    "scores": [
        0.5983709096908569,
        0.24416334927082062,
        0.24416334927082062,
        0.24416334927082062,
        0.0683160051703453,
        0.06821782886981964,
        0.06808367371559143,
        0.06612202525138855,
        0.06588102132081985
    ]
}