{
    "predicted_boxes": [
        [
            144.2226104736328,
            213.3005828857422,
            154.3251953125,
            226.5987091064453
        ],
        [
            0.0,
            415.9318542480469,
            0.030504951253533363,
            416.0
        ],
        [
            415.96905517578125,
            251.77528381347656,
            415.99993896484375,
            294.1322021484375
        ],
        [
            86.27368927001953,
            415.9242858886719,
            89.5899887084961,
            415.9979248046875
        ]
    ],
    "scores": [
        0.9937559366226196,
        0.24416334927082062,
        0.24416334927082062,
        0.09267386794090271
    ]
}