{
    "predicted_boxes": [
        [
            0.0,
            415.93878173828125,
            0.030941614881157875,
            416.0
        ]
    ],
    "scores": [
        0.24416334927082062
    ]
}