{
    "predicted_boxes": [
        [
            313.8885498046875,
            146.40081787109375,
            332.9393310546875,
            160.0811309814453
        ],
        [
            130.72935485839844,
            222.2449188232422,
            136.15701293945312,
            232.7526092529297
        ],
        [
            0.0,
            415.9378967285156,
            0.0333358496427536,
            416.0
        ],
        [
            321.7635498046875,
            147.53091430664062,
            332.3455810546875,
            160.56614685058594
        ]
    ],
    "scores": [
        0.8264288306236267,
        0.2723184823989868,
        0.24416334927082062,
        0.09111306816339493
    ]
}