{
    "predicted_boxes": [
        [
            0.0,
            415.93658447265625,
            0.030069520696997643,
            416.0
        ]
    ],
    "scores": [
        0.24416334927082062
    ]
}