{
    "predicted_boxes": [
        [
            321.7104187011719,
            172.16775512695312,
            330.8431091308594,
            198.49827575683594
        ],
        [
            0.0,
            415.9284973144531,
            0.032817989587783813,
            416.0
        ],
        [
            415.94866943359375,
            210.44235229492188,
            415.9998779296875,
            229.59347534179688
        ],
        [
            86.40312957763672,
            415.9306945800781,
            89.61713409423828,
            416.0
        ]
    ],
    "scores": [
        0.6579089164733887,
        0.24416334927082062,
        0.24416334927082062,
        0.24416334927082062
    ]
}