{
    "predicted_boxes": [
        [
            214.9546356201172,
            88.89641571044922,
            220.69175720214844,
            97.0606918334961
        ],
        [
            0.0,
            415.9329833984375,
            0.030939387157559395,
            416.0
        ],
        [
            415.9288024902344,
            201.93759155273438,
            415.9998779296875,
            221.29127502441406
        ],
        [
            210.20326232910156,
            88.775146484375,
            214.00271606445312,
            96.64437866210938
        ],
        [
            205.67018127441406,
            88.29113006591797,
            209.51876831054688,
            96.15773010253906
        ]
    ],
    "scores": [
        0.5610213875770569,
        0.24416334927082062,
        0.24416334927082062,
        0.0882210060954094,
        0.055609460920095444
    ]
}