{
    "predicted_boxes": [
        [
            183.58096313476562,
            221.05686950683594,
            190.0840606689453,
            229.0596466064453
        ],
        [
            0.0,
            415.93524169921875,
            0.03144412860274315,
            416.0
        ],
        [
            69.82613372802734,
            415.8033142089844,
            73.80883026123047,
            415.9949951171875
        ]
    ],
    "scores": [
        0.9240420460700989,
        0.24416334927082062,
        0.0690181702375412
    ]
}