{
    "predicted_boxes": [
        [
            187.5924072265625,
            221.30181884765625,
            193.30438232421875,
            229.29437255859375
        ],
        [
            0.0,
            415.9330749511719,
            0.03183252364397049,
            416.0
        ],
        [
            65.41862487792969,
            415.8014221191406,
            69.60234832763672,
            415.994384765625
        ],
        [
            363.3898620605469,
            415.9116516113281,
            367.08392333984375,
            415.9974670410156
        ]
    ],
    "scores": [
        0.8691236972808838,
        0.24416334927082062,
        0.0666591003537178,
        0.06488851457834244
    ]
}