{
    "predicted_boxes": [
        [
            0.0,
            415.9371032714844,
            0.029878666624426842,
            416.0
        ],
        [
            327.7727355957031,
            415.96246337890625,
            330.93603515625,
            416.0
        ],
        [
            241.69830322265625,
            415.9263610839844,
            244.6930694580078,
            416.0
        ],
        [
            365.5764465332031,
            415.8348388671875,
            369.2325744628906,
            415.9953918457031
        ],
        [
            373.90777587890625,
            415.9266662597656,
            377.5611267089844,
            415.9978942871094
        ],
        [
            369.8000793457031,
            415.902099609375,
            373.4449157714844,
            415.997314453125
        ],
        [
            371.85345458984375,
            415.91827392578125,
            375.5082702636719,
            415.99774169921875
        ],
        [
            367.7314758300781,
            415.8873596191406,
            371.3702697753906,
            415.9969177246094
        ]
    ],
    "scores": [
        0.24416334927082062,
        0.24416334927082062,
        0.24416334927082062,
        0.06313303112983704,
        0.0610327385365963,
        0.06078575551509857,
        0.06074550002813339,
        0.06073421612381935
    ]
}