{
    "predicted_boxes": [
        [
            148.2473907470703,
            155.04046630859375,
            159.87344360351562,
            164.54986572265625
        ],
        [
            0.0,
            415.93792724609375,
            0.030736403539776802,
            416.0
        ],
        [
            195.61236572265625,
            152.91494750976562,
            205.36483764648438,
            161.60794067382812
        ],
        [
            203.57801818847656,
            153.12310791015625,
            211.3610076904297,
            161.88827514648438
        ]
    ],
    "scores": [
        0.38274234533309937,
        0.24416334927082062,
        0.19842877984046936,
        0.1755829155445099
    ]
}