{
    "predicted_boxes": [
        [
            83.44718933105469,
            197.85133361816406,
            99.13941955566406,
            220.64154052734375
        ],
        [
            0.0,
            415.9320983886719,
            0.030334146693348885,
            416.0
        ],
        [
            86.45658111572266,
            415.9309997558594,
            89.5545883178711,
            416.0
        ],
        [
            83.91917419433594,
            415.99224853515625,
            86.8132095336914,
            416.0
        ],
        [
            69.87086486816406,
            415.96319580078125,
            73.72749328613281,
            416.0
        ],
        [
            363.6861572265625,
            415.98333740234375,
            367.0909118652344,
            416.0
        ],
        [
            351.3404235839844,
            415.9622802734375,
            354.85833740234375,
            416.0
        ],
        [
            349.1636047363281,
            415.9737243652344,
            352.7245178222656,
            416.0
        ],
        [
            346.997802734375,
            415.8153381347656,
            350.91937255859375,
            415.9949035644531
        ],
        [
            353.3768615722656,
            415.88702392578125,
            357.1888732910156,
            415.99676513671875
        ],
        [
            355.4993591308594,
            415.8050537109375,
            359.3353271484375,
            415.9945983886719
        ],
        [
            361.48822021484375,
            415.927734375,
            365.27630615234375,
            415.9979553222656
        ]
    ],
    "scores": [
        0.9944499731063843,
        0.24416334927082062,
        0.24416334927082062,
        0.24416334927082062,
        0.24416334927082062,
        0.24416334927082062,
        0.24416334927082062,
        0.24416334927082062,
        0.0690692663192749,
        0.0657283291220665,
        0.06569881737232208,
        0.06466444581747055
    ]
}