{
    "predicted_boxes": [
        [
            0.0,
            415.93603515625,
            0.032910823822021484,
            416.0
        ],
        [
            261.2479248046875,
            174.0926971435547,
            271.84967041015625,
            201.08331298828125
        ],
        [
            32.11775588989258,
            203.58445739746094,
            41.05269241333008,
            222.12188720703125
        ]
    ],
    "scores": [
        0.24416334927082062,
        0.1585313230752945,
        0.05118108540773392
    ]
}