{
    "predicted_boxes": [
        [
            79.1811294555664,
            214.26548767089844,
            84.95307159423828,
            223.4886016845703
        ],
        [
            0.0,
            415.9283752441406,
            0.03184935450553894,
            416.0
        ]
    ],
    "scores": [
        0.9639168977737427,
        0.24416334927082062
    ]
}