{
    "predicted_boxes": [
        [
            161.23739624023438,
            225.19688415527344,
            164.2838897705078,
            229.91519165039062
        ],
        [
            112.18158721923828,
            220.66680908203125,
            117.86394500732422,
            231.86572265625
        ],
        [
            162.28488159179688,
            225.43247985839844,
            164.90370178222656,
            229.5972137451172
        ]
    ],
    "scores": [
        0.4468298554420471,
        0.3317379951477051,
        0.08944357186555862
    ]
}