{
    "predicted_boxes": [
        [
            113.34749603271484,
            206.04969787597656,
            126.26185607910156,
            224.3807373046875
        ],
        [
            0.0,
            415.9330749511719,
            0.029755884781479836,
            416.0
        ],
        [
            69.85267639160156,
            415.9591369628906,
            73.71481323242188,
            416.0
        ],
        [
            349.2064208984375,
            415.9344482421875,
            352.7337646484375,
            416.0
        ],
        [
            361.6145935058594,
            415.96002197265625,
            365.1211242675781,
            416.0
        ],
        [
            86.38097381591797,
            415.92535400390625,
            89.69024658203125,
            415.9979248046875
        ],
        [
            353.37921142578125,
            415.8536376953125,
            357.2063293457031,
            415.9958190917969
        ],
        [
            355.5027160644531,
            415.80230712890625,
            359.3687744140625,
            415.9945373535156
        ],
        [
            351.2318115234375,
            415.9246826171875,
            355.0474548339844,
            415.99786376953125
        ],
        [
            359.2600402832031,
            415.7980651855469,
            363.1606140136719,
            415.9944763183594
        ]
    ],
    "scores": [
        0.9943556785583496,
        0.24416334927082062,
        0.24416334927082062,
        0.24416334927082062,
        0.24416334927082062,
        0.09325660020112991,
        0.06696182489395142,
        0.06691556423902512,
        0.06690502166748047,
        0.0664161965250969
    ]
}