{
    "predicted_boxes": [
        [
            293.4227294921875,
            211.99447631835938,
            299.20135498046875,
            224.92884826660156
        ],
        [
            0.0,
            415.9337463378906,
            0.029210302978754044,
            416.0
        ]
    ],
    "scores": [
        0.9870575070381165,
        0.24416334927082062
    ]
}