{
    "predicted_boxes": [
        [
            254.0545196533203,
            208.15069580078125,
            258.52880859375,
            219.78456115722656
        ],
        [
            104.77483367919922,
            216.2834930419922,
            107.29388427734375,
            221.89866638183594
        ],
        [
            62.49044418334961,
            212.37069702148438,
            70.66029357910156,
            228.24517822265625
        ],
        [
            105.67015075683594,
            216.23048400878906,
            108.1885986328125,
            221.88424682617188
        ],
        [
            95.15402221679688,
            211.4650115966797,
            99.89751434326172,
            219.75389099121094
        ]
    ],
    "scores": [
        0.7487808465957642,
        0.6211307644844055,
        0.1710936576128006,
        0.13796502351760864,
        0.06462740153074265
    ]
}