{
    "predicted_boxes": [
        [
            289.6396484375,
            213.7394561767578,
            294.583251953125,
            225.8997039794922
        ],
        [
            0.0,
            415.93157958984375,
            0.02962295338511467,
            416.0
        ]
    ],
    "scores": [
        0.655398428440094,
        0.24416334927082062
    ]
}