{
    "predicted_boxes": [
        [
            0.0,
            415.9359436035156,
            0.02900880202651024,
            416.0
        ],
        [
            347.2591552734375,
            415.96417236328125,
            350.76806640625,
            416.0
        ],
        [
            353.5014953613281,
            415.9649963378906,
            357.0084533691406,
            416.0
        ],
        [
            68.18891143798828,
            415.9570617675781,
            71.92242431640625,
            416.0
        ],
        [
            361.59503173828125,
            415.984130859375,
            365.0779113769531,
            416.0
        ],
        [
            355.468017578125,
            415.8791809082031,
            359.3037109375,
            415.9965515136719
        ],
        [
            139.5718994140625,
            415.8692932128906,
            143.53536987304688,
            415.9979553222656
        ],
        [
            359.22064208984375,
            415.8296203613281,
            363.1095275878906,
            415.9951477050781
        ]
    ],
    "scores": [
        0.24416334927082062,
        0.24416334927082062,
        0.24416334927082062,
        0.24416334927082062,
        0.24416334927082062,
        0.06685908883810043,
        0.06639224290847778,
        0.06632431596517563
    ]
}