{
    "predicted_boxes": [
        [
            0.0,
            415.9405212402344,
            0.021644895896315575,
            416.0
        ],
        [
            199.5907440185547,
            155.4412078857422,
            208.56492614746094,
            168.22085571289062
        ],
        [
            218.09034729003906,
            158.0845184326172,
            223.78184509277344,
            169.0398712158203
        ]
    ],
    "scores": [
        0.24416334927082062,
        0.20484645664691925,
        0.05331793799996376
    ]
}