{
    "predicted_boxes": [
        [
            0.0,
            415.9346923828125,
            0.030672289431095123,
            416.0
        ],
        [
            193.97161865234375,
            224.7222442626953,
            200.09619140625,
            233.26084899902344
        ]
    ],
    "scores": [
        0.24416334927082062,
        0.07752717286348343
    ]
}