{
    "predicted_boxes": [
        [
            0.0,
            415.9361877441406,
            0.02900657430291176,
            416.0
        ]
    ],
    "scores": [
        0.24416334927082062
    ]
}