{
    "predicted_boxes": [
        [
            0.0,
            415.93902587890625,
            0.029794253408908844,
            416.0
        ],
        [
            258.07568359375,
            150.3717041015625,
            277.1318664550781,
            160.28842163085938
        ],
        [
            260.69439697265625,
            151.4907989501953,
            268.0691833496094,
            160.07098388671875
        ]
    ],
    "scores": [
        0.24416334927082062,
        0.21028777956962585,
        0.14390066266059875
    ]
}