{
    "predicted_boxes": [
        [
            0.0,
            415.93902587890625,
            0.03091191127896309,
            416.0
        ],
        [
            238.13540649414062,
            415.9815368652344,
            241.10243225097656,
            416.0
        ],
        [
            370.0787658691406,
            415.9867858886719,
            373.4249267578125,
            416.0
        ],
        [
            367.9969787597656,
            415.97802734375,
            371.331787109375,
            416.0
        ],
        [
            81.13642883300781,
            415.8100891113281,
            84.17351531982422,
            415.9964599609375
        ],
        [
            349.06201171875,
            415.8528137207031,
            352.95745849609375,
            415.9958190917969
        ],
        [
            361.3443603515625,
            415.7932434082031,
            365.1785888671875,
            415.994140625
        ],
        [
            363.4845886230469,
            415.8797912597656,
            367.1835021972656,
            415.99658203125
        ],
        [
            365.6847839355469,
            415.9251708984375,
            369.3185119628906,
            415.9979248046875
        ]
    ],
    "scores": [
        0.24416334927082062,
        0.24416334927082062,
        0.24416334927082062,
        0.24416334927082062,
        0.08075178414583206,
        0.06942825019359589,
        0.06677202135324478,
        0.0640314444899559,
        0.06198946014046669
    ]
}