{
    "predicted_boxes": [
        [
            0.0,
            415.93377685546875,
            0.031193863600492477,
            416.0
        ]
    ],
    "scores": [
        0.24416334927082062
    ]
}