{
    "predicted_boxes": [
        [
            0.0,
            415.9393005371094,
            0.032286517322063446,
            416.0
        ]
    ],
    "scores": [
        0.24416334927082062
    ]
}