{
    "predicted_boxes": [
        [
            327.4202880859375,
            194.25437927246094,
            341.3371276855469,
            219.07667541503906
        ],
        [
            31.973690032958984,
            205.0660858154297,
            38.004005432128906,
            216.06983947753906
        ],
        [
            0.0,
            415.9347839355469,
            0.02843276783823967,
            416.0
        ],
        [
            32.066810607910156,
            205.7148895263672,
            35.7346076965332,
            214.59494018554688
        ]
    ],
    "scores": [
        0.99714595079422,
        0.9914889335632324,
        0.24416334927082062,
        0.1719822883605957
    ]
}