{
    "predicted_boxes": [
        [
            84.06794738769531,
            131.49566650390625,
            102.05972290039062,
            188.1868896484375
        ],
        [
            0.0,
            415.93963623046875,
            0.025702867656946182,
            416.0
        ],
        [
            210.0419158935547,
            114.36114501953125,
            238.6092987060547,
            186.3305206298828
        ]
    ],
    "scores": [
        0.44593778252601624,
        0.24416334927082062,
        0.21703442931175232
    ]
}