{
    "predicted_boxes": [
        [
            0.0,
            415.93511962890625,
            0.03008189983665943,
            416.0
        ],
        [
            86.4449691772461,
            415.9586181640625,
            89.5382080078125,
            416.0
        ],
        [
            365.8295593261719,
            415.9512634277344,
            369.2048034667969,
            416.0
        ],
        [
            65.86551666259766,
            415.9400634765625,
            69.62225341796875,
            416.0
        ],
        [
            68.18791198730469,
            415.9833679199219,
            71.95881652832031,
            416.0
        ],
        [
            83.8445053100586,
            415.92498779296875,
            86.87211608886719,
            415.99835205078125
        ],
        [
            349.1444396972656,
            415.815185546875,
            353.005859375,
            415.99493408203125
        ],
        [
            361.45086669921875,
            415.8217468261719,
            365.281494140625,
            415.9950256347656
        ],
        [
            363.51849365234375,
            415.89910888671875,
            367.2458801269531,
            415.9971923828125
        ]
    ],
    "scores": [
        0.24416334927082062,
        0.24416334927082062,
        0.24416334927082062,
        0.24416334927082062,
        0.24416334927082062,
        0.09153702110052109,
        0.06914859265089035,
        0.06629501283168793,
        0.06397125124931335
    ]
}