{
    "predicted_boxes": [
        [
            253.6084747314453,
            208.95384216308594,
            257.5431213378906,
            220.3424530029297
        ],
        [
            66.09937286376953,
            213.51263427734375,
            74.53800201416016,
            229.3180694580078
        ],
        [
            0.0,
            415.93865966796875,
            0.03128990903496742,
            416.0
        ]
    ],
    "scores": [
        0.6640664935112,
        0.4059751033782959,
        0.24416334927082062
    ]
}