{
    "predicted_boxes": [
        [
            0.0,
            415.93743896484375,
            0.031230250373482704,
            416.0
        ]
    ],
    "scores": [
        0.24416334927082062
    ]
}