{
    "predicted_boxes": [
        [
            209.7315673828125,
            184.32803344726562,
            219.78778076171875,
            212.8387451171875
        ],
        [
            208.3337860107422,
            216.32925415039062,
            211.6767120361328,
            225.61016845703125
        ],
        [
            0.0,
            415.9381408691406,
            0.02735150046646595,
            416.0
        ],
        [
            147.73538208007812,
            184.47372436523438,
            157.41624450683594,
            212.3846893310547
        ],
        [
            188.46385192871094,
            216.0201416015625,
            191.92637634277344,
            225.708251953125
        ]
    ],
    "scores": [
        0.32870110869407654,
        0.32473209500312805,
        0.24416334927082062,
        0.22625906765460968,
        0.2042183130979538
    ]
}