{
    "predicted_boxes": [
        [
            270.86566162109375,
            197.54356384277344,
            276.72125244140625,
            213.628173828125
        ],
        [
            0.0,
            415.9268798828125,
            0.03351680189371109,
            416.0
        ],
        [
            98.45787811279297,
            217.98683166503906,
            103.86378479003906,
            225.49107360839844
        ]
    ],
    "scores": [
        0.40353822708129883,
        0.24416334927082062,
        0.11025150865316391
    ]
}