{
    "predicted_boxes": [
        [
            183.57542419433594,
            221.0454864501953,
            190.0810089111328,
            229.06378173828125
        ],
        [
            0.0,
            415.93524169921875,
            0.031523093581199646,
            416.0
        ],
        [
            69.8333969116211,
            415.8148193359375,
            73.80945587158203,
            415.99530029296875
        ]
    ],
    "scores": [
        0.9164465069770813,
        0.24416334927082062,
        0.06886139512062073
    ]
}