{
    "predicted_boxes": [
        [
            0.0,
            415.93896484375,
            0.029160544276237488,
            416.0
        ],
        [
            142.55526733398438,
            180.66830444335938,
            148.6756134033203,
            187.2635498046875
        ]
    ],
    "scores": [
        0.24416334927082062,
        0.09323152899742126
    ]
}