{
    "predicted_boxes": [
        [
            341.971435546875,
            195.44122314453125,
            354.50677490234375,
            218.16531372070312
        ],
        [
            0.0,
            415.93804931640625,
            0.027956001460552216,
            416.0
        ],
        [
            240.0222625732422,
            415.9818115234375,
            243.14756774902344,
            416.0
        ],
        [
            365.77642822265625,
            415.9384460449219,
            369.11492919921875,
            416.0
        ],
        [
            167.07444763183594,
            415.9856262207031,
            169.99513244628906,
            416.0
        ],
        [
            165.17005920410156,
            415.97845458984375,
            168.13307189941406,
            416.0
        ],
        [
            163.09994506835938,
            415.9660339355469,
            166.07032775878906,
            416.0
        ],
        [
            81.35368347167969,
            415.88189697265625,
            84.3359603881836,
            415.9976806640625
        ],
        [
            143.4379425048828,
            415.7994384765625,
            146.9832305908203,
            415.99627685546875
        ],
        [
            141.30284118652344,
            415.84613037109375,
            145.09295654296875,
            415.99700927734375
        ],
        [
            363.44073486328125,
            415.86639404296875,
            367.1319580078125,
            415.9962158203125
        ],
        [
            161.03204345703125,
            415.9229736328125,
            164.2510986328125,
            415.9992370605469
        ]
    ],
    "scores": [
        0.6284464001655579,
        0.24416334927082062,
        0.24416334927082062,
        0.24416334927082062,
        0.24416334927082062,
        0.24416334927082062,
        0.24416334927082062,
        0.08035025745630264,
        0.07464903593063354,
        0.07022927701473236,
        0.0642857477068901,
        0.052000001072883606
    ]
}