{
    "predicted_boxes": [
        [
            0.0,
            415.9382629394531,
            0.031177029013633728,
            416.0
        ]
    ],
    "scores": [
        0.24416334927082062
    ]
}