{
    "predicted_boxes": [
        [
            0.0,
            415.93341064453125,
            0.03263282775878906,
            416.0
        ]
    ],
    "scores": [
        0.24416334927082062
    ]
}