{
    "predicted_boxes": [
        [
            23.72719955444336,
            202.3955841064453,
            30.00564956665039,
            214.81912231445312
        ],
        [
            375.35809326171875,
            177.38394165039062,
            387.8131408691406,
            210.05215454101562
        ],
        [
            0.0,
            415.9349365234375,
            0.026574712246656418,
            416.0
        ]
    ],
    "scores": [
        0.9925305247306824,
        0.9893450140953064,
        0.24416334927082062
    ]
}