{
    "predicted_boxes": [
        [
            0.0,
            415.9345703125,
            0.03096562810242176,
            416.0
        ]
    ],
    "scores": [
        0.24416334927082062
    ]
}