{
    "predicted_boxes": [
        [
            0.0,
            415.940673828125,
            0.029002118855714798,
            416.0
        ],
        [
            374.1307678222656,
            415.9850769042969,
            377.49359130859375,
            416.0
        ],
        [
            372.1025390625,
            415.9852600097656,
            375.45843505859375,
            416.0
        ],
        [
            370.053466796875,
            415.9786071777344,
            373.3913269042969,
            416.0
        ],
        [
            367.9709167480469,
            415.9787292480469,
            371.29620361328125,
            416.0
        ],
        [
            363.3961486816406,
            415.8398132324219,
            367.0909118652344,
            415.9954528808594
        ],
        [
            365.623046875,
            415.9178466796875,
            369.247802734375,
            415.9977111816406
        ]
    ],
    "scores": [
        0.24416334927082062,
        0.24416334927082062,
        0.24416334927082062,
        0.24416334927082062,
        0.24416334927082062,
        0.06461439281702042,
        0.06213323771953583
    ]
}