{
    "predicted_boxes": [
        [
            176.05967712402344,
            180.53750610351562,
            186.43609619140625,
            186.53448486328125
        ],
        [
            150.9011993408203,
            178.81736755371094,
            178.4850311279297,
            186.44290161132812
        ],
        [
            146.81005859375,
            178.77593994140625,
            153.1840057373047,
            185.4716339111328
        ]
    ],
    "scores": [
        0.1437498927116394,
        0.09496419131755829,
        0.07414955645799637
    ]
}