{
    "predicted_boxes": [
        [
            253.11114501953125,
            179.67254638671875,
            262.7039794921875,
            204.64434814453125
        ],
        [
            0.0,
            415.9344787597656,
            0.03456787019968033,
            416.0
        ]
    ],
    "scores": [
        0.4728011190891266,
        0.24416334927082062
    ]
}