{
    "predicted_boxes": [
        [
            0.0,
            415.9404296875,
            0.028458761051297188,
            416.0
        ],
        [
            327.4102478027344,
            415.96246337890625,
            330.6266784667969,
            416.0
        ],
        [
            77.94818878173828,
            415.8128662109375,
            81.06641387939453,
            415.9963684082031
        ],
        [
            369.2377624511719,
            206.46751403808594,
            374.9778747558594,
            217.0881805419922
        ],
        [
            139.42543029785156,
            415.8243103027344,
            143.40521240234375,
            415.9971008300781
        ],
        [
            365.597900390625,
            415.8175048828125,
            369.238037109375,
            415.9949645996094
        ],
        [
            373.943359375,
            415.91046142578125,
            377.5889587402344,
            415.9974670410156
        ],
        [
            369.8451232910156,
            415.8946228027344,
            373.47808837890625,
            415.99713134765625
        ],
        [
            371.8973693847656,
            415.9062805175781,
            375.5423889160156,
            415.99737548828125
        ],
        [
            367.76904296875,
            415.8883056640625,
            371.39410400390625,
            415.9969787597656
        ]
    ],
    "scores": [
        0.24416334927082062,
        0.24416334927082062,
        0.07541882991790771,
        0.07208304852247238,
        0.06853685528039932,
        0.0632341057062149,
        0.06089223176240921,
        0.060643427073955536,
        0.0606146939098835,
        0.060565151274204254
    ]
}