{
    "predicted_boxes": [
        [
            0.0,
            415.93707275390625,
            0.02922738343477249,
            416.0
        ],
        [
            327.54736328125,
            415.8870849609375,
            330.9580383300781,
            415.9967041015625
        ],
        [
            81.09426879882812,
            415.8984680175781,
            84.1406478881836,
            415.99798583984375
        ]
    ],
    "scores": [
        0.24416334927082062,
        0.1006871908903122,
        0.08303280174732208
    ]
}