{
    "predicted_boxes": [
        [
            0.0,
            415.9395446777344,
            0.02901771292090416,
            416.0
        ],
        [
            65.78096008300781,
            415.9895935058594,
            69.51834869384766,
            416.0
        ],
        [
            365.7831115722656,
            415.97296142578125,
            369.132568359375,
            416.0
        ],
        [
            349.20147705078125,
            415.8590087890625,
            353.0329284667969,
            415.9960632324219
        ],
        [
            361.4091491699219,
            415.8320007324219,
            365.2192077636719,
            415.9953308105469
        ],
        [
            363.4622497558594,
            415.9162292480469,
            367.1678161621094,
            415.9976806640625
        ]
    ],
    "scores": [
        0.24416334927082062,
        0.24416334927082062,
        0.24416334927082062,
        0.06915386766195297,
        0.06668717414140701,
        0.06401759386062622
    ]
}