{
    "predicted_boxes": [
        [
            0.0,
            415.93792724609375,
            0.0303326603025198,
            416.0
        ],
        [
            81.14579010009766,
            415.9390563964844,
            84.01142883300781,
            416.0
        ],
        [
            70.01212310791016,
            415.7986145019531,
            73.99378204345703,
            415.9951171875
        ],
        [
            363.4150390625,
            415.8522033691406,
            367.11865234375,
            415.99578857421875
        ],
        [
            365.6347351074219,
            415.9096984863281,
            369.26788330078125,
            415.9974670410156
        ]
    ],
    "scores": [
        0.24416334927082062,
        0.24416334927082062,
        0.07084733247756958,
        0.06451242417097092,
        0.062221087515354156
    ]
}