{
    "predicted_boxes": [
        [
            211.29119873046875,
            180.72361755371094,
            222.70542907714844,
            187.17532348632812
        ],
        [
            0.0,
            415.9388122558594,
            0.030092544853687286,
            416.0
        ],
        [
            183.54241943359375,
            180.39205932617188,
            215.0107421875,
            190.58290100097656
        ]
    ],
    "scores": [
        0.7237624526023865,
        0.24416334927082062,
        0.05510573089122772
    ]
}