{
    "predicted_boxes": [
        [
            113.34847259521484,
            206.0498504638672,
            126.26284790039062,
            224.38299560546875
        ],
        [
            0.0,
            415.932373046875,
            0.030092792585492134,
            416.0
        ],
        [
            83.96959686279297,
            415.9359436035156,
            86.89976501464844,
            416.0
        ],
        [
            69.83561706542969,
            415.92596435546875,
            73.7067642211914,
            416.0
        ],
        [
            349.2058410644531,
            415.9349365234375,
            352.73260498046875,
            416.0
        ],
        [
            361.61358642578125,
            415.9598083496094,
            365.1199645996094,
            416.0
        ],
        [
            86.4104995727539,
            415.8572692871094,
            89.72393035888672,
            415.99615478515625
        ],
        [
            353.3786926269531,
            415.85504150390625,
            357.2054443359375,
            415.9958801269531
        ],
        [
            355.5014953613281,
            415.8038330078125,
            359.36688232421875,
            415.9945983886719
        ],
        [
            351.2312927246094,
            415.9261169433594,
            355.046630859375,
            415.9979248046875
        ],
        [
            359.25933837890625,
            415.79852294921875,
            363.15985107421875,
            415.9944763183594
        ]
    ],
    "scores": [
        0.994347870349884,
        0.24416334927082062,
        0.24416334927082062,
        0.24416334927082062,
        0.24416334927082062,
        0.24416334927082062,
        0.09644637256860733,
        0.06696771830320358,
        0.06692122668027878,
        0.06691253185272217,
        0.06642347574234009
    ]
}