{
    "predicted_boxes": [
        [
            0.0,
            415.9382629394531,
            0.030850520357489586,
            416.0
        ],
        [
            192.3557586669922,
            130.8448944091797,
            205.93092346191406,
            140.77000427246094
        ]
    ],
    "scores": [
        0.24416334927082062,
        0.053176961839199066
    ]
}