{
    "predicted_boxes": [
        [
            0.0,
            415.93719482421875,
            0.03083096444606781,
            416.0
        ],
        [
            212.52206420898438,
            116.1771469116211,
            219.38946533203125,
            122.64897918701172
        ],
        [
            205.2631072998047,
            116.61917877197266,
            212.0062255859375,
            123.30633544921875
        ]
    ],
    "scores": [
        0.24416334927082062,
        0.11951469630002975,
        0.0540362186729908
    ]
}