{
    "predicted_boxes": [
        [
            0.0,
            415.9375,
            0.02945091389119625,
            416.0
        ]
    ],
    "scores": [
        0.24416334927082062
    ]
}