{
    "predicted_boxes": [
        [
            217.48703002929688,
            11.956741333007812,
            225.65328979492188,
            23.57765007019043
        ],
        [
            0.0,
            415.9358215332031,
            0.030918842181563377,
            416.0
        ]
    ],
    "scores": [
        0.8967289328575134,
        0.24416334927082062
    ]
}