{
    "predicted_boxes": [
        [
            0.0,
            415.9385681152344,
            0.031157473102211952,
            416.0
        ],
        [
            239.96798706054688,
            415.9331359863281,
            243.01611328125,
            416.0
        ],
        [
            370.074951171875,
            415.9771728515625,
            373.4350891113281,
            416.0
        ],
        [
            367.991943359375,
            415.97015380859375,
            371.34051513671875,
            416.0
        ],
        [
            81.1477279663086,
            415.7850646972656,
            84.17761993408203,
            415.9959716796875
        ],
        [
            349.0841979980469,
            415.8563232421875,
            352.9812316894531,
            415.99591064453125
        ],
        [
            141.79318237304688,
            415.90838623046875,
            145.76138305664062,
            415.99853515625
        ],
        [
            363.489990234375,
            415.8695983886719,
            367.2059020996094,
            415.9963073730469
        ],
        [
            365.6805114746094,
            415.9148864746094,
            369.32965087890625,
            415.9976806640625
        ],
        [
            245.73011779785156,
            415.8514099121094,
            249.15721130371094,
            415.99835205078125
        ],
        [
            243.72665405273438,
            415.8860168457031,
            247.1058807373047,
            415.99835205078125
        ]
    ],
    "scores": [
        0.24416334927082062,
        0.24416334927082062,
        0.24416334927082062,
        0.24416334927082062,
        0.08053355664014816,
        0.06944532692432404,
        0.06836066395044327,
        0.06423069536685944,
        0.06222463771700859,
        0.05264061316847801,
        0.051081765443086624
    ]
}