{
    "predicted_boxes": [
        [
            208.49745178222656,
            213.24917602539062,
            212.0216522216797,
            224.8882598876953
        ],
        [
            185.0796356201172,
            213.4137725830078,
            188.9080352783203,
            224.8348846435547
        ],
        [
            0.0,
            415.9454345703125,
            0.024300536140799522,
            416.0
        ],
        [
            103.1482925415039,
            151.6724853515625,
            117.62445068359375,
            195.29112243652344
        ],
        [
            211.27980041503906,
            137.28878784179688,
            231.6314239501953,
            195.6687469482422
        ]
    ],
    "scores": [
        0.41858044266700745,
        0.2896609306335449,
        0.24416334927082062,
        0.15732401609420776,
        0.0693301409482956
    ]
}