{
    "predicted_boxes": [
        [
            170.6729736328125,
            218.31317138671875,
            178.08839416503906,
            228.50271606445312
        ],
        [
            0.0,
            415.93670654296875,
            0.03134486451745033,
            416.0
        ]
    ],
    "scores": [
        0.9842968583106995,
        0.24416334927082062
    ]
}