{
    "predicted_boxes": [
        [
            0.0,
            415.9376220703125,
            0.02994599938392639,
            416.0
        ]
    ],
    "scores": [
        0.24416334927082062
    ]
}