{
    "predicted_boxes": [
        [
            313.9114990234375,
            146.429443359375,
            332.9892578125,
            160.06570434570312
        ],
        [
            130.7261505126953,
            222.23233032226562,
            136.15452575683594,
            232.7533721923828
        ],
        [
            0.0,
            415.93798828125,
            0.03267689049243927,
            416.0
        ],
        [
            323.8726501464844,
            149.32884216308594,
            331.8753967285156,
            160.37710571289062
        ]
    ],
    "scores": [
        0.8030077815055847,
        0.26467472314834595,
        0.24416334927082062,
        0.05947311595082283
    ]
}