{
    "predicted_boxes": [
        [
            0.0,
            415.93609619140625,
            0.028017889708280563,
            416.0
        ]
    ],
    "scores": [
        0.24416334927082062
    ]
}