{
    "predicted_boxes": [
        [
            187.69859313964844,
            215.37551879882812,
            190.91171264648438,
            225.09689331054688
        ],
        [
            208.63624572753906,
            215.9005584716797,
            211.7442169189453,
            225.65769958496094
        ],
        [
            139.18316650390625,
            178.29315185546875,
            149.39918518066406,
            209.61778259277344
        ],
        [
            210.0606689453125,
            177.05172729492188,
            221.6258087158203,
            209.85679626464844
        ],
        [
            0.0,
            415.9393310546875,
            0.027109157294034958,
            416.0
        ]
    ],
    "scores": [
        0.5811700224876404,
        0.5784677863121033,
        0.5392094850540161,
        0.24554455280303955,
        0.24416334927082062
    ]
}