{
    "predicted_boxes": [
        [
            241.5753936767578,
            201.1228790283203,
            247.55079650878906,
            218.75498962402344
        ],
        [
            223.9214324951172,
            217.48873901367188,
            226.87461853027344,
            225.90640258789062
        ],
        [
            200.7141571044922,
            202.25686645507812,
            207.1019287109375,
            219.1741943359375
        ]
    ],
    "scores": [
        0.6796307563781738,
        0.2510485351085663,
        0.22389262914657593
    ]
}