{
    "predicted_boxes": [
        [
            289.6058044433594,
            213.69456481933594,
            294.58148193359375,
            225.85179138183594
        ],
        [
            0.0,
            415.9315185546875,
            0.029458586126565933,
            416.0
        ]
    ],
    "scores": [
        0.705856442451477,
        0.24416334927082062
    ]
}