{
    "predicted_boxes": [
        [
            270.8656311035156,
            197.5442352294922,
            276.7212219238281,
            213.628173828125
        ],
        [
            0.0,
            415.9268798828125,
            0.03351680189371109,
            416.0
        ],
        [
            98.45612335205078,
            217.9900360107422,
            103.85540771484375,
            225.4864501953125
        ]
    ],
    "scores": [
        0.4035111665725708,
        0.24416334927082062,
        0.10737887024879456
    ]
}