{
    "predicted_boxes": [
        [
            259.6952819824219,
            203.3192901611328,
            264.9859619140625,
            217.31251525878906
        ],
        [
            0.0,
            415.93890380859375,
            0.030548764392733574,
            416.0
        ]
    ],
    "scores": [
        0.9797104597091675,
        0.24416334927082062
    ]
}