{
    "predicted_boxes": [
        [
            62.02788543701172,
            210.8999786376953,
            68.00349426269531,
            221.1115264892578
        ],
        [
            0.0,
            415.9280700683594,
            0.0325159877538681,
            416.0
        ],
        [
            72.05390930175781,
            208.8070068359375,
            74.69791412353516,
            216.84808349609375
        ]
    ],
    "scores": [
        0.938224196434021,
        0.24416334927082062,
        0.12060549855232239
    ]
}