{
    "predicted_boxes": [
        [
            0.0,
            415.9337158203125,
            0.03090968355536461,
            416.0
        ],
        [
            415.9477233886719,
            83.88819885253906,
            415.9998779296875,
            129.5748748779297
        ],
        [
            367.9263000488281,
            415.9933166503906,
            371.2825012207031,
            416.0
        ],
        [
            238.47042846679688,
            415.95172119140625,
            241.48036193847656,
            416.0
        ],
        [
            69.84349060058594,
            415.8275146484375,
            73.90000915527344,
            415.99554443359375
        ],
        [
            363.4322204589844,
            415.85888671875,
            367.16668701171875,
            415.9960632324219
        ],
        [
            365.6242980957031,
            415.9161071777344,
            369.2870178222656,
            415.9976806640625
        ]
    ],
    "scores": [
        0.24416334927082062,
        0.24416334927082062,
        0.24416334927082062,
        0.24416334927082062,
        0.06859627366065979,
        0.06428743153810501,
        0.06223978102207184
    ]
}