{
    "predicted_boxes": [
        [
            31.583223342895508,
            203.5369415283203,
            37.91676330566406,
            216.1776580810547
        ],
        [
            0.0,
            415.9404296875,
            0.026407619938254356,
            416.0
        ],
        [
            81.14904022216797,
            415.8036804199219,
            84.1790771484375,
            415.99609375
        ]
    ],
    "scores": [
        0.43024468421936035,
        0.24416334927082062,
        0.08102063834667206
    ]
}