{
    "predicted_boxes": [
        [
            0.0,
            415.9377746582031,
            0.03258505091071129,
            416.0
        ],
        [
            77.88540649414062,
            415.92034912109375,
            81.19049072265625,
            415.9985046386719
        ]
    ],
    "scores": [
        0.24416334927082062,
        0.07660764455795288
    ]
}