{
    "predicted_boxes": [
        [
            324.708251953125,
            125.96846771240234,
            344.481201171875,
            173.42994689941406
        ],
        [
            0.0,
            415.9320373535156,
            0.03035815618932247,
            416.0
        ],
        [
            415.9826965332031,
            265.3863525390625,
            415.99993896484375,
            309.2969055175781
        ],
        [
            37.879947662353516,
            204.6685333251953,
            47.35255432128906,
            225.37884521484375
        ]
    ],
    "scores": [
        0.6347225904464722,
        0.24416334927082062,
        0.24416334927082062,
        0.1452288180589676
    ]
}