{
    "predicted_boxes": [
        [
            0.0,
            415.9307556152344,
            0.03016408532857895,
            416.0
        ],
        [
            365.80938720703125,
            415.9750061035156,
            369.14666748046875,
            416.0
        ],
        [
            167.03187561035156,
            415.9405822753906,
            170.02301025390625,
            416.0
        ],
        [
            363.46893310546875,
            415.8968505859375,
            367.1356506347656,
            415.99700927734375
        ],
        [
            163.0880889892578,
            415.906982421875,
            166.3037109375,
            415.9991455078125
        ],
        [
            165.01055908203125,
            415.9024658203125,
            168.2389678955078,
            415.9989929199219
        ],
        [
            240.13739013671875,
            415.8315734863281,
            243.60784912109375,
            415.9980163574219
        ]
    ],
    "scores": [
        0.24416334927082062,
        0.24416334927082062,
        0.24416334927082062,
        0.06495551019906998,
        0.0565626360476017,
        0.05370715260505676,
        0.05197320133447647
    ]
}