{
    "predicted_boxes": [
        [
            209.6000518798828,
            187.45367431640625,
            218.92678833007812,
            214.04879760742188
        ],
        [
            208.14866638183594,
            216.27842712402344,
            211.67152404785156,
            225.94290161132812
        ],
        [
            188.82659912109375,
            216.02716064453125,
            192.26927185058594,
            225.9552459716797
        ],
        [
            151.67578125,
            186.66763305664062,
            160.2996063232422,
            213.4627685546875
        ],
        [
            0.0,
            415.9361572265625,
            0.02366757020354271,
            416.0
        ]
    ],
    "scores": [
        0.6400341987609863,
        0.5489474534988403,
        0.39741066098213196,
        0.3560909032821655,
        0.24416334927082062
    ]
}