{
    "predicted_boxes": [
        [
            115.21138763427734,
            220.61825561523438,
            120.71427917480469,
            232.0816192626953
        ],
        [
            162.92694091796875,
            225.3122100830078,
            165.2030487060547,
            229.4697265625
        ],
        [
            162.16207885742188,
            225.50747680664062,
            164.5094451904297,
            229.26284790039062
        ]
    ],
    "scores": [
        0.7776374220848083,
        0.5583372116088867,
        0.11291687935590744
    ]
}