{
    "predicted_boxes": [
        [
            0.0,
            415.93817138671875,
            0.028913497924804688,
            416.0
        ],
        [
            415.9390869140625,
            244.3267059326172,
            415.9998779296875,
            287.63592529296875
        ],
        [
            351.362060546875,
            415.9282531738281,
            354.8651428222656,
            416.0
        ],
        [
            349.2134704589844,
            415.9570617675781,
            352.70098876953125,
            416.0
        ],
        [
            68.08345031738281,
            415.97357177734375,
            71.8328857421875,
            416.0
        ],
        [
            361.5653076171875,
            415.9319152832031,
            365.0653991699219,
            416.0
        ],
        [
            353.35400390625,
            415.856689453125,
            357.16265869140625,
            415.9958190917969
        ],
        [
            355.4552917480469,
            415.7881774902344,
            359.3024597167969,
            415.9940185546875
        ]
    ],
    "scores": [
        0.24416334927082062,
        0.24416334927082062,
        0.24416334927082062,
        0.24416334927082062,
        0.24416334927082062,
        0.24416334927082062,
        0.06776140630245209,
        0.06762036681175232
    ]
}