{
    "predicted_boxes": [
        [
            0.0,
            415.9371032714844,
            0.03029627352952957,
            416.0
        ],
        [
            196.1459503173828,
            415.985107421875,
            199.35110473632812,
            416.0
        ],
        [
            204.38645935058594,
            415.9375,
            207.99732971191406,
            416.0
        ],
        [
            75.46992492675781,
            415.924560546875,
            78.98160552978516,
            415.9983215332031
        ],
        [
            363.34271240234375,
            415.81317138671875,
            367.0523376464844,
            415.9947814941406
        ],
        [
            202.1192626953125,
            415.8526611328125,
            205.94252014160156,
            415.9969482421875
        ],
        [
            200.13218688964844,
            415.82159423828125,
            203.82960510253906,
            415.99664306640625
        ],
        [
            365.5567932128906,
            415.9212646484375,
            369.1851501464844,
            415.9978332519531
        ],
        [
            197.94354248046875,
            415.8846130371094,
            201.50302124023438,
            415.997802734375
        ]
    ],
    "scores": [
        0.24416334927082062,
        0.24416334927082062,
        0.24416334927082062,
        0.07756365090608597,
        0.06474559009075165,
        0.06351529061794281,
        0.06339218467473984,
        0.06254804134368896,
        0.060594622045755386
    ]
}