{
    "predicted_boxes": [
        [
            0.0,
            415.93621826171875,
            0.03120822086930275,
            416.0
        ],
        [
            198.190673828125,
            415.9670715332031,
            201.51573181152344,
            416.0
        ],
        [
            200.2657470703125,
            415.96014404296875,
            203.66758728027344,
            416.0
        ],
        [
            77.9168930053711,
            415.9683532714844,
            80.92591857910156,
            416.0
        ],
        [
            353.4861145019531,
            415.8269348144531,
            357.25433349609375,
            415.9952392578125
        ],
        [
            351.3392639160156,
            415.88275146484375,
            355.0989074707031,
            415.9967346191406
        ]
    ],
    "scores": [
        0.24416334927082062,
        0.24416334927082062,
        0.24416334927082062,
        0.24416334927082062,
        0.06746696680784225,
        0.06744936108589172
    ]
}