{
    "predicted_boxes": [
        [
            208.63104248046875,
            214.2797393798828,
            212.1153106689453,
            225.2276153564453
        ],
        [
            185.99803161621094,
            214.2738494873047,
            189.8708038330078,
            225.3056640625
        ],
        [
            0.0,
            415.942626953125,
            0.025826390832662582,
            416.0
        ],
        [
            121.00261688232422,
            162.68411254882812,
            133.7716827392578,
            202.94430541992188
        ],
        [
            210.4230194091797,
            160.08258056640625,
            227.08929443359375,
            202.96734619140625
        ]
    ],
    "scores": [
        0.7831547856330872,
        0.6231414675712585,
        0.24416334927082062,
        0.24066361784934998,
        0.21521584689617157
    ]
}