{
    "predicted_boxes": [
        [
            0.0,
            415.9324645996094,
            0.030339591205120087,
            416.0
        ]
    ],
    "scores": [
        0.24416334927082062
    ]
}