{
    "predicted_boxes": [
        [
            0.0,
            415.93798828125,
            0.030344294384121895,
            416.0
        ],
        [
            81.1407241821289,
            415.9429931640625,
            84.00736999511719,
            416.0
        ],
        [
            70.00971984863281,
            415.79168701171875,
            73.99553680419922,
            415.9949951171875
        ],
        [
            363.396728515625,
            415.8366394042969,
            367.1048583984375,
            415.9953918457031
        ],
        [
            365.6197204589844,
            415.8980712890625,
            369.2571105957031,
            415.9972229003906
        ]
    ],
    "scores": [
        0.24416334927082062,
        0.24416334927082062,
        0.0709974616765976,
        0.06473581492900848,
        0.06244012713432312
    ]
}