{
    "predicted_boxes": [
        [
            232.36253356933594,
            190.81297302246094,
            240.55018615722656,
            210.8144073486328
        ],
        [
            25.747329711914062,
            202.38902282714844,
            34.45246505737305,
            224.12416076660156
        ],
        [
            0.0,
            415.9371032714844,
            0.03366037830710411,
            416.0
        ],
        [
            25.520034790039062,
            214.49716186523438,
            33.55101013183594,
            225.21937561035156
        ]
    ],
    "scores": [
        0.7855284214019775,
        0.4525192677974701,
        0.24416334927082062,
        0.08050942420959473
    ]
}