{
    "predicted_boxes": [
        [
            0.0,
            415.9345397949219,
            0.032230570912361145,
            416.0
        ],
        [
            81.52151489257812,
            415.9266357421875,
            84.28690338134766,
            416.0
        ],
        [
            374.1014099121094,
            415.945556640625,
            377.4606018066406,
            416.0
        ],
        [
            372.0552673339844,
            415.9383850097656,
            375.40966796875,
            416.0
        ],
        [
            369.9989929199219,
            415.9251403808594,
            373.3391418457031,
            416.0
        ],
        [
            268.3046875,
            415.9927062988281,
            271.26751708984375,
            416.0
        ],
        [
            294.9330139160156,
            415.9280700683594,
            298.28192138671875,
            416.0
        ],
        [
            139.55357360839844,
            415.89697265625,
            143.38050842285156,
            415.9982604980469
        ],
        [
            363.4092102050781,
            415.7884216308594,
            367.1177062988281,
            415.9940185546875
        ],
        [
            297.3822326660156,
            415.8572082519531,
            300.8688049316406,
            415.9964599609375
        ],
        [
            365.6155700683594,
            415.8522033691406,
            369.2515563964844,
            415.99591064453125
        ],
        [
            367.77691650390625,
            415.9192810058594,
            371.3959655761719,
            415.997802734375
        ]
    ],
    "scores": [
        0.24416334927082062,
        0.24416334927082062,
        0.24416334927082062,
        0.24416334927082062,
        0.24416334927082062,
        0.24416334927082062,
        0.24416334927082062,
        0.06653790920972824,
        0.06490429490804672,
        0.06267677247524261,
        0.06263398379087448,
        0.06005463749170303
    ]
}