{
    "predicted_boxes": [
        [
            0.0,
            415.9328918457031,
            0.03460673615336418,
            416.0
        ],
        [
            77.91674041748047,
            415.986328125,
            80.79837036132812,
            416.0
        ],
        [
            70.00035095214844,
            415.92584228515625,
            73.59258270263672,
            416.0
        ],
        [
            347.391357421875,
            415.9364013671875,
            350.8617248535156,
            416.0
        ],
        [
            349.36968994140625,
            415.9406433105469,
            352.8175354003906,
            416.0
        ],
        [
            353.4727478027344,
            415.7878723144531,
            357.2397155761719,
            415.9939270019531
        ],
        [
            351.3281555175781,
            415.8672180175781,
            355.0767822265625,
            415.99615478515625
        ]
    ],
    "scores": [
        0.24416334927082062,
        0.24416334927082062,
        0.24416334927082062,
        0.24416334927082062,
        0.24416334927082062,
        0.0671275332570076,
        0.066978320479393
    ]
}