{
    "predicted_boxes": [
        [
            211.02967834472656,
            110.66344451904297,
            240.60267639160156,
            180.6001739501953
        ],
        [
            79.38548278808594,
            129.7578887939453,
            96.50791931152344,
            185.69537353515625
        ],
        [
            0.0,
            415.9410400390625,
            0.029265999794006348,
            416.0
        ],
        [
            208.6183319091797,
            212.10032653808594,
            212.1850128173828,
            224.41481018066406
        ],
        [
            183.9396514892578,
            212.31932067871094,
            187.69418334960938,
            224.17166137695312
        ]
    ],
    "scores": [
        0.8777201771736145,
        0.24539457261562347,
        0.24416334927082062,
        0.18016918003559113,
        0.09904590249061584
    ]
}