{
    "predicted_boxes": [
        [
            163.76979064941406,
            225.23187255859375,
            166.3284454345703,
            229.91940307617188
        ],
        [
            163.37063598632812,
            224.74270629882812,
            165.33840942382812,
            228.82077026367188
        ]
    ],
    "scores": [
        0.5073118209838867,
        0.05169501155614853
    ]
}