{
    "predicted_boxes": [
        [
            0.0,
            415.9382019042969,
            0.030862649902701378,
            416.0
        ],
        [
            192.3089599609375,
            130.8145294189453,
            206.0321502685547,
            140.7629852294922
        ]
    ],
    "scores": [
        0.24416334927082062,
        0.05489793047308922
    ]
}