{
    "predicted_boxes": [
        [
            161.23385620117188,
            225.19046020507812,
            164.2842559814453,
            229.9193115234375
        ],
        [
            112.18730926513672,
            220.6263885498047,
            117.91603088378906,
            231.87744140625
        ],
        [
            162.55799865722656,
            225.654052734375,
            164.8599090576172,
            229.76583862304688
        ]
    ],
    "scores": [
        0.45299282670021057,
        0.29270899295806885,
        0.05456063151359558
    ]
}