{
    "predicted_boxes": [
        [
            0.0,
            415.936279296875,
            0.02952641434967518,
            416.0
        ],
        [
            77.46368408203125,
            198.35414123535156,
            81.17312622070312,
            211.7230682373047
        ]
    ],
    "scores": [
        0.24416334927082062,
        0.08729676157236099
    ]
}