{
    "predicted_boxes": [
        [
            123.46977996826172,
            221.76536560058594,
            128.05661010742188,
            232.0828399658203
        ],
        [
            166.1600799560547,
            225.78414916992188,
            168.9111328125,
            230.2006072998047
        ],
        [
            135.38597106933594,
            221.09219360351562,
            137.91604614257812,
            226.06625366210938
        ]
    ],
    "scores": [
        0.2580486834049225,
        0.10772892087697983,
        0.07543589919805527
    ]
}