{
    "predicted_boxes": [
        [
            0.0,
            415.93896484375,
            0.027556467801332474,
            416.0
        ],
        [
            415.92803955078125,
            244.70428466796875,
            415.99981689453125,
            287.55706787109375
        ],
        [
            363.5989990234375,
            415.9615783691406,
            367.0001525878906,
            416.0
        ],
        [
            68.18875122070312,
            415.9281005859375,
            72.26197814941406,
            415.99798583984375
        ],
        [
            361.343994140625,
            415.86273193359375,
            365.1485900878906,
            415.99603271484375
        ]
    ],
    "scores": [
        0.24416334927082062,
        0.24416334927082062,
        0.24416334927082062,
        0.06828675419092178,
        0.0664173886179924
    ]
}