{
    "predicted_boxes": [
        [
            158.87240600585938,
            215.7753448486328,
            167.56983947753906,
            228.1893310546875
        ],
        [
            0.0,
            415.93536376953125,
            0.03143397718667984,
            416.0
        ],
        [
            363.39404296875,
            415.904541015625,
            367.09356689453125,
            415.9972839355469
        ]
    ],
    "scores": [
        0.9804204702377319,
        0.24416334927082062,
        0.06500130146741867
    ]
}