{
    "predicted_boxes": [
        [
            115.21034240722656,
            220.6511688232422,
            120.69224548339844,
            232.06997680664062
        ],
        [
            162.9225616455078,
            225.313720703125,
            165.20574951171875,
            229.467529296875
        ],
        [
            162.16102600097656,
            225.50323486328125,
            164.5332794189453,
            229.28228759765625
        ]
    ],
    "scores": [
        0.7690985202789307,
        0.5612590909004211,
        0.11761028319597244
    ]
}