{
    "predicted_boxes": [
        [
            0.0,
            415.937744140625,
            0.029065487906336784,
            416.0
        ]
    ],
    "scores": [
        0.24416334927082062
    ]
}