{
    "predicted_boxes": [
        [
            0.0,
            415.9373474121094,
            0.030893594026565552,
            416.0
        ],
        [
            70.30931854248047,
            415.9454345703125,
            73.91561126708984,
            416.0
        ],
        [
            239.98472595214844,
            415.9698791503906,
            243.1951446533203,
            416.0
        ],
        [
            374.0692138671875,
            415.94427490234375,
            377.4278869628906,
            416.0
        ],
        [
            372.0143737792969,
            415.92755126953125,
            375.3756408691406,
            416.0
        ],
        [
            81.44026184082031,
            415.8321533203125,
            84.42794036865234,
            415.9964904785156
        ],
        [
            365.6142272949219,
            415.8162536621094,
            369.27142333984375,
            415.99493408203125
        ],
        [
            369.8161315917969,
            415.9073486328125,
            373.4598693847656,
            415.9974670410156
        ],
        [
            367.7454528808594,
            415.8880310058594,
            371.3844299316406,
            415.9969787597656
        ],
        [
            241.9245147705078,
            415.8114318847656,
            245.37399291992188,
            415.9975280761719
        ]
    ],
    "scores": [
        0.24416334927082062,
        0.24416334927082062,
        0.24416334927082062,
        0.24416334927082062,
        0.24416334927082062,
        0.0793924629688263,
        0.06309472769498825,
        0.060561906546354294,
        0.060518648475408554,
        0.051147352904081345
    ]
}