{
    "predicted_boxes": [
        [
            0.0,
            415.9413757324219,
            0.026099182665348053,
            416.0
        ],
        [
            208.679931640625,
            211.25445556640625,
            212.78353881835938,
            223.93014526367188
        ],
        [
            210.55630493164062,
            56.13740539550781,
            258.6532287597656,
            150.8856964111328
        ],
        [
            182.5821075439453,
            211.16783142089844,
            186.28396606445312,
            223.8958740234375
        ]
    ],
    "scores": [
        0.24416334927082062,
        0.16215401887893677,
        0.1319250464439392,
        0.117007315158844
    ]
}