{
    "predicted_boxes": [
        [
            0.0,
            415.9371032714844,
            0.030985184013843536,
            416.0
        ],
        [
            212.54165649414062,
            116.20144653320312,
            219.35430908203125,
            122.61920928955078
        ]
    ],
    "scores": [
        0.24416334927082062,
        0.10489005595445633
    ]
}