{
    "predicted_boxes": [
        [
            234.4229736328125,
            146.21673583984375,
            241.6631622314453,
            159.43226623535156
        ],
        [
            214.79347229003906,
            143.48924255371094,
            224.16969299316406,
            157.3606719970703
        ],
        [
            225.21688842773438,
            144.86373901367188,
            234.1050567626953,
            158.1511688232422
        ],
        [
            0.0,
            415.9424743652344,
            0.022579867392778397,
            416.0
        ]
    ],
    "scores": [
        0.7807086110115051,
        0.43536612391471863,
        0.3739165663719177,
        0.24416334927082062
    ]
}