{
    "predicted_boxes": [
        [
            0.0,
            415.9407043457031,
            0.029246937483549118,
            416.0
        ],
        [
            81.32520294189453,
            415.96624755859375,
            84.32229614257812,
            416.0
        ],
        [
            261.8966369628906,
            108.3297119140625,
            271.9646301269531,
            121.06774139404297
        ]
    ],
    "scores": [
        0.24416334927082062,
        0.24416334927082062,
        0.05697093904018402
    ]
}