{
    "predicted_boxes": [
        [
            31.583324432373047,
            203.5361785888672,
            37.91603088378906,
            216.1790008544922
        ],
        [
            0.0,
            415.9404296875,
            0.026407619938254356,
            416.0
        ],
        [
            81.14904022216797,
            415.8036804199219,
            84.1790771484375,
            415.99609375
        ]
    ],
    "scores": [
        0.42813414335250854,
        0.24416334927082062,
        0.08102063834667206
    ]
}