{
    "predicted_boxes": [
        [
            0.0,
            415.93804931640625,
            0.02936675027012825,
            416.0
        ],
        [
            365.7424621582031,
            415.99462890625,
            369.08251953125,
            416.0
        ],
        [
            77.83441925048828,
            415.90826416015625,
            80.97211456298828,
            415.9982604980469
        ],
        [
            348.96600341796875,
            415.871826171875,
            352.9449768066406,
            415.9965515136719
        ],
        [
            350.8988037109375,
            415.8051452636719,
            354.8426818847656,
            415.9945068359375
        ],
        [
            69.55921173095703,
            415.8998718261719,
            73.6694107055664,
            415.997314453125
        ],
        [
            363.4142761230469,
            415.91510009765625,
            367.11248779296875,
            415.99761962890625
        ]
    ],
    "scores": [
        0.24416334927082062,
        0.24416334927082062,
        0.07862285524606705,
        0.06923820078372955,
        0.06800229847431183,
        0.06748346984386444,
        0.06365744769573212
    ]
}