{
    "predicted_boxes": [
        [
            0.0,
            415.9405517578125,
            0.030295033007860184,
            416.0
        ],
        [
            182.79310607910156,
            226.46710205078125,
            184.79296875,
            230.1477508544922
        ],
        [
            154.99884033203125,
            223.63409423828125,
            160.46237182617188,
            232.24098205566406
        ]
    ],
    "scores": [
        0.24416334927082062,
        0.13187508285045624,
        0.08634454756975174
    ]
}