{
    "predicted_boxes": [
        [
            227.26182556152344,
            171.12045288085938,
            239.61607360839844,
            179.19216918945312
        ],
        [
            0.0,
            415.9396057128906,
            0.02980712614953518,
            416.0
        ],
        [
            187.12820434570312,
            174.4463653564453,
            192.30287170410156,
            181.62257385253906
        ],
        [
            188.38600158691406,
            173.84597778320312,
            199.73011779785156,
            180.8842010498047
        ]
    ],
    "scores": [
        0.5933136940002441,
        0.24416334927082062,
        0.15536369383335114,
        0.1019076257944107
    ]
}