{
    "predicted_boxes": [
        [
            0.0,
            415.9328918457031,
            0.033235348761081696,
            416.0
        ]
    ],
    "scores": [
        0.24416334927082062
    ]
}