{
    "predicted_boxes": [
        [
            349.64459228515625,
            186.42074584960938,
            363.1399230957031,
            215.23846435546875
        ],
        [
            27.786884307861328,
            204.13230895996094,
            34.206058502197266,
            215.24765014648438
        ],
        [
            0.0,
            415.9349670410156,
            0.027878768742084503,
            416.0
        ]
    ],
    "scores": [
        0.9931433200836182,
        0.9861106872558594,
        0.24416334927082062
    ]
}