{
    "predicted_boxes": [
        [
            0.0,
            415.93768310546875,
            0.029004840180277824,
            416.0
        ]
    ],
    "scores": [
        0.24416334927082062
    ]
}