{
    "predicted_boxes": [
        [
            165.29881286621094,
            217.48568725585938,
            173.26670837402344,
            228.8595428466797
        ],
        [
            0.0,
            415.935302734375,
            0.030960924923419952,
            416.0
        ],
        [
            415.9687805175781,
            209.22361755371094,
            415.99993896484375,
            228.7930908203125
        ],
        [
            365.792724609375,
            415.9283752441406,
            369.1446533203125,
            416.0
        ],
        [
            327.3691101074219,
            415.8930969238281,
            330.77191162109375,
            415.9966735839844
        ],
        [
            65.52250671386719,
            415.92523193359375,
            69.52787017822266,
            415.997802734375
        ],
        [
            363.43408203125,
            415.87213134765625,
            367.1376953125,
            415.9964294433594
        ]
    ],
    "scores": [
        0.9793736934661865,
        0.24416334927082062,
        0.24416334927082062,
        0.24416334927082062,
        0.10992700606584549,
        0.06512676179409027,
        0.06452164798974991
    ]
}