{
    "predicted_boxes": [
        [
            0.0,
            415.93231201171875,
            0.027683211490511894,
            416.0
        ]
    ],
    "scores": [
        0.24416334927082062
    ]
}