{
    "predicted_boxes": [
        [
            0.0,
            415.9350891113281,
            0.029313525184988976,
            416.0
        ]
    ],
    "scores": [
        0.24416334927082062
    ]
}