{
    "predicted_boxes": [
        [
            212.2117919921875,
            123.6059341430664,
            219.41221618652344,
            129.546630859375
        ],
        [
            0.0,
            415.93817138671875,
            0.030439846217632294,
            416.0
        ],
        [
            81.36418151855469,
            415.81982421875,
            84.403076171875,
            415.9966125488281
        ]
    ],
    "scores": [
        0.31287214159965515,
        0.24416334927082062,
        0.0825449749827385
    ]
}