{
    "predicted_boxes": [
        [
            20.555866241455078,
            176.65248107910156,
            36.154441833496094,
            209.81494140625
        ],
        [
            0.0,
            415.93536376953125,
            0.02971033938229084,
            416.0
        ],
        [
            69.85395050048828,
            415.8564758300781,
            73.93209075927734,
            415.9963073730469
        ]
    ],
    "scores": [
        0.9974632263183594,
        0.24416334927082062,
        0.06938755512237549
    ]
}