{
    "predicted_boxes": [
        [
            0.0,
            415.9341735839844,
            0.03083195351064205,
            416.0
        ],
        [
            327.4158020019531,
            415.9667053222656,
            330.61383056640625,
            416.0
        ],
        [
            415.94964599609375,
            76.26847076416016,
            415.9999084472656,
            121.61353302001953
        ],
        [
            365.77587890625,
            415.92645263671875,
            369.1299133300781,
            416.0
        ],
        [
            81.2040786743164,
            415.8111572265625,
            84.197265625,
            415.9964294433594
        ],
        [
            69.694580078125,
            415.89337158203125,
            73.71837615966797,
            415.9971618652344
        ],
        [
            297.3965759277344,
            415.9085693359375,
            300.9833679199219,
            415.9976501464844
        ],
        [
            363.4236145019531,
            415.8683166503906,
            367.13922119140625,
            415.99627685546875
        ],
        [
            196.48045349121094,
            222.38705444335938,
            201.88104248046875,
            229.50759887695312
        ]
    ],
    "scores": [
        0.24416334927082062,
        0.24416334927082062,
        0.24416334927082062,
        0.24416334927082062,
        0.08708646893501282,
        0.06877785921096802,
        0.06834415346384048,
        0.0645865947008133,
        0.05548142269253731
    ]
}