{
    "predicted_boxes": [
        [
            0.0,
            415.9350891113281,
            0.02972395345568657,
            416.0
        ],
        [
            69.99986267089844,
            415.8248291015625,
            74.00555419921875,
            415.9954528808594
        ],
        [
            363.4508972167969,
            415.8893127441406,
            367.170166015625,
            415.9969177246094
        ]
    ],
    "scores": [
        0.24416334927082062,
        0.07070805877447128,
        0.06446387618780136
    ]
}