{
    "predicted_boxes": [
        [
            0.0,
            415.9377746582031,
            0.02945784479379654,
            416.0
        ],
        [
            349.1616516113281,
            415.9322204589844,
            352.71710205078125,
            416.0
        ],
        [
            363.67095947265625,
            415.9423522949219,
            367.08099365234375,
            416.0
        ],
        [
            365.8446350097656,
            415.98370361328125,
            369.18853759765625,
            416.0
        ],
        [
            347.04888916015625,
            415.7877197265625,
            350.92742919921875,
            415.99407958984375
        ],
        [
            351.1734313964844,
            415.9076232910156,
            355.0309753417969,
            415.997314453125
        ],
        [
            353.31732177734375,
            415.82958984375,
            357.184814453125,
            415.99505615234375
        ]
    ],
    "scores": [
        0.24416334927082062,
        0.24416334927082062,
        0.24416334927082062,
        0.24416334927082062,
        0.07031898945569992,
        0.06818196922540665,
        0.06816764175891876
    ]
}