{
    "predicted_boxes": [
        [
            329.9832458496094,
            199.91592407226562,
            341.61474609375,
            220.5739288330078
        ],
        [
            0.0,
            415.9383239746094,
            0.029131583869457245,
            416.0
        ],
        [
            70.20736694335938,
            415.9606018066406,
            73.87804412841797,
            416.0
        ],
        [
            238.2482147216797,
            415.9733581542969,
            241.458984375,
            416.0
        ],
        [
            365.78228759765625,
            415.95440673828125,
            369.11846923828125,
            416.0
        ],
        [
            139.81614685058594,
            415.9251708984375,
            143.34068298339844,
            416.0
        ],
        [
            163.15863037109375,
            415.9482421875,
            166.1233673095703,
            416.0
        ],
        [
            361.3479309082031,
            415.8050231933594,
            365.1685791015625,
            415.99444580078125
        ],
        [
            363.44842529296875,
            415.8917236328125,
            367.1448059082031,
            415.9969177246094
        ],
        [
            165.05796813964844,
            415.91290283203125,
            168.26290893554688,
            415.99896240234375
        ],
        [
            166.93080139160156,
            415.9057922363281,
            170.10040283203125,
            415.99859619140625
        ]
    ],
    "scores": [
        0.588453471660614,
        0.24416334927082062,
        0.24416334927082062,
        0.24416334927082062,
        0.24416334927082062,
        0.24416334927082062,
        0.24416334927082062,
        0.06648045033216476,
        0.06395836919546127,
        0.05450073629617691,
        0.05336887016892433
    ]
}