{
    "predicted_boxes": [
        [
            0.0,
            415.9385681152344,
            0.030354691669344902,
            416.0
        ],
        [
            349.0973815917969,
            415.79840087890625,
            352.9237365722656,
            415.99444580078125
        ]
    ],
    "scores": [
        0.24416334927082062,
        0.06971586495637894
    ]
}