{
    "predicted_boxes": [
        [
            293.1969909667969,
            150.13290405273438,
            308.6329650878906,
            188.7823486328125
        ],
        [
            0.0,
            415.93170166015625,
            0.02956997975707054,
            416.0
        ]
    ],
    "scores": [
        0.5504586100578308,
        0.24416334927082062
    ]
}