{
    "predicted_boxes": [
        [
            0.0,
            415.9429931640625,
            0.027259664610028267,
            416.0
        ],
        [
            189.26458740234375,
            207.8705596923828,
            193.54405212402344,
            219.54095458984375
        ]
    ],
    "scores": [
        0.24416334927082062,
        0.06447058916091919
    ]
}