{
    "predicted_boxes": [
        [
            0.0,
            415.93939208984375,
            0.028454801067709923,
            416.0
        ],
        [
            81.15123748779297,
            415.8320617675781,
            84.17887878417969,
            415.99676513671875
        ]
    ],
    "scores": [
        0.24416334927082062,
        0.08155635744333267
    ]
}