{
    "predicted_boxes": [
        [
            0.0,
            415.9378967285156,
            0.029840050265192986,
            416.0
        ],
        [
            81.21448516845703,
            415.93359375,
            84.06908416748047,
            416.0
        ],
        [
            349.06103515625,
            415.927490234375,
            352.6279602050781,
            416.0
        ],
        [
            367.9648742675781,
            415.978271484375,
            371.2917785644531,
            416.0
        ],
        [
            346.9681091308594,
            415.85272216796875,
            350.8458251953125,
            415.9959716796875
        ],
        [
            351.0160827636719,
            415.81268310546875,
            354.9026184082031,
            415.99468994140625
        ],
        [
            363.4580993652344,
            415.8645324707031,
            367.14556884765625,
            415.9961853027344
        ],
        [
            268.08038330078125,
            415.8707275390625,
            271.3146667480469,
            415.9974060058594
        ],
        [
            365.66082763671875,
            415.9122314453125,
            369.2863464355469,
            415.9975280761719
        ]
    ],
    "scores": [
        0.24416334927082062,
        0.24416334927082062,
        0.24416334927082062,
        0.24416334927082062,
        0.06991873681545258,
        0.0685776099562645,
        0.06415636092424393,
        0.06365291029214859,
        0.06243973597884178
    ]
}