{
    "predicted_boxes": [
        [
            0.0,
            415.9354248046875,
            0.03309301286935806,
            416.0
        ],
        [
            125.74568176269531,
            221.92291259765625,
            131.05032348632812,
            232.5887451171875
        ]
    ],
    "scores": [
        0.24416334927082062,
        0.14727386832237244
    ]
}