{
    "predicted_boxes": [
        [
            144.7471466064453,
            223.77713012695312,
            148.51560974121094,
            229.64871215820312
        ],
        [
            82.19717407226562,
            216.0574951171875,
            89.76665496826172,
            230.3860321044922
        ],
        [
            382.38262939453125,
            202.6194610595703,
            389.225341796875,
            214.88885498046875
        ],
        [
            163.43710327148438,
            219.5553436279297,
            167.6939697265625,
            227.35067749023438
        ]
    ],
    "scores": [
        0.9474356770515442,
        0.38308748602867126,
        0.24555134773254395,
        0.17701375484466553
    ]
}