{
    "predicted_boxes": [
        [
            0.0,
            415.93780517578125,
            0.028283994644880295,
            416.0
        ],
        [
            70.05540466308594,
            415.97149658203125,
            73.74026489257812,
            416.0
        ]
    ],
    "scores": [
        0.24416334927082062,
        0.24416334927082062
    ]
}