{
    "predicted_boxes": [
        [
            0.0,
            415.93597412109375,
            0.033480413258075714,
            416.0
        ],
        [
            164.8638916015625,
            225.33035278320312,
            167.60887145996094,
            229.9574432373047
        ],
        [
            120.77415466308594,
            221.2767791748047,
            125.65046691894531,
            232.11004638671875
        ]
    ],
    "scores": [
        0.24416334927082062,
        0.15050652623176575,
        0.08493450284004211
    ]
}