{
    "predicted_boxes": [
        [
            0.0,
            415.9369812011719,
            0.0315617136657238,
            416.0
        ]
    ],
    "scores": [
        0.24416334927082062
    ]
}