{
    "predicted_boxes": [
        [
            0.0,
            415.9367370605469,
            0.029733359813690186,
            416.0
        ],
        [
            81.17302703857422,
            415.9771423339844,
            84.02732849121094,
            416.0
        ],
        [
            327.7154846191406,
            415.91094970703125,
            331.17230224609375,
            415.9973449707031
        ],
        [
            365.564453125,
            415.79443359375,
            369.2067565917969,
            415.9942626953125
        ],
        [
            373.9017333984375,
            415.8950500488281,
            377.5419921875,
            415.99700927734375
        ],
        [
            369.7897033691406,
            415.8668518066406,
            373.424560546875,
            415.996337890625
        ],
        [
            371.8439025878906,
            415.8848571777344,
            375.4868469238281,
            415.99676513671875
        ],
        [
            367.722900390625,
            415.8501281738281,
            371.35284423828125,
            415.99591064453125
        ]
    ],
    "scores": [
        0.24416334927082062,
        0.24416334927082062,
        0.10277320444583893,
        0.06338722258806229,
        0.061194758862257004,
        0.06096509099006653,
        0.060922179371118546,
        0.06092201918363571
    ]
}