{
    "predicted_boxes": [
        [
            160.20602416992188,
            197.6918182373047,
            167.52125549316406,
            216.68679809570312
        ],
        [
            204.84378051757812,
            198.71502685546875,
            212.15037536621094,
            218.01519775390625
        ],
        [
            0.0,
            415.9386901855469,
            0.02800922468304634,
            416.0
        ],
        [
            159.9685821533203,
            206.89503479003906,
            167.27781677246094,
            217.1179962158203
        ],
        [
            186.19371032714844,
            217.31646728515625,
            189.09461975097656,
            226.63409423828125
        ],
        [
            203.4091339111328,
            217.74940490722656,
            206.95394897460938,
            226.3172149658203
        ],
        [
            160.785888671875,
            197.6460418701172,
            166.97979736328125,
            207.84002685546875
        ]
    ],
    "scores": [
        0.543208122253418,
        0.46161407232284546,
        0.24416334927082062,
        0.20308825373649597,
        0.14968043565750122,
        0.09199784696102142,
        0.07894887030124664
    ]
}