{
    "predicted_boxes": [
        [
            208.69357299804688,
            206.79168701171875,
            214.2490692138672,
            221.02186584472656
        ],
        [
            0.0,
            415.9390869140625,
            0.025889018550515175,
            416.0
        ],
        [
            175.39781188964844,
            205.8850860595703,
            179.97821044921875,
            220.95228576660156
        ],
        [
            78.01949310302734,
            415.8186950683594,
            81.27312469482422,
            415.9967346191406
        ]
    ],
    "scores": [
        0.4933704733848572,
        0.24416334927082062,
        0.11566867679357529,
        0.07901178300380707
    ]
}