{
    "predicted_boxes": [
        [
            227.472412109375,
            205.39816284179688,
            233.7402801513672,
            219.14556884765625
        ],
        [
            0.0,
            415.93927001953125,
            0.02967889793217182,
            416.0
        ],
        [
            227.02565002441406,
            201.8620147705078,
            233.4375762939453,
            209.54441833496094
        ]
    ],
    "scores": [
        0.4269794225692749,
        0.24416334927082062,
        0.23246045410633087
    ]
}