{
    "predicted_boxes": [
        [
            0.0,
            415.9296875,
            0.030347762629389763,
            416.0
        ]
    ],
    "scores": [
        0.24416334927082062
    ]
}