{
    "predicted_boxes": [
        [
            125.15557098388672,
            209.35867309570312,
            136.89080810546875,
            225.30136108398438
        ],
        [
            0.0,
            415.9312744140625,
            0.03088616579771042,
            416.0
        ],
        [
            83.88878631591797,
            415.95989990234375,
            86.83180236816406,
            416.0
        ],
        [
            86.24947357177734,
            415.8987121582031,
            89.54593658447266,
            415.9972839355469
        ]
    ],
    "scores": [
        0.9967400431632996,
        0.24416334927082062,
        0.24416334927082062,
        0.09280252456665039
    ]
}