{
    "predicted_boxes": [
        [
            227.84361267089844,
            219.36187744140625,
            234.30577087402344,
            229.0755157470703
        ],
        [
            0.0,
            415.9343566894531,
            0.03134610131382942,
            416.0
        ]
    ],
    "scores": [
        0.9275667667388916,
        0.24416334927082062
    ]
}