{
    "predicted_boxes": [
        [
            184.44070434570312,
            193.70835876464844,
            202.0177459716797,
            198.91619873046875
        ],
        [
            0.0,
            415.9385070800781,
            0.030283894389867783,
            416.0
        ],
        [
            201.10116577148438,
            193.03924560546875,
            208.75628662109375,
            199.16690063476562
        ]
    ],
    "scores": [
        0.29847604036331177,
        0.24416334927082062,
        0.17609447240829468
    ]
}