{
    "predicted_boxes": [
        [
            0.0,
            415.9368591308594,
            0.027566369622945786,
            416.0
        ],
        [
            363.6574401855469,
            415.9678955078125,
            367.0711364746094,
            416.0
        ],
        [
            347.17767333984375,
            415.8124084472656,
            350.9825439453125,
            415.9947204589844
        ],
        [
            353.3739318847656,
            415.8020324707031,
            357.21441650390625,
            415.9942321777344
        ],
        [
            349.14141845703125,
            415.9274597167969,
            352.9407653808594,
            415.9979248046875
        ],
        [
            351.2353515625,
            415.8814392089844,
            355.0615234375,
            415.99652099609375
        ],
        [
            361.4357604980469,
            415.89263916015625,
            365.2445983886719,
            415.9969482421875
        ]
    ],
    "scores": [
        0.24416334927082062,
        0.24416334927082062,
        0.06883373111486435,
        0.068400539457798,
        0.0683431401848793,
        0.06832856684923172,
        0.066216841340065
    ]
}