{
    "predicted_boxes": [
        [
            153.71812438964844,
            180.43592834472656,
            160.74859619140625,
            189.3227081298828
        ],
        [
            0.0,
            415.9366149902344,
            0.029634837061166763,
            416.0
        ],
        [
            161.0585479736328,
            182.51275634765625,
            169.02362060546875,
            190.5454864501953
        ]
    ],
    "scores": [
        0.6491003036499023,
        0.24416334927082062,
        0.07650697231292725
    ]
}