{
    "predicted_boxes": [
        [
            0.0,
            415.9327697753906,
            0.028454553335905075,
            416.0
        ],
        [
            68.02865600585938,
            415.99163818359375,
            71.75984191894531,
            416.0
        ],
        [
            365.7862854003906,
            415.9485168457031,
            369.1379699707031,
            416.0
        ],
        [
            81.22105407714844,
            415.7873840332031,
            84.25895690917969,
            415.9959411621094
        ],
        [
            363.4623718261719,
            415.8684997558594,
            367.1599426269531,
            415.99627685546875
        ]
    ],
    "scores": [
        0.24416334927082062,
        0.24416334927082062,
        0.24416334927082062,
        0.08329731225967407,
        0.0645965188741684
    ]
}