{
    "predicted_boxes": [
        [
            0.0,
            415.9375,
            0.0325838141143322,
            416.0
        ],
        [
            201.23464965820312,
            200.0576629638672,
            208.29685974121094,
            204.4149169921875
        ]
    ],
    "scores": [
        0.24416334927082062,
        0.22742566466331482
    ]
}