{
    "predicted_boxes": [
        [
            0.0,
            415.9375915527344,
            0.029147673398256302,
            416.0
        ],
        [
            240.06349182128906,
            415.975830078125,
            243.12757873535156,
            416.0
        ],
        [
            327.7434387207031,
            415.8462829589844,
            331.20367431640625,
            415.9955139160156
        ],
        [
            81.13475036621094,
            415.8984375,
            84.16340637207031,
            415.9980163574219
        ],
        [
            297.6902770996094,
            415.8597412109375,
            300.9805908203125,
            415.99615478515625
        ],
        [
            365.5606384277344,
            415.80194091796875,
            369.2056579589844,
            415.9945373535156
        ],
        [
            373.89764404296875,
            415.89532470703125,
            377.54180908203125,
            415.99700927734375
        ],
        [
            369.7895202636719,
            415.8724060058594,
            373.4266662597656,
            415.9964904785156
        ],
        [
            371.84283447265625,
            415.8875427246094,
            375.4890441894531,
            415.9968566894531
        ],
        [
            367.721435546875,
            415.8582458496094,
            371.3531799316406,
            415.9961242675781
        ]
    ],
    "scores": [
        0.24416334927082062,
        0.24416334927082062,
        0.10139690339565277,
        0.08281435817480087,
        0.06443626433610916,
        0.06332863867282867,
        0.0611092671751976,
        0.06085914000868797,
        0.06082645431160927,
        0.06081051379442215
    ]
}