{
    "predicted_boxes": [
        [
            293.39459228515625,
            211.99021911621094,
            299.21026611328125,
            224.92506408691406
        ],
        [
            0.0,
            415.93365478515625,
            0.029453882947564125,
            416.0
        ]
    ],
    "scores": [
        0.9884936213493347,
        0.24416334927082062
    ]
}