{
    "predicted_boxes": [
        [
            141.04229736328125,
            177.97235107421875,
            151.5581817626953,
            209.1094512939453
        ],
        [
            0.0,
            415.9422607421875,
            0.024905530735850334,
            416.0
        ],
        [
            75.4538803100586,
            415.8548583984375,
            79.0538101196289,
            415.9969787597656
        ],
        [
            210.5567626953125,
            177.97433471679688,
            220.9132843017578,
            209.3062744140625
        ]
    ],
    "scores": [
        0.4616215229034424,
        0.24416334927082062,
        0.0749257430434227,
        0.06038045883178711
    ]
}