{
    "predicted_boxes": [
        [
            0.0,
            415.9382019042969,
            0.031180741265416145,
            416.0
        ]
    ],
    "scores": [
        0.24416334927082062
    ]
}