{
    "predicted_boxes": [
        [
            319.8046569824219,
            202.90765380859375,
            329.8458251953125,
            222.0271453857422
        ],
        [
            0.0,
            415.9376220703125,
            0.028573868796229362,
            416.0
        ],
        [
            415.9687194824219,
            202.14224243164062,
            415.99993896484375,
            221.1205596923828
        ],
        [
            81.31330108642578,
            415.8060607910156,
            84.32523345947266,
            415.9962463378906
        ]
    ],
    "scores": [
        0.9898113012313843,
        0.24416334927082062,
        0.24416334927082062,
        0.08208618313074112
    ]
}