{
    "predicted_boxes": [
        [
            255.3685760498047,
            207.5955352783203,
            259.7946472167969,
            219.5236053466797
        ],
        [
            0.0,
            415.93963623046875,
            0.03033018484711647,
            416.0
        ],
        [
            65.06432342529297,
            223.18533325195312,
            73.3497314453125,
            229.17910766601562
        ],
        [
            60.89864730834961,
            213.85020446777344,
            66.04965209960938,
            225.0711669921875
        ],
        [
            128.0850067138672,
            222.58360290527344,
            132.2550811767578,
            227.593994140625
        ]
    ],
    "scores": [
        0.8744646310806274,
        0.24416334927082062,
        0.1464630663394928,
        0.09734756499528885,
        0.07292357087135315
    ]
}