{
    "predicted_boxes": [
        [
            184.43882751464844,
            193.70896911621094,
            202.03074645996094,
            198.9138641357422
        ],
        [
            0.0,
            415.9385070800781,
            0.030291320756077766,
            416.0
        ],
        [
            201.25955200195312,
            193.3214569091797,
            208.98696899414062,
            199.04043579101562
        ]
    ],
    "scores": [
        0.2976890206336975,
        0.24416334927082062,
        0.1567910760641098
    ]
}