{
    "predicted_boxes": [
        [
            0.0,
            415.9400634765625,
            0.029854904860258102,
            416.0
        ],
        [
            415.98223876953125,
            252.63360595703125,
            415.99993896484375,
            293.7185363769531
        ],
        [
            100.26942443847656,
            132.77938842773438,
            108.72732543945312,
            144.99842834472656
        ],
        [
            327.3057556152344,
            415.9068603515625,
            330.66802978515625,
            415.9970703125
        ],
        [
            78.05479431152344,
            415.78607177734375,
            81.34868621826172,
            415.9960632324219
        ],
        [
            69.9703140258789,
            415.84197998046875,
            73.83562469482422,
            415.9960632324219
        ]
    ],
    "scores": [
        0.24416334927082062,
        0.24416334927082062,
        0.15039268136024475,
        0.10054589062929153,
        0.07641022652387619,
        0.06953173130750656
    ]
}