{
    "predicted_boxes": [
        [
            304.1685485839844,
            180.99217224121094,
            312.088134765625,
            203.25689697265625
        ],
        [
            0.0,
            415.92864990234375,
            0.03245138004422188,
            416.0
        ],
        [
            86.30709075927734,
            415.95538330078125,
            89.47491455078125,
            416.0
        ],
        [
            83.88424682617188,
            415.9543762207031,
            86.8956069946289,
            416.0
        ],
        [
            327.8302001953125,
            415.96630859375,
            330.9520263671875,
            416.0
        ],
        [
            349.2427978515625,
            415.97052001953125,
            352.8061218261719,
            416.0
        ],
        [
            347.1466369628906,
            415.91326904296875,
            351.02862548828125,
            415.99755859375
        ],
        [
            69.95809936523438,
            415.884521484375,
            73.9843521118164,
            415.99688720703125
        ],
        [
            351.2010498046875,
            415.8996887207031,
            355.0783996582031,
            415.99713134765625
        ],
        [
            353.3421630859375,
            415.81390380859375,
            357.24896240234375,
            415.99468994140625
        ]
    ],
    "scores": [
        0.324890673160553,
        0.24416334927082062,
        0.24416334927082062,
        0.24416334927082062,
        0.24416334927082062,
        0.24416334927082062,
        0.06955643743276596,
        0.06882382929325104,
        0.06831708550453186,
        0.0681934505701065
    ]
}