{
    "predicted_boxes": [
        [
            374.76190185546875,
            204.4040985107422,
            382.0781555175781,
            216.56134033203125
        ],
        [
            147.29660034179688,
            224.3431854248047,
            150.3219451904297,
            230.3137969970703
        ],
        [
            86.2445068359375,
            216.86920166015625,
            93.25276184082031,
            230.30245971679688
        ],
        [
            168.82223510742188,
            220.63719177246094,
            173.0963897705078,
            228.14468383789062
        ]
    ],
    "scores": [
        0.8034611344337463,
        0.4396432638168335,
        0.2691812813282013,
        0.09529782831668854
    ]
}