{
    "predicted_boxes": [
        [
            0.0,
            415.9386291503906,
            0.03018512763082981,
            416.0
        ],
        [
            183.27586364746094,
            183.10775756835938,
            214.69053649902344,
            190.73634338378906
        ]
    ],
    "scores": [
        0.24416334927082062,
        0.06290445476770401
    ]
}