{
    "predicted_boxes": [
        [
            383.7895202636719,
            202.7936553955078,
            388.9051818847656,
            214.85513305664062
        ],
        [
            0.0,
            415.9356689453125,
            0.03149982541799545,
            416.0
        ]
    ],
    "scores": [
        0.8746513724327087,
        0.24416334927082062
    ]
}