{
    "predicted_boxes": [
        [
            177.15872192382812,
            207.44581604003906,
            182.2468719482422,
            221.73956298828125
        ],
        [
            0.0,
            415.94158935546875,
            0.02903900109231472,
            416.0
        ],
        [
            349.36492919921875,
            415.9788818359375,
            352.8365783691406,
            416.0
        ],
        [
            347.48583984375,
            415.9280090332031,
            350.9449768066406,
            416.0
        ],
        [
            327.2010803222656,
            415.83441162109375,
            330.4088439941406,
            415.99493408203125
        ],
        [
            208.6624755859375,
            207.5065460205078,
            213.51170349121094,
            222.0650177001953
        ],
        [
            78.06285858154297,
            415.826416015625,
            81.32933044433594,
            415.9967041015625
        ],
        [
            351.2265319824219,
            415.90167236328125,
            355.0145568847656,
            415.9971923828125
        ],
        [
            353.3448791503906,
            415.8265686035156,
            357.14947509765625,
            415.9950866699219
        ]
    ],
    "scores": [
        0.2804797887802124,
        0.24416334927082062,
        0.24416334927082062,
        0.24416334927082062,
        0.09174256771802902,
        0.0808883011341095,
        0.07519085705280304,
        0.06681957840919495,
        0.06663965433835983
    ]
}