{
    "predicted_boxes": [
        [
            0.0,
            415.932373046875,
            0.03120920993387699,
            416.0
        ],
        [
            185.4704132080078,
            224.44412231445312,
            190.72177124023438,
            233.2918243408203
        ]
    ],
    "scores": [
        0.24416334927082062,
        0.1465252935886383
    ]
}