{
    "predicted_boxes": [
        [
            274.79888916015625,
            195.48785400390625,
            280.8695373535156,
            212.4291534423828
        ],
        [
            95.40127563476562,
            217.6011505126953,
            99.92738342285156,
            224.50936889648438
        ],
        [
            0.0,
            415.9280090332031,
            0.03307246416807175,
            416.0
        ]
    ],
    "scores": [
        0.8381257653236389,
        0.5295366644859314,
        0.24416334927082062
    ]
}