{
    "predicted_boxes": [
        [
            0.0,
            415.9372253417969,
            0.03180207312107086,
            416.0
        ],
        [
            242.01788330078125,
            415.9423522949219,
            245.08412170410156,
            416.0
        ],
        [
            327.3816833496094,
            415.8312683105469,
            330.86083984375,
            415.9945983886719
        ],
        [
            207.63014221191406,
            125.2544174194336,
            215.7728271484375,
            131.00534057617188
        ],
        [
            316.4627380371094,
            415.83087158203125,
            320.7352294921875,
            415.99554443359375
        ],
        [
            69.93035888671875,
            415.8079833984375,
            73.94898223876953,
            415.9950866699219
        ],
        [
            363.45892333984375,
            415.8235168457031,
            367.1508483886719,
            415.9949645996094
        ],
        [
            365.6626892089844,
            415.874755859375,
            369.3037109375,
            415.9965515136719
        ]
    ],
    "scores": [
        0.24416334927082062,
        0.24416334927082062,
        0.11586768180131912,
        0.07309594750404358,
        0.07037129253149033,
        0.07035641372203827,
        0.06535844504833221,
        0.06309887766838074
    ]
}