{
    "predicted_boxes": [
        [
            227.13169860839844,
            224.55564880371094,
            234.04464721679688,
            234.16644287109375
        ],
        [
            247.7266387939453,
            223.97872924804688,
            249.40838623046875,
            229.11666870117188
        ],
        [
            0.0,
            415.92816162109375,
            0.029780639335513115,
            416.0
        ],
        [
            217.9442138671875,
            34.395198822021484,
            224.78475952148438,
            47.452659606933594
        ],
        [
            247.03579711914062,
            224.1222686767578,
            248.78367614746094,
            229.23960876464844
        ]
    ],
    "scores": [
        0.8844404220581055,
        0.262248158454895,
        0.24416334927082062,
        0.08602634072303772,
        0.08139733970165253
    ]
}