{
    "predicted_boxes": [
        [
            175.5125274658203,
            171.18081665039062,
            183.95745849609375,
            180.97596740722656
        ],
        [
            0.0,
            415.9426574707031,
            0.02619943954050541,
            416.0
        ],
        [
            185.12286376953125,
            172.9695587158203,
            194.48660278320312,
            182.56350708007812
        ]
    ],
    "scores": [
        0.2724396586418152,
        0.24416334927082062,
        0.053537800908088684
    ]
}