{
    "predicted_boxes": [
        [
            0.0,
            415.9387512207031,
            0.028598375618457794,
            416.0
        ],
        [
            365.74725341796875,
            415.9643859863281,
            369.0869445800781,
            416.0
        ],
        [
            297.7677001953125,
            415.9686279296875,
            301.0217590332031,
            416.0
        ],
        [
            81.19519805908203,
            415.864501953125,
            84.23509216308594,
            415.9973449707031
        ],
        [
            70.01762390136719,
            415.8179016113281,
            73.98100280761719,
            415.9955749511719
        ],
        [
            363.3699951171875,
            415.8767395019531,
            367.06439208984375,
            415.99652099609375
        ]
    ],
    "scores": [
        0.24416334927082062,
        0.24416334927082062,
        0.24416334927082062,
        0.08091922849416733,
        0.06973958760499954,
        0.06454458087682724
    ]
}