{
    "predicted_boxes": [
        [
            57.37942886352539,
            210.20420837402344,
            63.46626281738281,
            220.7793426513672
        ],
        [
            0.0,
            415.9291076660156,
            0.03184688091278076,
            416.0
        ],
        [
            71.29310607910156,
            208.5033721923828,
            73.85093688964844,
            216.61602783203125
        ]
    ],
    "scores": [
        0.6655387878417969,
        0.24416334927082062,
        0.12368591129779816
    ]
}