{
    "predicted_boxes": [
        [
            0.0,
            415.9411315917969,
            0.02448842115700245,
            416.0
        ],
        [
            145.56956481933594,
            180.89573669433594,
            155.45980834960938,
            210.51609802246094
        ],
        [
            210.281494140625,
            180.79962158203125,
            220.14854431152344,
            210.35243225097656
        ]
    ],
    "scores": [
        0.24416334927082062,
        0.22473086416721344,
        0.08887610584497452
    ]
}