{
    "predicted_boxes": [
        [
            144.78970336914062,
            223.90911865234375,
            148.4007568359375,
            229.80682373046875
        ],
        [
            82.38274383544922,
            216.02818298339844,
            89.66323852539062,
            230.63851928710938
        ],
        [
            382.3797302246094,
            202.61935424804688,
            389.1595153808594,
            214.73667907714844
        ],
        [
            163.30938720703125,
            219.42396545410156,
            167.84902954101562,
            227.30743408203125
        ]
    ],
    "scores": [
        0.8935705423355103,
        0.34001973271369934,
        0.15136800706386566,
        0.14578191936016083
    ]
}