{
    "predicted_boxes": [
        [
            238.73464965820312,
            188.34031677246094,
            247.0385284423828,
            208.86492919921875
        ],
        [
            0.0,
            415.935302734375,
            0.03300587460398674,
            416.0
        ],
        [
            27.547576904296875,
            202.92881774902344,
            36.064632415771484,
            224.65786743164062
        ]
    ],
    "scores": [
        0.46670183539390564,
        0.24416334927082062,
        0.05757402256131172
    ]
}