{
    "predicted_boxes": [
        [
            65.68650817871094,
            192.97999572753906,
            80.6436996459961,
            218.708251953125
        ],
        [
            0.0,
            415.93145751953125,
            0.030384644865989685,
            416.0
        ],
        [
            83.89897918701172,
            415.9449768066406,
            86.82797241210938,
            416.0
        ],
        [
            69.88911437988281,
            415.9625549316406,
            73.74431610107422,
            416.0
        ],
        [
            365.7931213378906,
            415.9595947265625,
            369.1263427734375,
            416.0
        ],
        [
            86.32569885253906,
            415.8749084472656,
            89.61829376220703,
            415.99664306640625
        ],
        [
            363.4632568359375,
            415.8900146484375,
            367.1505432128906,
            415.9969177246094
        ]
    ],
    "scores": [
        0.9961678385734558,
        0.24416334927082062,
        0.24416334927082062,
        0.24416334927082062,
        0.24416334927082062,
        0.09578517079353333,
        0.06399533152580261
    ]
}