{
    "predicted_boxes": [
        [
            270.8362731933594,
            168.5419921875,
            282.345458984375,
            198.1582794189453
        ],
        [
            0.0,
            415.9371643066406,
            0.03201917186379433,
            416.0
        ],
        [
            33.36286926269531,
            204.32156372070312,
            42.04454803466797,
            224.65940856933594
        ]
    ],
    "scores": [
        0.38869285583496094,
        0.24416334927082062,
        0.18016305565834045
    ]
}