{
    "predicted_boxes": [
        [
            179.482177734375,
            219.9551239013672,
            186.33120727539062,
            229.34352111816406
        ],
        [
            0.0,
            415.9344177246094,
            0.032112494111061096,
            416.0
        ],
        [
            349.1044616699219,
            415.83807373046875,
            352.9687805175781,
            415.9953308105469
        ]
    ],
    "scores": [
        0.9839171171188354,
        0.24416334927082062,
        0.07000672072172165
    ]
}