{
    "predicted_boxes": [
        [
            247.48306274414062,
            215.51512145996094,
            256.3856506347656,
            228.21202087402344
        ],
        [
            0.0,
            415.9400329589844,
            0.027285655960440636,
            416.0
        ],
        [
            55.71273422241211,
            210.9936981201172,
            62.30320358276367,
            220.70651245117188
        ]
    ],
    "scores": [
        0.9800115823745728,
        0.24416334927082062,
        0.13242600858211517
    ]
}