{
    "predicted_boxes": [
        [
            0.0,
            415.9390869140625,
            0.027126485481858253,
            416.0
        ],
        [
            415.9766845703125,
            0.0,
            415.9999084472656,
            65.63282775878906
        ],
        [
            72.64261627197266,
            120.81716918945312,
            90.97691345214844,
            181.89979553222656
        ],
        [
            207.56626892089844,
            94.38729858398438,
            245.8601837158203,
            173.90171813964844
        ]
    ],
    "scores": [
        0.24416334927082062,
        0.24416334927082062,
        0.1032533049583435,
        0.08421634882688522
    ]
}