{
    "predicted_boxes": [
        [
            209.354736328125,
            189.63079833984375,
            218.26890563964844,
            214.1641082763672
        ],
        [
            154.7612762451172,
            189.719970703125,
            163.25526428222656,
            214.2842254638672
        ],
        [
            208.26837158203125,
            216.58505249023438,
            211.79217529296875,
            225.90061950683594
        ],
        [
            189.23011779785156,
            216.4973602294922,
            192.7484893798828,
            226.18356323242188
        ]
    ],
    "scores": [
        0.5217508673667908,
        0.4881468713283539,
        0.4718102514743805,
        0.30374467372894287
    ]
}