{
    "predicted_boxes": [
        [
            304.25152587890625,
            208.37765502929688,
            312.2514343261719,
            224.108642578125
        ],
        [
            0.0,
            415.9291076660156,
            0.03161988407373428,
            416.0
        ]
    ],
    "scores": [
        0.9859906435012817,
        0.24416334927082062
    ]
}