{
    "predicted_boxes": [
        [
            0.0,
            415.9349365234375,
            0.029432348906993866,
            416.0
        ]
    ],
    "scores": [
        0.24416334927082062
    ]
}