{
    "predicted_boxes": [
        [
            223.7613067626953,
            220.05014038085938,
            230.0956573486328,
            229.19393920898438
        ],
        [
            0.0,
            415.9346923828125,
            0.03132307901978493,
            416.0
        ],
        [
            68.62108612060547,
            214.2375030517578,
            74.05423736572266,
            222.86456298828125
        ]
    ],
    "scores": [
        0.9215701818466187,
        0.24416334927082062,
        0.10126090794801712
    ]
}