{
    "predicted_boxes": [
        [
            0.0,
            415.93768310546875,
            0.031578294932842255,
            416.0
        ],
        [
            77.96527099609375,
            415.8923034667969,
            81.23832702636719,
            415.9979248046875
        ]
    ],
    "scores": [
        0.24416334927082062,
        0.07684486359357834
    ]
}