{
    "predicted_boxes": [
        [
            321.7109375,
            172.17015075683594,
            330.8426208496094,
            198.49391174316406
        ],
        [
            0.0,
            415.9284973144531,
            0.03288036957383156,
            416.0
        ],
        [
            415.985595703125,
            210.4365692138672,
            415.99993896484375,
            229.58961486816406
        ],
        [
            415.97283935546875,
            214.23858642578125,
            415.99993896484375,
            233.25767517089844
        ]
    ],
    "scores": [
        0.6531187891960144,
        0.24416334927082062,
        0.24416334927082062,
        0.24416334927082062
    ]
}