{
    "predicted_boxes": [
        [
            323.7601013183594,
            181.4254608154297,
            338.23974609375,
            216.73240661621094
        ],
        [
            224.30149841308594,
            213.2241973876953,
            235.85513305664062,
            228.09713745117188
        ],
        [
            74.43485260009766,
            200.6539764404297,
            86.93562316894531,
            220.17819213867188
        ],
        [
            122.52169036865234,
            216.03436279296875,
            130.1691131591797,
            226.6324462890625
        ],
        [
            189.9800567626953,
            224.7274932861328,
            192.94479370117188,
            229.8864288330078
        ],
        [
            197.63967895507812,
            222.78880310058594,
            202.8632049560547,
            229.6322479248047
        ]
    ],
    "scores": [
        0.9943148493766785,
        0.9799491763114929,
        0.9745033979415894,
        0.6430234909057617,
        0.13846975564956665,
        0.13762374222278595
    ]
}