{
    "predicted_boxes": [
        [
            157.39242553710938,
            213.98658752441406,
            167.7386932373047,
            227.25888061523438
        ],
        [
            175.9612274169922,
            222.0460205078125,
            180.90652465820312,
            230.24366760253906
        ],
        [
            175.69131469726562,
            222.17120361328125,
            185.2972869873047,
            230.72244262695312
        ]
    ],
    "scores": [
        0.9668367505073547,
        0.10377496480941772,
        0.06533369421958923
    ]
}