{
    "predicted_boxes": [
        [
            224.89752197265625,
            225.9158172607422,
            229.13485717773438,
            230.38418579101562
        ],
        [
            209.41058349609375,
            227.07920837402344,
            215.2787628173828,
            234.0269317626953
        ],
        [
            0.0,
            415.95184326171875,
            0.03430597484111786,
            416.0
        ]
    ],
    "scores": [
        0.41220417618751526,
        0.3505823016166687,
        0.24416334927082062
    ]
}