{
    "predicted_boxes": [
        [
            281.0334777832031,
            207.64410400390625,
            293.7456970214844,
            224.34310913085938
        ],
        [
            0.0,
            415.95709228515625,
            0.03229938820004463,
            416.0
        ]
    ],
    "scores": [
        0.9983813762664795,
        0.24416334927082062
    ]
}