{
    "predicted_boxes": [
        [
            31.5795955657959,
            203.5347442626953,
            37.91952896118164,
            216.17982482910156
        ],
        [
            0.0,
            415.9598388671875,
            0.02751884050667286,
            416.0
        ],
        [
            81.15982818603516,
            415.8089599609375,
            84.18253326416016,
            415.99615478515625
        ]
    ],
    "scores": [
        0.43233099579811096,
        0.24416334927082062,
        0.0809992104768753
    ]
}