{
    "predicted_boxes": [
        [
            293.4172668457031,
            211.9900360107422,
            299.1962890625,
            224.92953491210938
        ],
        [
            0.0,
            415.9529724121094,
            0.030172500759363174,
            416.0
        ]
    ],
    "scores": [
        0.9872756600379944,
        0.24416334927082062
    ]
}