{
    "predicted_boxes": [
        [
            0.0,
            415.9542541503906,
            0.031430017203092575,
            416.0
        ]
    ],
    "scores": [
        0.24416334927082062
    ]
}