{
    "predicted_boxes": [
        [
            175.51058959960938,
            171.18324279785156,
            183.95411682128906,
            180.9787139892578
        ],
        [
            0.0,
            415.96197509765625,
            0.027416853234171867,
            416.0
        ],
        [
            185.10877990722656,
            172.9770050048828,
            194.52450561523438,
            182.56219482421875
        ]
    ],
    "scores": [
        0.27314168214797974,
        0.24416334927082062,
        0.0550004281103611
    ]
}