{
    "predicted_boxes": [
        [
            266.00579833984375,
            191.47946166992188,
            287.2943115234375,
            222.1249237060547
        ],
        [
            94.14558410644531,
            208.0872039794922,
            104.13560485839844,
            223.33250427246094
        ],
        [
            208.36099243164062,
            219.78768920898438,
            215.4435272216797,
            229.54812622070312
        ]
    ],
    "scores": [
        0.9983217120170593,
        0.9852331280708313,
        0.5387340188026428
    ]
}