{
    "predicted_boxes": [
        [
            175.50376892089844,
            219.4552459716797,
            182.60791015625,
            228.8843994140625
        ],
        [
            0.0,
            415.95538330078125,
            0.03268258646130562,
            416.0
        ],
        [
            415.9416198730469,
            84.00316619873047,
            415.9998779296875,
            129.85879516601562
        ],
        [
            194.09658813476562,
            415.9580078125,
            197.2096710205078,
            416.0
        ],
        [
            351.3171691894531,
            415.93060302734375,
            354.90863037109375,
            416.0
        ],
        [
            363.671630859375,
            415.9589538574219,
            367.1003112792969,
            416.0
        ],
        [
            346.9584655761719,
            415.8529052734375,
            350.87115478515625,
            415.995849609375
        ],
        [
            353.3644104003906,
            415.8305358886719,
            357.28472900390625,
            415.99505615234375
        ],
        [
            63.79887771606445,
            415.9156188964844,
            67.82316589355469,
            415.9976501464844
        ],
        [
            196.21969604492188,
            415.9238586425781,
            199.62342834472656,
            415.9985656738281
        ]
    ],
    "scores": [
        0.9245147109031677,
        0.24416334927082062,
        0.24416334927082062,
        0.24416334927082062,
        0.24416334927082062,
        0.24416334927082062,
        0.07050513476133347,
        0.06851856410503387,
        0.06420975178480148,
        0.05319361016154289
    ]
}