{
    "predicted_boxes": [
        [
            35.63098907470703,
            189.87428283691406,
            46.97024917602539,
            214.2880859375
        ],
        [
            231.9825897216797,
            213.25601196289062,
            243.17221069335938,
            227.77792358398438
        ],
        [
            144.0875701904297,
            219.50247192382812,
            150.84664916992188,
            228.4982147216797
        ],
        [
            0.0,
            415.9570007324219,
            0.029911836609244347,
            416.0
        ]
    ],
    "scores": [
        0.9596682786941528,
        0.9022000432014465,
        0.4520528316497803,
        0.24416334927082062
    ]
}