{
    "predicted_boxes": [
        [
            313.8936767578125,
            146.41004943847656,
            332.9912414550781,
            160.06944274902344
        ],
        [
            130.7220916748047,
            222.23684692382812,
            136.15721130371094,
            232.7600860595703
        ],
        [
            0.0,
            415.9571533203125,
            0.03352769464254379,
            416.0
        ],
        [
            323.8389892578125,
            149.30892944335938,
            331.8772888183594,
            160.38076782226562
        ]
    ],
    "scores": [
        0.8163118958473206,
        0.26830920577049255,
        0.24416334927082062,
        0.06232551857829094
    ]
}