{
    "predicted_boxes": [
        [
            314.61212158203125,
            164.39268493652344,
            339.9104919433594,
            215.16390991210938
        ],
        [
            80.62723541259766,
            204.1495361328125,
            91.66307830810547,
            220.2862548828125
        ],
        [
            215.98562622070312,
            218.2287139892578,
            223.77708435058594,
            229.1706085205078
        ]
    ],
    "scores": [
        0.9990893602371216,
        0.9733378291130066,
        0.21232657134532928
    ]
}