{
    "predicted_boxes": [
        [
            183.5807647705078,
            221.0564422607422,
            190.08123779296875,
            229.05718994140625
        ],
        [
            0.0,
            415.9547119140625,
            0.03242959454655647,
            416.0
        ],
        [
            69.8173599243164,
            415.8194580078125,
            73.80192565917969,
            415.995361328125
        ]
    ],
    "scores": [
        0.9256700277328491,
        0.24416334927082062,
        0.06887924671173096
    ]
}