{
    "predicted_boxes": [
        [
            0.0,
            415.9556884765625,
            0.032069917768239975,
            416.0
        ],
        [
            198.2011260986328,
            415.9552917480469,
            201.5201873779297,
            416.0
        ],
        [
            200.2781982421875,
            415.9484558105469,
            203.6755828857422,
            416.0
        ],
        [
            77.91622924804688,
            415.9832458496094,
            80.91808319091797,
            416.0
        ]
    ],
    "scores": [
        0.24416334927082062,
        0.24416334927082062,
        0.24416334927082062,
        0.24416334927082062
    ]
}