{
    "predicted_boxes": [
        [
            115.2109146118164,
            220.61911010742188,
            120.71969604492188,
            232.0855255126953
        ],
        [
            162.9206085205078,
            225.3138427734375,
            165.21243286132812,
            229.47085571289062
        ],
        [
            162.1814727783203,
            225.50477600097656,
            164.5460968017578,
            229.2578582763672
        ]
    ],
    "scores": [
        0.7803517580032349,
        0.5790295004844666,
        0.12936897575855255
    ]
}