{
    "predicted_boxes": [
        [
            0.0,
            415.954345703125,
            0.03260832279920578,
            416.0
        ],
        [
            192.4566192626953,
            224.86761474609375,
            197.9530487060547,
            232.94091796875
        ]
    ],
    "scores": [
        0.24416334927082062,
        0.05249693617224693
    ]
}