{
    "predicted_boxes": [
        [
            144.7891387939453,
            223.90774536132812,
            148.4048309326172,
            229.80706787109375
        ],
        [
            82.38072204589844,
            216.03897094726562,
            89.66635131835938,
            230.63685607910156
        ],
        [
            163.3038330078125,
            219.4267578125,
            167.84884643554688,
            227.3022003173828
        ],
        [
            382.3766784667969,
            202.61834716796875,
            389.16339111328125,
            214.72332763671875
        ]
    ],
    "scores": [
        0.8963840007781982,
        0.3231414258480072,
        0.15752895176410675,
        0.14897015690803528
    ]
}