{
    "predicted_boxes": [
        [
            99.56088256835938,
            202.72439575195312,
            113.42532348632812,
            222.6439666748047
        ],
        [
            0.0,
            415.9510803222656,
            0.03128446266055107,
            416.0
        ],
        [
            86.48677825927734,
            415.98828125,
            89.6041030883789,
            416.0
        ],
        [
            353.5770568847656,
            415.9571533203125,
            357.1215515136719,
            416.0
        ],
        [
            355.70819091796875,
            415.9263610839844,
            359.2840270996094,
            416.0
        ],
        [
            347.1190490722656,
            415.91668701171875,
            350.9976806640625,
            415.99774169921875
        ],
        [
            357.51007080078125,
            415.8308410644531,
            361.4423828125,
            415.9953308105469
        ]
    ],
    "scores": [
        0.9891814589500427,
        0.24416334927082062,
        0.24416334927082062,
        0.24416334927082062,
        0.24416334927082062,
        0.06830967217683792,
        0.065776526927948
    ]
}