{
    "predicted_boxes": [
        [
            270.71051025390625,
            210.7229461669922,
            282.19610595703125,
            225.7718048095703
        ],
        [
            0.0,
            415.9587707519531,
            0.03007199801504612,
            416.0
        ],
        [
            43.66538619995117,
            222.8507537841797,
            49.85210418701172,
            231.54087829589844
        ]
    ],
    "scores": [
        0.9880361557006836,
        0.24416334927082062,
        0.057860977947711945
    ]
}