{
    "predicted_boxes": [
        [
            228.49253845214844,
            171.11892700195312,
            239.44485473632812,
            178.97401428222656
        ],
        [
            0.0,
            415.9585876464844,
            0.03107132948935032,
            416.0
        ],
        [
            187.09083557128906,
            174.33297729492188,
            192.49205017089844,
            181.75791931152344
        ],
        [
            188.38983154296875,
            173.84402465820312,
            199.74607849121094,
            180.8875274658203
        ]
    ],
    "scores": [
        0.6083921790122986,
        0.24416334927082062,
        0.18468309938907623,
        0.10552842170000076
    ]
}