{
    "predicted_boxes": [
        [
            0.0,
            415.9605407714844,
            0.0326620377600193,
            416.0
        ],
        [
            66.04931640625,
            415.9816589355469,
            69.8144760131836,
            416.0
        ],
        [
            68.2913818359375,
            415.889892578125,
            72.40145874023438,
            415.9970397949219
        ],
        [
            365.5908508300781,
            415.8154602050781,
            369.2503967285156,
            415.9949035644531
        ],
        [
            373.9181823730469,
            415.9151916503906,
            377.583740234375,
            415.99755859375
        ],
        [
            241.72335815429688,
            415.81793212890625,
            245.1158905029297,
            415.9977111816406
        ]
    ],
    "scores": [
        0.24416334927082062,
        0.24416334927082062,
        0.06670333445072174,
        0.06373991817235947,
        0.06101326644420624,
        0.05038731172680855
    ]
}