{
    "predicted_boxes": [
        [
            0.0,
            415.95745849609375,
            0.030135616660118103,
            416.0
        ],
        [
            351.3569641113281,
            415.9364013671875,
            354.86260986328125,
            416.0
        ],
        [
            349.2061767578125,
            415.966064453125,
            352.6968078613281,
            416.0
        ],
        [
            68.07654571533203,
            415.98193359375,
            71.83328247070312,
            416.0
        ],
        [
            361.5687255859375,
            415.9413757324219,
            365.0670471191406,
            416.0
        ],
        [
            353.3493347167969,
            415.86322021484375,
            357.161865234375,
            415.99603271484375
        ],
        [
            355.4512634277344,
            415.7943420410156,
            359.3029479980469,
            415.9941711425781
        ]
    ],
    "scores": [
        0.24416334927082062,
        0.24416334927082062,
        0.24416334927082062,
        0.24416334927082062,
        0.24416334927082062,
        0.06768619269132614,
        0.06756449490785599
    ]
}