{
    "predicted_boxes": [
        [
            256.22637939453125,
            206.88658142089844,
            260.70648193359375,
            218.76075744628906
        ],
        [
            0.0,
            415.9580078125,
            0.03184935450553894,
            416.0
        ]
    ],
    "scores": [
        0.8478478789329529,
        0.24416334927082062
    ]
}