{
    "predicted_boxes": [
        [
            0.0,
            415.96124267578125,
            0.026807401329278946,
            416.0
        ],
        [
            81.08079528808594,
            415.935546875,
            83.8613510131836,
            416.0
        ],
        [
            209.3048858642578,
            197.47015380859375,
            216.5642547607422,
            217.20492553710938
        ],
        [
            163.4324493408203,
            196.58355712890625,
            170.75177001953125,
            216.63621520996094
        ]
    ],
    "scores": [
        0.24416334927082062,
        0.24416334927082062,
        0.1593143194913864,
        0.05584842711687088
    ]
}