{
    "predicted_boxes": [
        [
            0.0,
            415.9583435058594,
            0.02861025743186474,
            416.0
        ],
        [
            68.33221435546875,
            415.9525451660156,
            72.10009002685547,
            416.0
        ],
        [
            363.6029052734375,
            415.9731140136719,
            367.00067138671875,
            416.0
        ],
        [
            351.1373596191406,
            415.79522705078125,
            354.97882080078125,
            415.9941101074219
        ],
        [
            361.3404846191406,
            415.8715515136719,
            365.1463317871094,
            415.99627685546875
        ]
    ],
    "scores": [
        0.24416334927082062,
        0.24416334927082062,
        0.24416334927082062,
        0.06886729598045349,
        0.06638004630804062
    ]
}