{
    "predicted_boxes": [
        [
            184.43307495117188,
            193.69529724121094,
            202.0370330810547,
            198.91551208496094
        ],
        [
            0.0,
            415.95745849609375,
            0.031538691371679306,
            416.0
        ],
        [
            201.08892822265625,
            193.03257751464844,
            208.7602081298828,
            199.164794921875
        ]
    ],
    "scores": [
        0.30966436862945557,
        0.24416334927082062,
        0.1869570016860962
    ]
}