{
    "predicted_boxes": [
        [
            0.0,
            415.95684814453125,
            0.03151343762874603,
            416.0
        ],
        [
            81.1168212890625,
            415.9134216308594,
            84.13968658447266,
            415.998291015625
        ],
        [
            70.00668334960938,
            415.8133544921875,
            74.0057373046875,
            415.9954833984375
        ],
        [
            349.0986633300781,
            415.8396301269531,
            352.98712158203125,
            415.99542236328125
        ],
        [
            363.4461975097656,
            415.8552551269531,
            367.1409606933594,
            415.995849609375
        ],
        [
            365.65216064453125,
            415.90283203125,
            369.2743835449219,
            415.9972839355469
        ]
    ],
    "scores": [
        0.24416334927082062,
        0.08046474307775497,
        0.07113281637430191,
        0.06895405054092407,
        0.06372234970331192,
        0.061898235231637955
    ]
}