{
    "predicted_boxes": [
        [
            160.1684112548828,
            219.408203125,
            166.6620635986328,
            228.40673828125
        ],
        [
            0.0,
            415.9498291015625,
            0.03047054260969162,
            416.0
        ]
    ],
    "scores": [
        0.9874419569969177,
        0.24416334927082062
    ]
}