{
    "predicted_boxes": [
        [
            0.0,
            415.9565124511719,
            0.03217190504074097,
            416.0
        ],
        [
            369.3033752441406,
            206.56166076660156,
            374.83709716796875,
            215.94384765625
        ]
    ],
    "scores": [
        0.24416334927082062,
        0.17505131661891937
    ]
}