{
    "predicted_boxes": [
        [
            68.49519348144531,
            182.3356170654297,
            88.31776428222656,
            216.78558349609375
        ],
        [
            0.0,
            415.9550476074219,
            0.021923383697867393,
            416.0
        ]
    ],
    "scores": [
        0.9957953691482544,
        0.24416334927082062
    ]
}