{
    "predicted_boxes": [
        [
            291.87762451171875,
            210.0788116455078,
            308.5301513671875,
            225.0660400390625
        ],
        [
            0.0,
            415.95166015625,
            0.03383564203977585,
            416.0
        ]
    ],
    "scores": [
        0.9817661046981812,
        0.24416334927082062
    ]
}