{
    "predicted_boxes": [
        [
            0.0,
            415.95721435546875,
            0.03138719126582146,
            416.0
        ],
        [
            415.95208740234375,
            201.5308380126953,
            415.9998779296875,
            220.9630126953125
        ]
    ],
    "scores": [
        0.24416334927082062,
        0.24416334927082062
    ]
}