{
    "predicted_boxes": [
        [
            86.7524185180664,
            197.14625549316406,
            97.55052185058594,
            220.4418182373047
        ]
    ],
    "scores": [
        0.9952955842018127
    ]
}