{
    "predicted_boxes": [
        [
            0.0,
            415.9561767578125,
            0.02869293838739395,
            416.0
        ],
        [
            363.663330078125,
            415.9778137207031,
            367.07366943359375,
            416.0
        ],
        [
            349.2735290527344,
            415.9309997558594,
            352.7884826660156,
            416.0
        ],
        [
            347.1703186035156,
            415.8180847167969,
            350.9783935546875,
            415.99481201171875
        ],
        [
            353.3695068359375,
            415.8082275390625,
            357.2132568359375,
            415.994384765625
        ],
        [
            351.2301330566406,
            415.8889465332031,
            355.05914306640625,
            415.99676513671875
        ],
        [
            361.4393310546875,
            415.90087890625,
            365.2466735839844,
            415.9971618652344
        ]
    ],
    "scores": [
        0.24416334927082062,
        0.24416334927082062,
        0.24416334927082062,
        0.06876317411661148,
        0.06834234297275543,
        0.06826697289943695,
        0.06616196036338806
    ]
}