{
    "predicted_boxes": [
        [
            270.85992431640625,
            197.55361938476562,
            276.72222900390625,
            213.61062622070312
        ],
        [
            0.0,
            415.94586181640625,
            0.034518610686063766,
            416.0
        ],
        [
            98.448974609375,
            217.9234161376953,
            103.80853271484375,
            225.43858337402344
        ]
    ],
    "scores": [
        0.4042317569255829,
        0.24416334927082062,
        0.09940745681524277
    ]
}