{
    "predicted_boxes": [
        [
            0.0,
            415.9574890136719,
            0.03159413859248161,
            416.0
        ],
        [
            69.979248046875,
            415.7929992675781,
            73.98342895507812,
            415.9950866699219
        ],
        [
            349.0897216796875,
            415.8043518066406,
            352.9209899902344,
            415.9945983886719
        ]
    ],
    "scores": [
        0.24416334927082062,
        0.06995998322963715,
        0.06970158219337463
    ]
}