{
    "predicted_boxes": [
        [
            397.33782958984375,
            198.8631591796875,
            404.21392822265625,
            212.54147338867188
        ],
        [
            0.0,
            415.9577331542969,
            0.034240372478961945,
            416.0
        ],
        [
            69.76749420166016,
            415.85968017578125,
            73.76797485351562,
            415.99627685546875
        ],
        [
            350.9700622558594,
            415.87567138671875,
            354.8600769042969,
            415.99658203125
        ],
        [
            353.21673583984375,
            415.83282470703125,
            357.0716247558594,
            415.9952697753906
        ],
        [
            355.4124450683594,
            415.7884826660156,
            359.25579833984375,
            415.994140625
        ],
        [
            415.8802185058594,
            196.96759033203125,
            415.99530029296875,
            205.29698181152344
        ]
    ],
    "scores": [
        0.8875026106834412,
        0.24416334927082062,
        0.07178109139204025,
        0.06928987801074982,
        0.06765852868556976,
        0.06755372136831284,
        0.05671318247914314
    ]
}