{
    "predicted_boxes": [
        [
            0.0,
            415.9593811035156,
            0.02977321483194828,
            416.0
        ],
        [
            363.60174560546875,
            415.98114013671875,
            366.98712158203125,
            416.0
        ],
        [
            348.9674377441406,
            415.8536376953125,
            352.7318420410156,
            415.9958190917969
        ],
        [
            351.1468811035156,
            415.84100341796875,
            354.9402160644531,
            415.9953918457031
        ],
        [
            361.3526611328125,
            415.8901062011719,
            365.1336364746094,
            415.99688720703125
        ],
        [
            63.83803176879883,
            415.9270324707031,
            67.93582916259766,
            415.99798583984375
        ]
    ],
    "scores": [
        0.24416334927082062,
        0.24416334927082062,
        0.06849653273820877,
        0.06795274466276169,
        0.06570212543010712,
        0.06442416459321976
    ]
}