{
    "predicted_boxes": [
        [
            173.09677124023438,
            217.21067810058594,
            181.298583984375,
            228.62796020507812
        ],
        [
            186.7877197265625,
            223.05801391601562,
            192.03709411621094,
            229.66513061523438
        ],
        [
            220.22869873046875,
            225.7902374267578,
            222.33888244628906,
            231.0035400390625
        ],
        [
            219.6776123046875,
            226.30555725097656,
            221.51148986816406,
            231.00167846679688
        ]
    ],
    "scores": [
        0.967634916305542,
        0.15143580734729767,
        0.06758003681898117,
        0.0513119213283062
    ]
}