{
    "predicted_boxes": [
        [
            59.29017639160156,
            183.88804626464844,
            78.07878112792969,
            217.28160095214844
        ],
        [
            135.3407745361328,
            215.59022521972656,
            143.46739196777344,
            227.1724090576172
        ],
        [
            252.6780242919922,
            212.25839233398438,
            262.6455078125,
            227.24720764160156
        ],
        [
            219.4577178955078,
            220.65867614746094,
            226.12933349609375,
            229.47042846679688
        ],
        [
            194.03028869628906,
            225.70950317382812,
            196.5789794921875,
            230.56568908691406
        ]
    ],
    "scores": [
        0.9967501163482666,
        0.9664018750190735,
        0.9481421709060669,
        0.08884730190038681,
        0.07831670343875885
    ]
}