{
    "predicted_boxes": [
        [
            260.7406921386719,
            197.32296752929688,
            279.59674072265625,
            224.0543670654297
        ],
        [
            126.23190307617188,
            214.715576171875,
            134.16783142089844,
            225.6114501953125
        ],
        [
            0.0,
            415.9580993652344,
            0.031929560005664825,
            416.0
        ],
        [
            224.9038848876953,
            220.08795166015625,
            231.4438018798828,
            229.38475036621094
        ]
    ],
    "scores": [
        0.9834699034690857,
        0.6440677642822266,
        0.24416334927082062,
        0.0704265907406807
    ]
}