{
    "predicted_boxes": [
        [
            0.0,
            415.9514465332031,
            0.034766893833875656,
            416.0
        ],
        [
            415.9435729980469,
            225.8365020751953,
            415.9998779296875,
            245.00706481933594
        ],
        [
            225.00482177734375,
            225.86692810058594,
            230.3126983642578,
            230.55502319335938
        ]
    ],
    "scores": [
        0.24416334927082062,
        0.24416334927082062,
        0.09055279940366745
    ]
}