{
    "predicted_boxes": [
        [
            252.97698974609375,
            202.6269073486328,
            268.91748046875,
            224.984375
        ],
        [
            223.3296661376953,
            220.63613891601562,
            229.9473419189453,
            229.73477172851562
        ],
        [
            0.0,
            415.95721435546875,
            0.0314834862947464,
            416.0
        ],
        [
            131.92446899414062,
            216.18479919433594,
            139.00790405273438,
            226.00030517578125
        ]
    ],
    "scores": [
        0.9940504431724548,
        0.750302791595459,
        0.24416334927082062,
        0.07944153994321823
    ]
}