{
    "predicted_boxes": [
        [
            0.0,
            415.9510498046875,
            0.031948868185281754,
            416.0
        ],
        [
            160.07974243164062,
            224.5159912109375,
            164.3489227294922,
            231.97604370117188
        ]
    ],
    "scores": [
        0.24416334927082062,
        0.17592847347259521
    ]
}