{
    "predicted_boxes": [
        [
            289.60394287109375,
            213.69589233398438,
            294.5797424316406,
            225.8473358154297
        ],
        [
            0.0,
            415.9505615234375,
            0.03060990944504738,
            416.0
        ]
    ],
    "scores": [
        0.7077406048774719,
        0.24416334927082062
    ]
}