{
    "predicted_boxes": [
        [
            273.20257568359375,
            142.8775177001953,
            288.8631286621094,
            152.78277587890625
        ],
        [
            271.6588134765625,
            143.9540557861328,
            278.72540283203125,
            153.41213989257812
        ],
        [
            0.0,
            415.95953369140625,
            0.030521783977746964,
            416.0
        ],
        [
            217.69869995117188,
            149.99533081054688,
            233.4759979248047,
            160.6066131591797
        ]
    ],
    "scores": [
        0.5698104500770569,
        0.5580171346664429,
        0.24416334927082062,
        0.13197442889213562
    ]
}