{
    "predicted_boxes": [
        [
            0.0,
            415.9580993652344,
            0.031927578151226044,
            416.0
        ],
        [
            363.6535339355469,
            415.9271240234375,
            367.0550537109375,
            416.0
        ],
        [
            365.837890625,
            415.9541320800781,
            369.1731872558594,
            416.0
        ],
        [
            81.155517578125,
            415.9036560058594,
            84.20993041992188,
            415.9981689453125
        ],
        [
            69.92908477783203,
            415.8204040527344,
            73.9820785522461,
            415.9957275390625
        ],
        [
            347.1436462402344,
            415.91668701171875,
            350.9866638183594,
            415.9976806640625
        ],
        [
            353.2839050292969,
            415.81610107421875,
            357.1811218261719,
            415.9947204589844
        ],
        [
            351.15972900390625,
            415.9135437011719,
            355.04644775390625,
            415.99749755859375
        ],
        [
            361.4178466796875,
            415.8856201171875,
            365.2251892089844,
            415.9967041015625
        ]
    ],
    "scores": [
        0.24416334927082062,
        0.24416334927082062,
        0.24416334927082062,
        0.08118189126253128,
        0.07051730901002884,
        0.06918662041425705,
        0.0680321678519249,
        0.06795906275510788,
        0.0658557340502739
    ]
}