{
    "predicted_boxes": [
        [
            0.0,
            415.95355224609375,
            0.0319325290620327,
            416.0
        ],
        [
            327.4211730957031,
            415.9592590332031,
            330.62298583984375,
            416.0
        ],
        [
            365.7813415527344,
            415.93341064453125,
            369.1329040527344,
            416.0
        ],
        [
            81.21382904052734,
            415.8224792480469,
            84.1990737915039,
            415.99658203125
        ],
        [
            69.68447875976562,
            415.9122619628906,
            73.7085952758789,
            415.9977111816406
        ],
        [
            297.3963623046875,
            415.908203125,
            300.9793395996094,
            415.9976501464844
        ],
        [
            363.4255676269531,
            415.8741760253906,
            367.1396179199219,
            415.9964294433594
        ],
        [
            196.4767608642578,
            222.385498046875,
            201.87985229492188,
            229.50128173828125
        ]
    ],
    "scores": [
        0.24416334927082062,
        0.24416334927082062,
        0.24416334927082062,
        0.08706403523683548,
        0.06862878054380417,
        0.06854788213968277,
        0.06452257931232452,
        0.057795509696006775
    ]
}