{
    "predicted_boxes": [
        [
            217.16847229003906,
            214.68238830566406,
            227.13426208496094,
            228.05845642089844
        ],
        [
            0.0,
            415.95562744140625,
            0.031352538615465164,
            416.0
        ]
    ],
    "scores": [
        0.9197591543197632,
        0.24416334927082062
    ]
}