{
    "predicted_boxes": [
        [
            154.79403686523438,
            214.35768127441406,
            164.52670288085938,
            228.17864990234375
        ]
    ],
    "scores": [
        0.9428354501724243
    ]
}