{
    "predicted_boxes": [
        [
            273.8042297363281,
            214.89036560058594,
            287.8834533691406,
            226.94497680664062
        ],
        [
            0.0,
            415.95849609375,
            0.03318757191300392,
            416.0
        ]
    ],
    "scores": [
        0.7850507497787476,
        0.24416334927082062
    ]
}