{
    "predicted_boxes": [
        [
            0.0,
            415.9567565917969,
            0.03090720809996128,
            416.0
        ],
        [
            239.80714416503906,
            415.9897766113281,
            242.89816284179688,
            416.0
        ],
        [
            77.83464050292969,
            415.90631103515625,
            80.966796875,
            415.99822998046875
        ],
        [
            348.9549560546875,
            415.8744812011719,
            352.9402160644531,
            415.9966125488281
        ],
        [
            350.8988342285156,
            415.8068542480469,
            354.851318359375,
            415.9945068359375
        ],
        [
            69.54579162597656,
            415.9170837402344,
            73.66129302978516,
            415.9977722167969
        ],
        [
            363.4153747558594,
            415.9187316894531,
            367.1128845214844,
            415.9977111816406
        ]
    ],
    "scores": [
        0.24416334927082062,
        0.24416334927082062,
        0.07867279648780823,
        0.06920669227838516,
        0.06796974688768387,
        0.06736455857753754,
        0.06359901279211044
    ]
}