{
    "predicted_boxes": [
        [
            0.0,
            415.95440673828125,
            0.03327421098947525,
            416.0
        ]
    ],
    "scores": [
        0.24416334927082062
    ]
}