{
    "predicted_boxes": [
        [
            227.4739227294922,
            205.40077209472656,
            233.74362182617188,
            219.151123046875
        ],
        [
            0.0,
            415.9587707519531,
            0.03066832944750786,
            416.0
        ],
        [
            415.9512634277344,
            266.0129699707031,
            415.9998779296875,
            309.4083251953125
        ],
        [
            227.02749633789062,
            201.86122131347656,
            233.44174194335938,
            209.54115295410156
        ]
    ],
    "scores": [
        0.42630821466445923,
        0.24416334927082062,
        0.24416334927082062,
        0.220274418592453
    ]
}