{
    "predicted_boxes": [
        [
            0.0,
            415.9591979980469,
            0.03132382407784462,
            416.0
        ],
        [
            81.10364532470703,
            415.95513916015625,
            83.9644546508789,
            416.0
        ],
        [
            365.7643127441406,
            415.9447937011719,
            369.1246337890625,
            416.0
        ],
        [
            348.9608154296875,
            415.8487548828125,
            352.8974914550781,
            415.9957580566406
        ],
        [
            363.4150085449219,
            415.8846435546875,
            367.14495849609375,
            415.9967346191406
        ]
    ],
    "scores": [
        0.24416334927082062,
        0.24416334927082062,
        0.24416334927082062,
        0.06981731206178665,
        0.0646321028470993
    ]
}