{
    "predicted_boxes": [
        [
            0.0,
            415.95770263671875,
            0.03193005546927452,
            416.0
        ],
        [
            415.931396484375,
            0.0,
            415.9998779296875,
            65.53357696533203
        ],
        [
            347.4014892578125,
            415.971923828125,
            350.9708557128906,
            416.0
        ],
        [
            351.3973388671875,
            415.9527282714844,
            354.9859313964844,
            416.0
        ],
        [
            363.6862487792969,
            415.9366149902344,
            367.0964660644531,
            416.0
        ],
        [
            365.8650207519531,
            415.9627380371094,
            369.20428466796875,
            416.0
        ],
        [
            81.14762878417969,
            415.90142822265625,
            84.17951965332031,
            415.99810791015625
        ],
        [
            70.00459289550781,
            415.82794189453125,
            74.02849578857422,
            415.9958801269531
        ],
        [
            353.3712463378906,
            415.8709716796875,
            357.26025390625,
            415.99627685546875
        ],
        [
            355.46514892578125,
            415.80828857421875,
            359.37188720703125,
            415.9946594238281
        ],
        [
            361.4872131347656,
            415.9081115722656,
            365.2912292480469,
            415.9973449707031
        ]
    ],
    "scores": [
        0.24416334927082062,
        0.24416334927082062,
        0.24416334927082062,
        0.24416334927082062,
        0.24416334927082062,
        0.24416334927082062,
        0.07960858196020126,
        0.07063030451536179,
        0.06834195554256439,
        0.06795952469110489,
        0.06564205139875412
    ]
}