{
    "predicted_boxes": [
        [
            0.0,
            415.9546203613281,
            0.030471038073301315,
            416.0
        ],
        [
            347.2545166015625,
            415.9877014160156,
            350.7939758300781,
            416.0
        ],
        [
            353.52691650390625,
            415.9839782714844,
            357.0407409667969,
            416.0
        ],
        [
            65.65853881835938,
            415.98577880859375,
            69.40633392333984,
            416.0
        ],
        [
            68.08208465576172,
            415.9827575683594,
            71.81712341308594,
            416.0
        ],
        [
            355.5072021484375,
            415.88525390625,
            359.35723876953125,
            415.9967041015625
        ],
        [
            359.25067138671875,
            415.8288269042969,
            363.1500244140625,
            415.99517822265625
        ]
    ],
    "scores": [
        0.24416334927082062,
        0.24416334927082062,
        0.24416334927082062,
        0.24416334927082062,
        0.24416334927082062,
        0.06614264100790024,
        0.06575354933738708
    ]
}