{
    "predicted_boxes": [
        [
            150.98379516601562,
            218.05718994140625,
            157.9591064453125,
            227.4024658203125
        ],
        [
            0.0,
            415.95452880859375,
            0.03290463238954544,
            416.0
        ]
    ],
    "scores": [
        0.990237295627594,
        0.24416334927082062
    ]
}