{
    "predicted_boxes": [
        [
            0.0,
            415.96014404296875,
            0.03240211680531502,
            416.0
        ],
        [
            66.03734588623047,
            415.9906311035156,
            69.80121612548828,
            416.0
        ],
        [
            68.2840347290039,
            415.8918151855469,
            72.39308166503906,
            415.9970703125
        ],
        [
            365.5929260253906,
            415.81988525390625,
            369.25286865234375,
            415.9949951171875
        ],
        [
            373.91986083984375,
            415.9186706542969,
            377.58563232421875,
            415.9977111816406
        ]
    ],
    "scores": [
        0.24416334927082062,
        0.24416334927082062,
        0.06667495518922806,
        0.06368433684110641,
        0.06097283586859703
    ]
}