{
    "predicted_boxes": [
        [
            274.79241943359375,
            195.48748779296875,
            280.8728942871094,
            212.43116760253906
        ],
        [
            95.3990249633789,
            217.60467529296875,
            99.93204498291016,
            224.50436401367188
        ],
        [
            0.0,
            415.9470520019531,
            0.03411511331796646,
            416.0
        ]
    ],
    "scores": [
        0.8404983282089233,
        0.5413384437561035,
        0.24416334927082062
    ]
}