{
    "predicted_boxes": [
        [
            0.0,
            415.9512023925781,
            0.028698382899165154,
            416.0
        ],
        [
            81.17701721191406,
            415.9460754394531,
            84.044189453125,
            416.0
        ],
        [
            345.263671875,
            415.7882080078125,
            349.1047058105469,
            415.9939270019531
        ]
    ],
    "scores": [
        0.24416334927082062,
        0.24416334927082062,
        0.06841909885406494
    ]
}