{
    "predicted_boxes": [
        [
            0.0,
            415.95721435546875,
            0.03328435868024826,
            416.0
        ],
        [
            81.43748474121094,
            415.8129577636719,
            84.50300598144531,
            415.99603271484375
        ]
    ],
    "scores": [
        0.24416334927082062,
        0.08363034576177597
    ]
}