{
    "predicted_boxes": [
        [
            301.2751159667969,
            170.2716827392578,
            328.5095520019531,
            216.39910888671875
        ],
        [
            0.0,
            415.9596862792969,
            0.030298994854092598,
            416.0
        ]
    ],
    "scores": [
        0.9990679621696472,
        0.24416334927082062
    ]
}