{
    "predicted_boxes": [
        [
            26.650279998779297,
            202.49786376953125,
            32.25403594970703,
            215.04010009765625
        ],
        [
            0.0,
            415.96002197265625,
            0.02904023975133896,
            416.0
        ],
        [
            80.9981918334961,
            415.88861083984375,
            83.95913696289062,
            415.99774169921875
        ],
        [
            12.24907112121582,
            197.1852264404297,
            19.387168884277344,
            216.825439453125
        ]
    ],
    "scores": [
        0.8941082954406738,
        0.24416334927082062,
        0.07670118659734726,
        0.05925280600786209
    ]
}