{
    "predicted_boxes": [
        [
            0.0,
            415.9532470703125,
            0.03342273831367493,
            416.0
        ]
    ],
    "scores": [
        0.24416334927082062
    ]
}