{
    "predicted_boxes": [
        [
            123.9312973022461,
            204.4751434326172,
            138.3605194091797,
            223.792236328125
        ],
        [
            0.0,
            415.9604187011719,
            0.02695419453084469,
            416.0
        ],
        [
            183.97723388671875,
            225.44204711914062,
            186.40493774414062,
            230.78724670410156
        ],
        [
            184.8338623046875,
            225.67210388183594,
            187.05801391601562,
            230.1335906982422
        ]
    ],
    "scores": [
        0.9942505359649658,
        0.24416334927082062,
        0.11995425075292587,
        0.07037021219730377
    ]
}