{
    "predicted_boxes": [
        [
            0.0,
            415.95355224609375,
            0.0319325290620327,
            416.0
        ],
        [
            327.42144775390625,
            415.958740234375,
            330.62347412109375,
            416.0
        ],
        [
            365.7813415527344,
            415.93341064453125,
            369.1329040527344,
            416.0
        ],
        [
            81.21382904052734,
            415.8224792480469,
            84.1990737915039,
            415.99658203125
        ],
        [
            69.68447875976562,
            415.9122619628906,
            73.7085952758789,
            415.9977111816406
        ],
        [
            297.39849853515625,
            415.90765380859375,
            300.9820861816406,
            415.99761962890625
        ],
        [
            363.4255676269531,
            415.8741760253906,
            367.1396179199219,
            415.9964294433594
        ],
        [
            196.43783569335938,
            222.3883514404297,
            201.93702697753906,
            229.47610473632812
        ]
    ],
    "scores": [
        0.24416334927082062,
        0.24416334927082062,
        0.24416334927082062,
        0.08706403523683548,
        0.06862878054380417,
        0.06853462010622025,
        0.06452257931232452,
        0.05857594683766365
    ]
}