{
    "predicted_boxes": [
        [
            41.97357940673828,
            183.23751831054688,
            50.572296142578125,
            213.7866973876953
        ],
        [
            0.0,
            415.95391845703125,
            0.033302679657936096,
            416.0
        ]
    ],
    "scores": [
        0.9376605749130249,
        0.24416334927082062
    ]
}