{
    "predicted_boxes": [
        [
            334.2890930175781,
            193.49754333496094,
            349.44525146484375,
            230.29501342773438
        ],
        [
            0.0,
            415.9530944824219,
            0.03408070653676987,
            416.0
        ]
    ],
    "scores": [
        0.9980606436729431,
        0.24416334927082062
    ]
}