{
    "predicted_boxes": [
        [
            241.57537841796875,
            201.1256561279297,
            247.55039978027344,
            218.75135803222656
        ],
        [
            223.919189453125,
            217.48460388183594,
            226.86856079101562,
            225.90689086914062
        ],
        [
            200.71400451660156,
            202.26744079589844,
            207.10159301757812,
            219.17189025878906
        ]
    ],
    "scores": [
        0.6802400946617126,
        0.2499585598707199,
        0.22275887429714203
    ]
}