{
    "predicted_boxes": [
        [
            83.44450378417969,
            197.84121704101562,
            99.14266967773438,
            220.64088439941406
        ],
        [
            0.0,
            415.9510192871094,
            0.03140353038907051,
            416.0
        ],
        [
            86.467041015625,
            415.9422302246094,
            89.56169891357422,
            416.0
        ],
        [
            69.86888122558594,
            415.98809814453125,
            73.7260971069336,
            416.0
        ],
        [
            363.6899719238281,
            415.9920654296875,
            367.09161376953125,
            416.0
        ],
        [
            351.3365783691406,
            415.9738464355469,
            354.857177734375,
            416.0
        ],
        [
            349.1570129394531,
            415.9839782714844,
            352.7214660644531,
            416.0
        ],
        [
            346.9899597167969,
            415.82763671875,
            350.91571044921875,
            415.9952392578125
        ],
        [
            353.37408447265625,
            415.8962707519531,
            357.1901550292969,
            415.99700927734375
        ],
        [
            355.4978942871094,
            415.8155212402344,
            359.3385009765625,
            415.9948425292969
        ]
    ],
    "scores": [
        0.9944092631340027,
        0.24416334927082062,
        0.24416334927082062,
        0.24416334927082062,
        0.24416334927082062,
        0.24416334927082062,
        0.24416334927082062,
        0.06897445768117905,
        0.06564122438430786,
        0.06563322246074677
    ]
}