{
    "predicted_boxes": [
        [
            288.92486572265625,
            173.78915405273438,
            323.6075744628906,
            220.43272399902344
        ],
        [
            64.50708770751953,
            201.7581329345703,
            76.48123168945312,
            219.5878448486328
        ],
        [
            0.0,
            415.95843505859375,
            0.032476380467414856,
            416.0
        ]
    ],
    "scores": [
        0.9987598657608032,
        0.9814093112945557,
        0.24416334927082062
    ]
}