{
    "predicted_boxes": [
        [
            175.60455322265625,
            219.47340393066406,
            182.5278778076172,
            229.12135314941406
        ],
        [
            0.0,
            415.9551696777344,
            0.03268234059214592,
            416.0
        ],
        [
            194.08497619628906,
            415.93170166015625,
            197.22459411621094,
            416.0
        ],
        [
            198.27342224121094,
            415.9306335449219,
            201.5171356201172,
            416.0
        ],
        [
            200.36370849609375,
            415.9930114746094,
            203.664306640625,
            416.0
        ],
        [
            64.00838470458984,
            415.9568176269531,
            67.6854476928711,
            416.0
        ],
        [
            349.1520690917969,
            415.95220947265625,
            352.7517395019531,
            416.0
        ],
        [
            363.6445617675781,
            415.95050048828125,
            367.0757751464844,
            416.0
        ],
        [
            346.98126220703125,
            415.78948974609375,
            350.9079284667969,
            415.99407958984375
        ],
        [
            353.35748291015625,
            415.79766845703125,
            357.30120849609375,
            415.9941711425781
        ],
        [
            351.1678161621094,
            415.8955383300781,
            355.0827331542969,
            415.9969787597656
        ],
        [
            65.48934173583984,
            415.8173828125,
            69.52733612060547,
            415.99468994140625
        ],
        [
            196.20120239257812,
            415.8902893066406,
            199.6328125,
            415.9979553222656
        ]
    ],
    "scores": [
        0.9256148934364319,
        0.24416334927082062,
        0.24416334927082062,
        0.24416334927082062,
        0.24416334927082062,
        0.24416334927082062,
        0.24416334927082062,
        0.24416334927082062,
        0.07079075276851654,
        0.06889578700065613,
        0.06877750158309937,
        0.06669639050960541,
        0.05365246906876564
    ]
}