{
    "predicted_boxes": [
        [
            82.61101531982422,
            192.6341552734375,
            100.64306640625,
            219.80552673339844
        ],
        [
            251.69512939453125,
            213.39633178710938,
            261.2400817871094,
            227.39089965820312
        ],
        [
            143.43873596191406,
            217.27145385742188,
            150.03013610839844,
            227.4492950439453
        ],
        [
            198.12989807128906,
            225.6954803466797,
            200.75970458984375,
            230.67791748046875
        ],
        [
            222.5188751220703,
            220.72767639160156,
            228.66635131835938,
            229.8253936767578
        ]
    ],
    "scores": [
        0.9967196583747864,
        0.895282506942749,
        0.24547162652015686,
        0.06500861793756485,
        0.05464640632271767
    ]
}