{
    "predicted_boxes": [
        [
            0.0,
            415.9544677734375,
            0.03469585254788399,
            416.0
        ],
        [
            128.3029327392578,
            222.24415588378906,
            133.86105346679688,
            232.65643310546875
        ],
        [
            320.81927490234375,
            139.51910400390625,
            339.1915283203125,
            155.83226013183594
        ]
    ],
    "scores": [
        0.24416334927082062,
        0.1279437243938446,
        0.06670525670051575
    ]
}