{
    "predicted_boxes": [
        [
            0.0,
            415.9557800292969,
            0.0344136506319046,
            416.0
        ]
    ],
    "scores": [
        0.24416334927082062
    ]
}