{
    "predicted_boxes": [
        [
            320.7901611328125,
            202.48951721191406,
            336.9552307128906,
            221.55609130859375
        ],
        [
            0.0,
            415.95233154296875,
            0.03389084339141846,
            416.0
        ]
    ],
    "scores": [
        0.9949894547462463,
        0.24416334927082062
    ]
}