{
    "predicted_boxes": [
        [
            0.0,
            415.9566345214844,
            0.03190728276968002,
            416.0
        ],
        [
            415.9620666503906,
            205.94349670410156,
            415.9998779296875,
            225.47596740722656
        ],
        [
            415.9760437011719,
            201.4495391845703,
            415.9999084472656,
            220.89686584472656
        ]
    ],
    "scores": [
        0.24416334927082062,
        0.24416334927082062,
        0.24416334927082062
    ]
}