{
    "predicted_boxes": [
        [
            134.15414428710938,
            210.49041748046875,
            146.0891571044922,
            226.88900756835938
        ],
        [
            0.0,
            415.9557800292969,
            0.029833367094397545,
            416.0
        ]
    ],
    "scores": [
        0.9970017075538635,
        0.24416334927082062
    ]
}