{
    "predicted_boxes": [
        [
            0.0,
            415.9579772949219,
            0.03222116455435753,
            416.0
        ],
        [
            365.83099365234375,
            415.9291687011719,
            369.1784973144531,
            416.0
        ],
        [
            238.14743041992188,
            415.9715576171875,
            241.11056518554688,
            416.0
        ],
        [
            370.0851745605469,
            415.9925231933594,
            373.4291687011719,
            416.0
        ],
        [
            368.0035095214844,
            415.9840393066406,
            371.3359069824219,
            416.0
        ],
        [
            81.14537811279297,
            415.8228454589844,
            84.17219543457031,
            415.99664306640625
        ],
        [
            349.0548095703125,
            415.8622741699219,
            352.9539794921875,
            415.99609375
        ],
        [
            361.3459167480469,
            415.7996826171875,
            365.1836242675781,
            415.9942932128906
        ],
        [
            363.4887390136719,
            415.8879699707031,
            367.18511962890625,
            415.9968566894531
        ]
    ],
    "scores": [
        0.24416334927082062,
        0.24416334927082062,
        0.24416334927082062,
        0.24416334927082062,
        0.24416334927082062,
        0.08062537014484406,
        0.0693584531545639,
        0.06671108305454254,
        0.06393697112798691
    ]
}