{
    "predicted_boxes": [
        [
            237.13841247558594,
            206.89825439453125,
            251.68109130859375,
            226.68031311035156
        ],
        [
            31.836233139038086,
            187.3749542236328,
            45.04667282104492,
            213.16407775878906
        ],
        [
            109.56912994384766,
            213.4566650390625,
            118.15509796142578,
            224.30172729492188
        ],
        [
            192.8533172607422,
            224.990234375,
            195.8423309326172,
            230.77174377441406
        ],
        [
            200.892578125,
            221.237548828125,
            207.106689453125,
            229.7669677734375
        ]
    ],
    "scores": [
        0.9957243204116821,
        0.9950418472290039,
        0.440021812915802,
        0.1047506257891655,
        0.09546571224927902
    ]
}