{
    "predicted_boxes": [
        [
            150.2928466796875,
            219.5138702392578,
            157.58595275878906,
            229.59616088867188
        ],
        [
            72.75038146972656,
            186.73675537109375,
            90.52493286132812,
            217.78939819335938
        ],
        [
            0.0,
            415.9565734863281,
            0.028756307438015938,
            416.0
        ]
    ],
    "scores": [
        0.9209222197532654,
        0.820577085018158,
        0.24416334927082062
    ]
}