{
    "predicted_boxes": [
        [
            317.6492919921875,
            197.9873046875,
            334.36383056640625,
            231.90029907226562
        ],
        [
            0.0,
            415.95428466796875,
            0.03346729651093483,
            416.0
        ]
    ],
    "scores": [
        0.99727863073349,
        0.24416334927082062
    ]
}