{
    "predicted_boxes": [
        [
            184.4315643310547,
            193.6961669921875,
            202.05137634277344,
            198.91293334960938
        ],
        [
            0.0,
            415.95745849609375,
            0.03153522312641144,
            416.0
        ],
        [
            201.2501678466797,
            193.31396484375,
            208.99192810058594,
            199.03970336914062
        ]
    ],
    "scores": [
        0.3082226514816284,
        0.24416334927082062,
        0.16746839880943298
    ]
}