{
    "predicted_boxes": [
        [
            201.459228515625,
            223.463623046875,
            207.2827911376953,
            230.32846069335938
        ],
        [
            0.0,
            415.9587707519531,
            0.031114153563976288,
            416.0
        ],
        [
            415.9696044921875,
            83.96311950683594,
            415.99993896484375,
            129.66197204589844
        ],
        [
            351.2911682128906,
            415.9723205566406,
            354.86431884765625,
            416.0
        ],
        [
            239.79600524902344,
            415.96807861328125,
            242.76068115234375,
            416.0
        ],
        [
            347.06781005859375,
            415.864990234375,
            350.9548034667969,
            415.9962158203125
        ],
        [
            69.76485443115234,
            415.7945556640625,
            73.85873413085938,
            415.99462890625
        ],
        [
            353.29840087890625,
            415.88311767578125,
            357.17987060546875,
            415.9965515136719
        ],
        [
            355.4210510253906,
            415.7919921875,
            359.3418273925781,
            415.9941101074219
        ]
    ],
    "scores": [
        0.31706997752189636,
        0.24416334927082062,
        0.24416334927082062,
        0.24416334927082062,
        0.24416334927082062,
        0.06867872178554535,
        0.06866893172264099,
        0.06772542744874954,
        0.06768403947353363
    ]
}