{
    "predicted_boxes": [
        [
            0.0,
            415.95428466796875,
            0.031163414940238,
            416.0
        ],
        [
            86.45792388916016,
            415.9707946777344,
            89.54672241210938,
            416.0
        ],
        [
            83.91404724121094,
            415.9372253417969,
            86.78755187988281,
            416.0
        ],
        [
            365.8344421386719,
            415.95526123046875,
            369.2078857421875,
            416.0
        ],
        [
            65.86094665527344,
            415.94866943359375,
            69.62104034423828,
            416.0
        ],
        [
            349.1336669921875,
            415.8200378417969,
            353.0016174316406,
            415.9950256347656
        ],
        [
            361.4528503417969,
            415.8267822265625,
            365.28399658203125,
            415.99517822265625
        ],
        [
            363.521728515625,
            415.9053649902344,
            367.2481689453125,
            415.9973449707031
        ]
    ],
    "scores": [
        0.24416334927082062,
        0.24416334927082062,
        0.24416334927082062,
        0.24416334927082062,
        0.24416334927082062,
        0.0691014975309372,
        0.06625138223171234,
        0.06389680504798889
    ]
}