{
    "predicted_boxes": [
        [
            65.68721008300781,
            192.9814910888672,
            80.64347839355469,
            218.7117462158203
        ],
        [
            0.0,
            415.9504089355469,
            0.031361449509859085,
            416.0
        ],
        [
            83.9067611694336,
            415.9590759277344,
            86.8314437866211,
            416.0
        ],
        [
            69.88412475585938,
            415.9838562011719,
            73.74097442626953,
            416.0
        ],
        [
            365.79779052734375,
            415.9645080566406,
            369.1287841796875,
            416.0
        ],
        [
            86.33333587646484,
            415.8834533691406,
            89.62332153320312,
            415.99688720703125
        ],
        [
            363.4654541015625,
            415.8934020996094,
            367.1510925292969,
            415.99700927734375
        ]
    ],
    "scores": [
        0.9961155652999878,
        0.24416334927082062,
        0.24416334927082062,
        0.24416334927082062,
        0.24416334927082062,
        0.09580794721841812,
        0.06392792612314224
    ]
}