{
    "predicted_boxes": [
        [
            156.13966369628906,
            214.71607971191406,
            166.63751220703125,
            228.2830810546875
        ],
        [
            187.80535888671875,
            226.0180206298828,
            189.91146850585938,
            229.75631713867188
        ],
        [
            186.85488891601562,
            226.2770538330078,
            189.18162536621094,
            229.86849975585938
        ],
        [
            209.34373474121094,
            226.93589782714844,
            211.43394470214844,
            231.1018829345703
        ],
        [
            187.37059020996094,
            225.3540496826172,
            189.39349365234375,
            228.62464904785156
        ],
        [
            208.67495727539062,
            226.71531677246094,
            210.67074584960938,
            230.2598114013672
        ]
    ],
    "scores": [
        0.9883098602294922,
        0.26997989416122437,
        0.17834870517253876,
        0.13732431828975677,
        0.05903381109237671,
        0.05499454215168953
    ]
}