{
    "predicted_boxes": [
        [
            0.0,
            415.9532470703125,
            0.03288036957383156,
            416.0
        ],
        [
            47.01898193359375,
            182.92279052734375,
            51.81986999511719,
            201.892333984375
        ]
    ],
    "scores": [
        0.24416334927082062,
        0.057982005178928375
    ]
}