{
    "predicted_boxes": [
        [
            141.04344177246094,
            177.9622802734375,
            151.5569610595703,
            209.10044860839844
        ],
        [
            0.0,
            415.9615478515625,
            0.026043983176350594,
            416.0
        ],
        [
            75.43728637695312,
            415.8543701171875,
            79.03439331054688,
            415.9969482421875
        ],
        [
            210.55531311035156,
            177.9764404296875,
            220.91796875,
            209.30230712890625
        ]
    ],
    "scores": [
        0.4555796980857849,
        0.24416334927082062,
        0.07487791776657104,
        0.058092158287763596
    ]
}