{
    "predicted_boxes": [
        [
            321.7037658691406,
            172.16250610351562,
            330.84210205078125,
            198.49388122558594
        ],
        [
            0.0,
            415.9474792480469,
            0.03372102230787277,
            416.0
        ],
        [
            415.9790954589844,
            210.40414428710938,
            415.9999084472656,
            229.58660888671875
        ],
        [
            415.95465087890625,
            214.22947692871094,
            415.9999084472656,
            233.26219177246094
        ],
        [
            86.41304779052734,
            415.9394226074219,
            89.62342071533203,
            416.0
        ],
        [
            66.961669921875,
            211.53228759765625,
            72.01005554199219,
            222.0331268310547
        ]
    ],
    "scores": [
        0.6550427079200745,
        0.24416334927082062,
        0.24416334927082062,
        0.24416334927082062,
        0.24416334927082062,
        0.0504181906580925
    ]
}