{
    "predicted_boxes": [
        [
            113.21123504638672,
            202.79507446289062,
            127.87797546386719,
            223.8227996826172
        ],
        [
            152.6973876953125,
            221.84877014160156,
            158.69357299804688,
            229.16371154785156
        ],
        [
            0.0,
            415.9565734863281,
            0.030348749831318855,
            416.0
        ],
        [
            154.2379913330078,
            225.2134552001953,
            157.87881469726562,
            229.06336975097656
        ],
        [
            154.9310302734375,
            227.34591674804688,
            158.0575408935547,
            230.12359619140625
        ],
        [
            156.0657501220703,
            222.20211791992188,
            158.7306671142578,
            228.76275634765625
        ],
        [
            154.8701171875,
            228.2595672607422,
            157.82260131835938,
            231.0780487060547
        ]
    ],
    "scores": [
        0.9954612851142883,
        0.9141695499420166,
        0.24416334927082062,
        0.1550527960062027,
        0.12374229729175568,
        0.08592737466096878,
        0.06042031571269035
    ]
}