{
    "predicted_boxes": [
        [
            319.7460632324219,
            203.03370666503906,
            329.7892761230469,
            221.9332275390625
        ],
        [
            0.0,
            415.95684814453125,
            0.029660332947969437,
            416.0
        ],
        [
            81.32762145996094,
            415.8121337890625,
            84.33319091796875,
            415.996337890625
        ]
    ],
    "scores": [
        0.9911295175552368,
        0.24416334927082062,
        0.08209200203418732
    ]
}