{
    "predicted_boxes": [
        [
            310.38037109375,
            200.8962860107422,
            324.6677551269531,
            220.96246337890625
        ],
        [
            210.08656311035156,
            221.30743408203125,
            216.12844848632812,
            229.3232879638672
        ],
        [
            290.1725769042969,
            213.69766235351562,
            299.8845520019531,
            226.4004669189453
        ],
        [
            0.0,
            415.95953369140625,
            0.02868996560573578,
            416.0
        ]
    ],
    "scores": [
        0.9740721583366394,
        0.973578691482544,
        0.9425508379936218,
        0.24416334927082062
    ]
}