{
    "predicted_boxes": [
        [
            0.0,
            415.953369140625,
            0.03227711096405983,
            416.0
        ]
    ],
    "scores": [
        0.24416334927082062
    ]
}