{
    "predicted_boxes": [
        [
            0.0,
            415.9548034667969,
            0.03273778781294823,
            416.0
        ],
        [
            238.15765380859375,
            415.9318542480469,
            241.48858642578125,
            416.0
        ],
        [
            363.5652770996094,
            415.93927001953125,
            366.9573974609375,
            416.0
        ],
        [
            81.10645294189453,
            415.8887634277344,
            84.15782165527344,
            415.9978332519531
        ],
        [
            348.9775390625,
            415.85943603515625,
            352.8472595214844,
            415.9960632324219
        ]
    ],
    "scores": [
        0.24416334927082062,
        0.24416334927082062,
        0.24416334927082062,
        0.08177459985017776,
        0.06910458952188492
    ]
}