{
    "predicted_boxes": [
        [
            153.13812255859375,
            218.44044494628906,
            160.63876342773438,
            227.83685302734375
        ],
        [
            415.9613342285156,
            210.34657287597656,
            415.9999084472656,
            229.3662872314453
        ]
    ],
    "scores": [
        0.9939454197883606,
        0.24416334927082062
    ]
}