{
    "predicted_boxes": [
        [
            112.17279052734375,
            201.90257263183594,
            127.71117401123047,
            222.93966674804688
        ],
        [
            0.0,
            415.9620361328125,
            0.026871763169765472,
            416.0
        ],
        [
            163.69500732421875,
            222.58079528808594,
            167.6480712890625,
            229.85520935058594
        ],
        [
            157.88548278808594,
            224.2959442138672,
            160.4839324951172,
            230.00286865234375
        ]
    ],
    "scores": [
        0.9971925616264343,
        0.24416334927082062,
        0.19876989722251892,
        0.11961717903614044
    ]
}