{
    "predicted_boxes": [
        [
            0.0,
            415.95672607421875,
            0.032266464084386826,
            416.0
        ]
    ],
    "scores": [
        0.24416334927082062
    ]
}