{
    "predicted_boxes": [
        [
            247.7211151123047,
            221.7310028076172,
            257.5472106933594,
            228.41778564453125
        ],
        [
            415.9663391113281,
            201.50436401367188,
            415.9999084472656,
            220.8437957763672
        ]
    ],
    "scores": [
        0.29811444878578186,
        0.24416334927082062
    ]
}