{
    "predicted_boxes": [
        [
            0.0,
            415.94970703125,
            0.03181816264986992,
            416.0
        ],
        [
            246.8838348388672,
            223.69371032714844,
            249.84307861328125,
            229.25111389160156
        ]
    ],
    "scores": [
        0.24416334927082062,
        0.12616096436977386
    ]
}