{
    "predicted_boxes": [
        [
            321.20770263671875,
            188.74075317382812,
            339.84552001953125,
            218.76260375976562
        ],
        [
            273.5581359863281,
            211.88339233398438,
            285.805419921875,
            226.33094787597656
        ],
        [
            173.57887268066406,
            218.754638671875,
            180.80003356933594,
            229.0193328857422
        ],
        [
            0.0,
            415.9560546875,
            0.03163176402449608,
            416.0
        ]
    ],
    "scores": [
        0.9963281750679016,
        0.9961169958114624,
        0.9176347851753235,
        0.24416334927082062
    ]
}