{
    "predicted_boxes": [
        [
            119.87126159667969,
            203.13299560546875,
            134.24520874023438,
            223.26394653320312
        ]
    ],
    "scores": [
        0.9832369685173035
    ]
}