{
    "predicted_boxes": [
        [
            104.15347290039062,
            204.26058959960938,
            115.29641723632812,
            222.9364013671875
        ],
        [
            0.0,
            415.9567565917969,
            0.03370444104075432,
            416.0
        ]
    ],
    "scores": [
        0.9852730631828308,
        0.24416334927082062
    ]
}