{
    "predicted_boxes": [
        [
            73.31924438476562,
            191.66757202148438,
            84.31668090820312,
            218.27688598632812
        ],
        [
            185.5270233154297,
            224.92063903808594,
            191.05174255371094,
            232.71139526367188
        ],
        [
            0.0,
            415.9538879394531,
            0.03166443854570389,
            416.0
        ],
        [
            196.4875946044922,
            225.16128540039062,
            198.54769897460938,
            229.4241943359375
        ]
    ],
    "scores": [
        0.9977847933769226,
        0.2877647578716278,
        0.24416334927082062,
        0.12520156800746918
    ]
}