{
    "predicted_boxes": [
        [
            0.0,
            415.95562744140625,
            0.03228354454040527,
            416.0
        ],
        [
            363.5867004394531,
            415.9309997558594,
            366.99346923828125,
            416.0
        ],
        [
            365.7944030761719,
            415.99346923828125,
            369.1314392089844,
            416.0
        ],
        [
            81.10130310058594,
            415.9121398925781,
            84.13636779785156,
            415.9982604980469
        ],
        [
            348.9282531738281,
            415.86590576171875,
            352.7786560058594,
            415.99627685546875
        ],
        [
            361.3074035644531,
            415.8288879394531,
            365.1343994140625,
            415.99517822265625
        ]
    ],
    "scores": [
        0.24416334927082062,
        0.24416334927082062,
        0.24416334927082062,
        0.08146077394485474,
        0.06890818476676941,
        0.0667055994272232
    ]
}