{
    "predicted_boxes": [
        [
            0.0,
            415.95263671875,
            0.033557649701833725,
            416.0
        ]
    ],
    "scores": [
        0.24416334927082062
    ]
}