{
    "predicted_boxes": [
        [
            232.3574981689453,
            190.81275939941406,
            240.5554656982422,
            210.80905151367188
        ],
        [
            25.74637794494629,
            202.38465881347656,
            34.454776763916016,
            224.1211395263672
        ],
        [
            0.0,
            415.9564514160156,
            0.03461960703134537,
            416.0
        ],
        [
            25.52166748046875,
            214.50411987304688,
            33.5556640625,
            225.22169494628906
        ]
    ],
    "scores": [
        0.7856971025466919,
        0.460330069065094,
        0.24416334927082062,
        0.08029083162546158
    ]
}