{
    "predicted_boxes": [
        [
            0.0,
            415.95770263671875,
            0.033207375556230545,
            416.0
        ]
    ],
    "scores": [
        0.24416334927082062
    ]
}