{
    "predicted_boxes": [
        [
            0.0,
            415.9552917480469,
            0.030063582584261894,
            416.0
        ],
        [
            347.2534484863281,
            415.9735412597656,
            350.7635803222656,
            416.0
        ],
        [
            353.4951477050781,
            415.9723815917969,
            357.0048522949219,
            416.0
        ],
        [
            68.18238067626953,
            415.9787292480469,
            71.9192123413086,
            416.0
        ],
        [
            361.5953063964844,
            415.9932556152344,
            365.0771179199219,
            416.0
        ],
        [
            355.4619445800781,
            415.8858947753906,
            359.3020935058594,
            415.9967041015625
        ],
        [
            139.5773162841797,
            415.8546447753906,
            143.5388641357422,
            415.99774169921875
        ],
        [
            359.213623046875,
            415.8372497558594,
            363.10601806640625,
            415.9953918457031
        ]
    ],
    "scores": [
        0.24416334927082062,
        0.24416334927082062,
        0.24416334927082062,
        0.24416334927082062,
        0.24416334927082062,
        0.06678138673305511,
        0.06660748273134232,
        0.06626089662313461
    ]
}