{
    "predicted_boxes": [
        [
            291.5738220214844,
            198.4853515625,
            299.80914306640625,
            223.25120544433594
        ],
        [
            306.1310729980469,
            220.77886962890625,
            310.7461853027344,
            231.01699829101562
        ],
        [
            0.0,
            415.9542541503906,
            0.03067699261009693,
            416.0
        ]
    ],
    "scores": [
        0.9929948449134827,
        0.40851256251335144,
        0.24416334927082062
    ]
}