{
    "predicted_boxes": [
        [
            99.56857299804688,
            202.72792053222656,
            113.41481018066406,
            222.62477111816406
        ],
        [
            0.0,
            415.9510803222656,
            0.03128594905138016,
            416.0
        ],
        [
            86.4767074584961,
            415.9875183105469,
            89.59589385986328,
            416.0
        ],
        [
            353.5775451660156,
            415.95733642578125,
            357.1223449707031,
            416.0
        ],
        [
            347.1209716796875,
            415.91888427734375,
            350.99957275390625,
            415.99774169921875
        ],
        [
            357.51055908203125,
            415.8308410644531,
            361.44317626953125,
            415.9953308105469
        ]
    ],
    "scores": [
        0.9886683821678162,
        0.24416334927082062,
        0.24416334927082062,
        0.24416334927082062,
        0.06829620897769928,
        0.06577568501234055
    ]
}