{
    "predicted_boxes": [
        [
            165.67262268066406,
            205.73777770996094,
            180.72116088867188,
            226.19259643554688
        ],
        [
            235.44912719726562,
            223.13143920898438,
            239.9466094970703,
            229.9382781982422
        ]
    ],
    "scores": [
        0.9972493052482605,
        0.08550279587507248
    ]
}