{
    "predicted_boxes": [
        [
            0.0,
            415.9631042480469,
            0.025859562680125237,
            416.0
        ],
        [
            81.13846588134766,
            415.9877014160156,
            83.92748260498047,
            416.0
        ],
        [
            209.3444061279297,
            192.40098571777344,
            217.53005981445312,
            215.43968200683594
        ],
        [
            69.85604858398438,
            415.809326171875,
            73.8604507446289,
            415.9952697753906
        ]
    ],
    "scores": [
        0.24416334927082062,
        0.24416334927082062,
        0.0868639200925827,
        0.06922952830791473
    ]
}