{
    "predicted_boxes": [
        [
            254.38064575195312,
            214.13473510742188,
            264.06939697265625,
            227.10403442382812
        ],
        [
            0.0,
            415.9592590332031,
            0.02990144118666649,
            416.0
        ]
    ],
    "scores": [
        0.9784197807312012,
        0.24416334927082062
    ]
}