{
    "predicted_boxes": [
        [
            154.1103973388672,
            216.2366180419922,
            161.95257568359375,
            227.7934112548828
        ],
        [
            0.0,
            415.958740234375,
            0.028178544715046883,
            416.0
        ]
    ],
    "scores": [
        0.9787896275520325,
        0.24416334927082062
    ]
}