{
    "predicted_boxes": [
        [
            0.0,
            415.9593505859375,
            0.03082650899887085,
            416.0
        ],
        [
            100.25199127197266,
            132.77838134765625,
            108.72859954833984,
            145.01043701171875
        ],
        [
            327.31207275390625,
            415.899169921875,
            330.67852783203125,
            415.996826171875
        ],
        [
            78.05342864990234,
            415.7862243652344,
            81.34070587158203,
            415.99603271484375
        ],
        [
            69.96076965332031,
            415.84515380859375,
            73.82621002197266,
            415.9961242675781
        ]
    ],
    "scores": [
        0.24416334927082062,
        0.15567266941070557,
        0.10083995759487152,
        0.07644204795360565,
        0.06952600926160812
    ]
}