{
    "predicted_boxes": [
        [
            0.0,
            415.95355224609375,
            0.03261030092835426,
            416.0
        ]
    ],
    "scores": [
        0.24416334927082062
    ]
}