{
    "predicted_boxes": [
        [
            183.5746307373047,
            221.044921875,
            190.0785675048828,
            229.06207275390625
        ],
        [
            0.0,
            415.95477294921875,
            0.03248529136180878,
            416.0
        ]
    ],
    "scores": [
        0.9181974530220032,
        0.24416334927082062
    ]
}