{
    "predicted_boxes": [
        [
            0.0,
            415.953125,
            0.02971925027668476,
            416.0
        ]
    ],
    "scores": [
        0.24416334927082062
    ]
}