{
    "predicted_boxes": [
        [
            98.44413757324219,
            201.41049194335938,
            109.90689849853516,
            221.91909790039062
        ],
        [
            0.0,
            415.95263671875,
            0.03481219708919525,
            416.0
        ]
    ],
    "scores": [
        0.9936966300010681,
        0.24416334927082062
    ]
}