{
    "predicted_boxes": [
        [
            172.77723693847656,
            224.8212890625,
            177.0597686767578,
            233.245849609375
        ],
        [
            0.0,
            415.95184326171875,
            0.03216596320271492,
            416.0
        ]
    ],
    "scores": [
        0.6660944819450378,
        0.24416334927082062
    ]
}