{
    "predicted_boxes": [
        [
            0.0,
            415.963623046875,
            0.02487805485725403,
            416.0
        ],
        [
            327.437744140625,
            415.97021484375,
            330.5143737792969,
            416.0
        ],
        [
            107.59303283691406,
            148.85589599609375,
            121.86305236816406,
            196.73118591308594
        ],
        [
            210.8453826904297,
            143.33229064941406,
            230.22991943359375,
            197.5645751953125
        ],
        [
            75.5861587524414,
            415.90057373046875,
            79.14685821533203,
            415.9979553222656
        ]
    ],
    "scores": [
        0.24416334927082062,
        0.24416334927082062,
        0.11172870546579361,
        0.07523797452449799,
        0.0744156762957573
    ]
}