{
    "predicted_boxes": [
        [
            245.5977020263672,
            200.89944458007812,
            267.43463134765625,
            226.2186279296875
        ],
        [
            89.27528381347656,
            208.21072387695312,
            99.84590911865234,
            223.15707397460938
        ],
        [
            0.0,
            415.9623107910156,
            0.031660232692956924,
            416.0
        ],
        [
            415.97869873046875,
            265.1033935546875,
            415.99993896484375,
            309.3174743652344
        ]
    ],
    "scores": [
        0.9959805011749268,
        0.992664098739624,
        0.24416334927082062,
        0.24416334927082062
    ]
}