{
    "predicted_boxes": [
        [
            163.2112579345703,
            214.75466918945312,
            173.18270874023438,
            228.65264892578125
        ],
        [
            180.736083984375,
            222.56036376953125,
            184.4252471923828,
            229.86752319335938
        ]
    ],
    "scores": [
        0.950958788394928,
        0.05649697035551071
    ]
}