{
    "predicted_boxes": [
        [
            219.9565887451172,
            220.61703491210938,
            226.12051391601562,
            229.09718322753906
        ],
        [
            0.0,
            415.95465087890625,
            0.031351298093795776,
            416.0
        ],
        [
            71.25108337402344,
            214.1783447265625,
            75.77558135986328,
            222.07923889160156
        ]
    ],
    "scores": [
        0.617256760597229,
        0.24416334927082062,
        0.07145380973815918
    ]
}