{
    "predicted_boxes": [
        [
            337.2574462890625,
            181.11561584472656,
            351.6981506347656,
            216.52777099609375
        ],
        [
            0.0,
            415.9550476074219,
            0.031513191759586334,
            416.0
        ],
        [
            267.16094970703125,
            218.99098205566406,
            272.6736755371094,
            231.6572723388672
        ],
        [
            338.680419921875,
            187.07774353027344,
            348.2308654785156,
            211.44956970214844
        ]
    ],
    "scores": [
        0.9974032044410706,
        0.24416334927082062,
        0.19090792536735535,
        0.06483960896730423
    ]
}