{
    "predicted_boxes": [
        [
            136.00892639160156,
            210.7255096435547,
            147.98486328125,
            226.69253540039062
        ],
        [
            157.6095733642578,
            224.16397094726562,
            160.84646606445312,
            229.99188232421875
        ],
        [
            164.81761169433594,
            223.31639099121094,
            169.2564697265625,
            229.7639617919922
        ],
        [
            158.18679809570312,
            226.35313415527344,
            160.0516357421875,
            230.65118408203125
        ],
        [
            158.76512145996094,
            225.32675170898438,
            160.82528686523438,
            229.84024047851562
        ]
    ],
    "scores": [
        0.9949272871017456,
        0.6247149705886841,
        0.5000898241996765,
        0.10920818150043488,
        0.09361835569143295
    ]
}