{
    "predicted_boxes": [
        [
            162.93896484375,
            217.10366821289062,
            170.83056640625,
            227.57168579101562
        ],
        [
            0.0,
            415.961181640625,
            0.026919787749648094,
            416.0
        ]
    ],
    "scores": [
        0.7466238141059875,
        0.24416334927082062
    ]
}