{
    "predicted_boxes": [
        [
            0.0,
            415.9565734863281,
            0.034293342381715775,
            416.0
        ],
        [
            134.8617706298828,
            98.52632141113281,
            142.39329528808594,
            111.33346557617188
        ],
        [
            233.85069274902344,
            224.321044921875,
            236.09605407714844,
            229.4716796875
        ]
    ],
    "scores": [
        0.24416334927082062,
        0.11980963498353958,
        0.07009711861610413
    ]
}