{
    "predicted_boxes": [
        [
            163.76527404785156,
            225.23272705078125,
            166.3321075439453,
            229.92208862304688
        ],
        [
            163.4288330078125,
            225.09056091308594,
            165.51657104492188,
            229.0345458984375
        ]
    ],
    "scores": [
        0.5195732116699219,
        0.14697425067424774
    ]
}