{
    "predicted_boxes": [
        [
            314.44195556640625,
            163.47816467285156,
            341.4388732910156,
            214.9606170654297
        ],
        [
            104.8826904296875,
            209.26138305664062,
            114.93690490722656,
            223.847412109375
        ],
        [
            227.90896606445312,
            217.3650360107422,
            235.8977508544922,
            228.65057373046875
        ],
        [
            317.40960693359375,
            169.58099365234375,
            337.5850830078125,
            203.9237518310547
        ]
    ],
    "scores": [
        0.9988641738891602,
        0.9714208841323853,
        0.9665297269821167,
        0.1549585461616516
    ]
}