{
    "predicted_boxes": [
        [
            239.19960021972656,
            209.9497833251953,
            252.63668823242188,
            227.22442626953125
        ],
        [
            45.83416748046875,
            192.92774963378906,
            56.19962692260742,
            215.48443603515625
        ],
        [
            153.22967529296875,
            223.12013244628906,
            158.0123748779297,
            229.7864990234375
        ]
    ],
    "scores": [
        0.99552321434021,
        0.7938202619552612,
        0.0526965968310833
    ]
}