{
    "predicted_boxes": [
        [
            334.25531005859375,
            193.55015563964844,
            349.42950439453125,
            230.25341796875
        ],
        [
            0.0,
            415.9530944824219,
            0.034102488309144974,
            416.0
        ]
    ],
    "scores": [
        0.9983136653900146,
        0.24416334927082062
    ]
}