{
    "predicted_boxes": [
        [
            211.03103637695312,
            110.6421890258789,
            240.60354614257812,
            180.63461303710938
        ],
        [
            79.38683319091797,
            129.75482177734375,
            96.52297973632812,
            185.69305419921875
        ],
        [
            0.0,
            415.9605712890625,
            0.030257901176810265,
            416.0
        ],
        [
            208.6125030517578,
            212.1020050048828,
            212.18405151367188,
            224.4076385498047
        ],
        [
            183.93853759765625,
            212.32199096679688,
            187.69708251953125,
            224.16531372070312
        ]
    ],
    "scores": [
        0.8763275742530823,
        0.2525329291820526,
        0.24416334927082062,
        0.18690302968025208,
        0.09504614025354385
    ]
}