{
    "predicted_boxes": [
        [
            0.0,
            415.95172119140625,
            0.03415200114250183,
            416.0
        ],
        [
            64.12068176269531,
            191.0988311767578,
            68.9848403930664,
            207.77691650390625
        ]
    ],
    "scores": [
        0.24416334927082062,
        0.05342044681310654
    ]
}