{
    "predicted_boxes": [
        [
            89.94219207763672,
            217.3741455078125,
            96.35308837890625,
            230.7991180419922
        ],
        [
            367.48846435546875,
            206.21914672851562,
            374.3092041015625,
            217.3200225830078
        ],
        [
            149.48492431640625,
            224.52259826660156,
            152.56959533691406,
            229.85931396484375
        ],
        [
            96.89801788330078,
            226.16067504882812,
            101.68695831298828,
            231.13536071777344
        ],
        [
            170.29039001464844,
            229.9304962158203,
            180.41978454589844,
            249.3975830078125
        ],
        [
            173.7988739013672,
            221.6595916748047,
            176.99827575683594,
            228.60983276367188
        ]
    ],
    "scores": [
        0.8226605653762817,
        0.7778300642967224,
        0.7128646373748779,
        0.0789022371172905,
        0.06105303764343262,
        0.05962022393941879
    ]
}