{
    "predicted_boxes": [
        [
            141.123291015625,
            209.83560180664062,
            152.87289428710938,
            226.5867919921875
        ],
        [
            0.0,
            415.9635009765625,
            0.026855427771806717,
            416.0
        ]
    ],
    "scores": [
        0.9968801736831665,
        0.24416334927082062
    ]
}