{
    "predicted_boxes": [
        [
            0.0,
            415.9623107910156,
            0.02854960970580578,
            416.0
        ],
        [
            189.26321411132812,
            207.87335205078125,
            193.54367065429688,
            219.53851318359375
        ]
    ],
    "scores": [
        0.24416334927082062,
        0.06469781696796417
    ]
}