{
    "predicted_boxes": [
        [
            270.85986328125,
            197.55429077148438,
            276.7221374511719,
            213.61062622070312
        ],
        [
            0.0,
            415.94586181640625,
            0.034518610686063766,
            416.0
        ],
        [
            98.45344543457031,
            217.9952392578125,
            103.85443115234375,
            225.4811553955078
        ]
    ],
    "scores": [
        0.404183954000473,
        0.24416334927082062,
        0.11442586034536362
    ]
}