{
    "predicted_boxes": [
        [
            139.7290802001953,
            213.0567169189453,
            149.3463134765625,
            226.72003173828125
        ],
        [
            415.9654541015625,
            206.10955810546875,
            415.9999084472656,
            225.42279052734375
        ],
        [
            151.42555236816406,
            225.59217834472656,
            157.8057403564453,
            233.11724853515625
        ],
        [
            143.78004455566406,
            225.58615112304688,
            150.47482299804688,
            231.89541625976562
        ]
    ],
    "scores": [
        0.9971476197242737,
        0.24416334927082062,
        0.12632127106189728,
        0.11618693917989731
    ]
}