{
    "predicted_boxes": [
        [
            377.4416198730469,
            178.50985717773438,
            388.4512634277344,
            228.8001251220703
        ],
        [
            163.30889892578125,
            220.22763061523438,
            169.0642547607422,
            228.79844665527344
        ],
        [
            0.0,
            415.9595947265625,
            0.03382078558206558,
            416.0
        ]
    ],
    "scores": [
        0.9902575016021729,
        0.9753835797309875,
        0.24416334927082062
    ]
}