{
    "predicted_boxes": [
        [
            271.4778747558594,
            212.66290283203125,
            285.1070556640625,
            233.093017578125
        ],
        [
            0.0,
            415.9577941894531,
            0.03242340683937073,
            416.0
        ]
    ],
    "scores": [
        0.9972758889198303,
        0.24416334927082062
    ]
}