{
    "predicted_boxes": [
        [
            65.6852035522461,
            193.0131378173828,
            80.62660217285156,
            218.6500244140625
        ],
        [
            0.0,
            415.9508056640625,
            0.03142061084508896,
            416.0
        ],
        [
            83.90892791748047,
            415.9727783203125,
            86.83421325683594,
            416.0
        ],
        [
            69.88125610351562,
            415.9786071777344,
            73.74076080322266,
            416.0
        ],
        [
            365.8094177246094,
            415.97662353515625,
            369.1446533203125,
            416.0
        ],
        [
            86.33910369873047,
            415.89202880859375,
            89.62896728515625,
            415.9970397949219
        ],
        [
            348.9272155761719,
            415.8387756347656,
            352.8320617675781,
            415.9953918457031
        ],
        [
            351.11407470703125,
            415.8115234375,
            355.00018310546875,
            415.9945373535156
        ],
        [
            361.37811279296875,
            415.799560546875,
            365.201171875,
            415.9942932128906
        ],
        [
            363.4823913574219,
            415.91497802734375,
            367.1737365722656,
            415.99755859375
        ]
    ],
    "scores": [
        0.9953476786613464,
        0.24416334927082062,
        0.24416334927082062,
        0.24416334927082062,
        0.24416334927082062,
        0.09576914459466934,
        0.06938101351261139,
        0.0684162899851799,
        0.06635814905166626,
        0.06388753652572632
    ]
}