{
    "predicted_boxes": [
        [
            31.5795841217041,
            203.5357208251953,
            37.92046356201172,
            216.17849731445312
        ],
        [
            0.0,
            415.9598388671875,
            0.02751884050667286,
            416.0
        ],
        [
            81.15982818603516,
            415.8089599609375,
            84.18253326416016,
            415.99615478515625
        ]
    ],
    "scores": [
        0.4345598518848419,
        0.24416334927082062,
        0.0809992104768753
    ]
}