{
    "predicted_boxes": [
        [
            0.0,
            415.95751953125,
            0.03246771916747093,
            416.0
        ],
        [
            415.9861145019531,
            0.0,
            415.99993896484375,
            65.48918151855469
        ],
        [
            370.0799560546875,
            415.9810485839844,
            373.4385070800781,
            416.0
        ],
        [
            367.9971923828125,
            415.9742431640625,
            371.34393310546875,
            416.0
        ],
        [
            81.15696716308594,
            415.7966613769531,
            84.17730712890625,
            415.9961853027344
        ],
        [
            349.076171875,
            415.8626708984375,
            352.9769287109375,
            415.9961242675781
        ],
        [
            141.8013153076172,
            415.89447021484375,
            145.76727294921875,
            415.998291015625
        ],
        [
            361.39208984375,
            415.7912292480469,
            365.2346496582031,
            415.9941101074219
        ],
        [
            363.4930419921875,
            415.8765563964844,
            367.2072448730469,
            415.99652099609375
        ],
        [
            365.6847839355469,
            415.9216613769531,
            369.332275390625,
            415.9978332519531
        ],
        [
            245.7185821533203,
            415.83160400390625,
            249.14654541015625,
            415.99822998046875
        ],
        [
            243.7206573486328,
            415.8644714355469,
            247.10089111328125,
            415.9980773925781
        ]
    ],
    "scores": [
        0.24416334927082062,
        0.24416334927082062,
        0.24416334927082062,
        0.24416334927082062,
        0.08042099326848984,
        0.06939507275819778,
        0.0685776099562645,
        0.06684277951717377,
        0.06415317952632904,
        0.062110234051942825,
        0.05241462215781212,
        0.050857365131378174
    ]
}