{
    "predicted_boxes": [
        [
            284.8720397949219,
            208.5686492919922,
            299.9114074707031,
            232.69888305664062
        ],
        [
            0.0,
            415.9577331542969,
            0.03229740634560585,
            416.0
        ],
        [
            415.9481201171875,
            201.84439086914062,
            415.9999084472656,
            221.1201171875
        ]
    ],
    "scores": [
        0.9951146841049194,
        0.24416334927082062,
        0.24416334927082062
    ]
}