{
    "predicted_boxes": [
        [
            0.0,
            415.96209716796875,
            0.029988575726747513,
            416.0
        ],
        [
            69.93431091308594,
            415.97247314453125,
            73.6574935913086,
            416.0
        ],
        [
            81.07815551757812,
            415.891845703125,
            84.06709289550781,
            415.99774169921875
        ]
    ],
    "scores": [
        0.24416334927082062,
        0.24416334927082062,
        0.08061337471008301
    ]
}