{
    "predicted_boxes": [
        [
            208.6331024169922,
            215.9017333984375,
            211.7434539794922,
            225.6524658203125
        ],
        [
            187.6977996826172,
            215.3753662109375,
            190.91163635253906,
            225.09454345703125
        ],
        [
            139.18182373046875,
            178.2908477783203,
            149.39561462402344,
            209.61297607421875
        ],
        [
            0.0,
            415.95867919921875,
            0.028128044679760933,
            416.0
        ],
        [
            210.0635223388672,
            177.0598602294922,
            221.62716674804688,
            209.83709716796875
        ]
    ],
    "scores": [
        0.586442232131958,
        0.5777090191841125,
        0.5351136922836304,
        0.24416334927082062,
        0.2376859486103058
    ]
}