{
    "predicted_boxes": [
        [
            268.6000671386719,
            218.39419555664062,
            275.1679992675781,
            228.0404815673828
        ],
        [
            279.8586730957031,
            220.94744873046875,
            282.9452209472656,
            227.6342315673828
        ],
        [
            0.0,
            415.94793701171875,
            0.031239906325936317,
            416.0
        ],
        [
            415.9510803222656,
            197.3670196533203,
            415.9998779296875,
            216.66741943359375
        ],
        [
            240.8158416748047,
            224.21473693847656,
            244.47288513183594,
            229.74871826171875
        ],
        [
            281.3447570800781,
            221.1503448486328,
            283.9466552734375,
            227.37232971191406
        ],
        [
            280.9303283691406,
            222.2792510986328,
            283.2685546875,
            228.1650848388672
        ]
    ],
    "scores": [
        0.9875904321670532,
        0.5420734882354736,
        0.24416334927082062,
        0.24416334927082062,
        0.18360526859760284,
        0.08465548604726791,
        0.06700773537158966
    ]
}