{
    "predicted_boxes": [
        [
            160.49998474121094,
            219.58743286132812,
            166.5662841796875,
            228.20008850097656
        ],
        [
            0.0,
            415.95166015625,
            0.03394084423780441,
            416.0
        ],
        [
            415.96044921875,
            205.64564514160156,
            415.9999084472656,
            225.1084747314453
        ]
    ],
    "scores": [
        0.9545819163322449,
        0.24416334927082062,
        0.24416334927082062
    ]
}