{
    "predicted_boxes": [
        [
            0.0,
            415.9505615234375,
            0.03331580013036728,
            416.0
        ],
        [
            42.87419891357422,
            206.6363983154297,
            48.64402770996094,
            217.8878173828125
        ]
    ],
    "scores": [
        0.24416334927082062,
        0.09889359027147293
    ]
}