{
    "predicted_boxes": [
        [
            327.4006042480469,
            194.23236083984375,
            341.3338928222656,
            219.10250854492188
        ],
        [
            31.972091674804688,
            205.06236267089844,
            38.022178649902344,
            216.0654754638672
        ],
        [
            0.0,
            415.95416259765625,
            0.029427150264382362,
            416.0
        ],
        [
            32.07582473754883,
            205.70489501953125,
            35.790069580078125,
            214.60853576660156
        ]
    ],
    "scores": [
        0.9972635507583618,
        0.9915831685066223,
        0.24416334927082062,
        0.18335005640983582
    ]
}