{
    "predicted_boxes": [
        [
            0.0,
            415.95367431640625,
            0.031623102724552155,
            416.0
        ],
        [
            193.96908569335938,
            224.7208251953125,
            200.0963134765625,
            233.2683868408203
        ]
    ],
    "scores": [
        0.24416334927082062,
        0.08012139797210693
    ]
}