{
    "predicted_boxes": [
        [
            198.3639373779297,
            225.8372039794922,
            204.0301971435547,
            233.5369110107422
        ],
        [
            0.0,
            415.95465087890625,
            0.03385692834854126,
            416.0
        ]
    ],
    "scores": [
        0.34315311908721924,
        0.24416334927082062
    ]
}