{
    "predicted_boxes": [
        [
            0.0,
            415.9551696777344,
            0.03049083985388279,
            416.0
        ],
        [
            77.43254089355469,
            198.42259216308594,
            81.31300354003906,
            211.6941680908203
        ]
    ],
    "scores": [
        0.24416334927082062,
        0.1134120523929596
    ]
}