{
    "predicted_boxes": [
        [
            0.0,
            415.9532470703125,
            0.029540276154875755,
            416.0
        ],
        [
            351.270751953125,
            415.9774475097656,
            354.7709045410156,
            416.0
        ],
        [
            415.9704284667969,
            246.33535766601562,
            415.99993896484375,
            286.2815246582031
        ],
        [
            361.4552917480469,
            415.93951416015625,
            364.9588317871094,
            416.0
        ],
        [
            327.6545104980469,
            415.9577331542969,
            330.78277587890625,
            416.0
        ],
        [
            141.651123046875,
            415.964111328125,
            145.2173309326172,
            416.0
        ],
        [
            81.19110870361328,
            415.9049377441406,
            84.25263214111328,
            415.998046875
        ],
        [
            69.67655181884766,
            415.81427001953125,
            73.843505859375,
            415.99493408203125
        ],
        [
            345.2559509277344,
            415.81121826171875,
            348.98394775390625,
            415.9945373535156
        ],
        [
            353.2738342285156,
            415.8951110839844,
            357.0839538574219,
            415.9969482421875
        ],
        [
            355.3672180175781,
            415.83306884765625,
            359.2236633300781,
            415.9952697753906
        ],
        [
            359.0804443359375,
            415.8081359863281,
            362.99017333984375,
            415.99468994140625
        ]
    ],
    "scores": [
        0.24416334927082062,
        0.24416334927082062,
        0.24416334927082062,
        0.24416334927082062,
        0.24416334927082062,
        0.24416334927082062,
        0.08215764164924622,
        0.06854856014251709,
        0.06758222728967667,
        0.06638237833976746,
        0.06629333645105362,
        0.06581038236618042
    ]
}