{
    "predicted_boxes": [
        [
            114.21257019042969,
            207.3701171875,
            124.98176574707031,
            224.63665771484375
        ]
    ],
    "scores": [
        0.9984833598136902
    ]
}