{
    "predicted_boxes": [
        [
            129.4047393798828,
            206.46302795410156,
            143.18470764160156,
            224.68515014648438
        ],
        [
            0.0,
            415.95562744140625,
            0.030203938484191895,
            416.0
        ],
        [
            86.35397338867188,
            415.9787292480469,
            89.4295883178711,
            416.0
        ]
    ],
    "scores": [
        0.9979052543640137,
        0.24416334927082062,
        0.24416334927082062
    ]
}