{
    "predicted_boxes": [
        [
            0.0,
            415.95855712890625,
            0.03189440816640854,
            416.0
        ],
        [
            258.774169921875,
            204.71656799316406,
            262.5808410644531,
            217.60398864746094
        ],
        [
            44.68113327026367,
            208.41270446777344,
            52.97176742553711,
            226.51783752441406
        ]
    ],
    "scores": [
        0.24416334927082062,
        0.22921060025691986,
        0.12268054485321045
    ]
}