{
    "predicted_boxes": [
        [
            0.0,
            415.9537353515625,
            0.031528789550065994,
            416.0
        ],
        [
            239.52691650390625,
            164.82286071777344,
            245.1506805419922,
            173.32510375976562
        ]
    ],
    "scores": [
        0.24416334927082062,
        0.08029714226722717
    ]
}