{
    "predicted_boxes": [
        [
            0.0,
            415.9595947265625,
            0.03129684180021286,
            416.0
        ],
        [
            182.78738403320312,
            226.46316528320312,
            184.8079376220703,
            230.14813232421875
        ],
        [
            154.99671936035156,
            223.63465881347656,
            160.4581756591797,
            232.2497100830078
        ],
        [
            174.50506591796875,
            224.35704040527344,
            176.98013305664062,
            228.3046875
        ]
    ],
    "scores": [
        0.24416334927082062,
        0.14315517246723175,
        0.09246421605348587,
        0.05148276314139366
    ]
}