{
    "predicted_boxes": [
        [
            246.5491943359375,
            219.7676239013672,
            255.64479064941406,
            232.0319061279297
        ],
        [
            0.0,
            415.9493408203125,
            0.03191817179322243,
            416.0
        ]
    ],
    "scores": [
        0.8144863247871399,
        0.24416334927082062
    ]
}