{
    "predicted_boxes": [
        [
            132.86166381835938,
            207.1181182861328,
            146.58621215820312,
            225.5620574951172
        ],
        [
            0.0,
            415.959228515625,
            0.02779386192560196,
            416.0
        ],
        [
            170.59442138671875,
            225.81100463867188,
            172.7754669189453,
            230.15296936035156
        ],
        [
            170.1156463623047,
            225.34791564941406,
            172.17955017089844,
            229.67727661132812
        ],
        [
            171.05194091796875,
            225.05148315429688,
            173.41162109375,
            229.739501953125
        ],
        [
            184.5515899658203,
            225.7667236328125,
            187.2303924560547,
            230.2876739501953
        ],
        [
            169.4713134765625,
            224.99949645996094,
            171.48500061035156,
            229.74375915527344
        ]
    ],
    "scores": [
        0.9978000521659851,
        0.24416334927082062,
        0.15148285031318665,
        0.14769354462623596,
        0.08011233806610107,
        0.07750299572944641,
        0.05341307073831558
    ]
}