{
    "predicted_boxes": [
        [
            0.0,
            415.9519348144531,
            0.033014293760061264,
            416.0
        ]
    ],
    "scores": [
        0.24416334927082062
    ]
}