{
    "predicted_boxes": [
        [
            0.0,
            415.9525146484375,
            0.03370320051908493,
            416.0
        ]
    ],
    "scores": [
        0.24416334927082062
    ]
}