{
    "predicted_boxes": [
        [
            211.2445831298828,
            180.71783447265625,
            222.71253967285156,
            187.17625427246094
        ],
        [
            0.0,
            415.9577331542969,
            0.031487446278333664,
            416.0
        ],
        [
            183.4846954345703,
            180.37884521484375,
            215.08148193359375,
            190.570556640625
        ]
    ],
    "scores": [
        0.7189750671386719,
        0.24416334927082062,
        0.05632837489247322
    ]
}