{
    "predicted_boxes": [
        [
            129.08323669433594,
            205.36488342285156,
            142.87171936035156,
            224.7204132080078
        ],
        [
            0.0,
            415.9544677734375,
            0.031149057671427727,
            416.0
        ],
        [
            185.5432586669922,
            224.00869750976562,
            188.9779052734375,
            229.93017578125
        ]
    ],
    "scores": [
        0.997736930847168,
        0.24416334927082062,
        0.08889897167682648
    ]
}