{
    "predicted_boxes": [
        [
            188.49461364746094,
            209.41278076171875,
            201.91232299804688,
            227.13587951660156
        ],
        [
            0.0,
            415.9542541503906,
            0.029302634298801422,
            416.0
        ]
    ],
    "scores": [
        0.9960023760795593,
        0.24416334927082062
    ]
}