{
    "predicted_boxes": [
        [
            249.3972930908203,
            219.5534210205078,
            258.2061767578125,
            232.33766174316406
        ],
        [
            0.0,
            415.9438781738281,
            0.033739592880010605,
            416.0
        ]
    ],
    "scores": [
        0.9403517246246338,
        0.24416334927082062
    ]
}