{
    "predicted_boxes": [
        [
            0.0,
            415.951904296875,
            0.03235558047890663,
            416.0
        ],
        [
            227.5306396484375,
            224.86361694335938,
            232.48416137695312,
            233.88510131835938
        ]
    ],
    "scores": [
        0.24416334927082062,
        0.07184606045484543
    ]
}