{
    "predicted_boxes": [
        [
            208.79974365234375,
            201.95169067382812,
            215.4244842529297,
            219.45262145996094
        ],
        [
            0.0,
            415.9603576660156,
            0.02758270874619484,
            416.0
        ],
        [
            80.94650268554688,
            415.9578552246094,
            83.70097351074219,
            416.0
        ],
        [
            168.9992218017578,
            200.869873046875,
            175.68919372558594,
            218.91790771484375
        ]
    ],
    "scores": [
        0.549875795841217,
        0.24416334927082062,
        0.24416334927082062,
        0.19963693618774414
    ]
}