{
    "predicted_boxes": [
        [
            253.38043212890625,
            197.95155334472656,
            271.9854431152344,
            224.54776000976562
        ],
        [
            99.85519409179688,
            210.4661407470703,
            108.99457550048828,
            223.73873901367188
        ]
    ],
    "scores": [
        0.9868885278701782,
        0.8926919102668762
    ]
}