{
    "predicted_boxes": [
        [
            272.0150451660156,
            189.7623748779297,
            293.69293212890625,
            222.22811889648438
        ],
        [
            120.08792114257812,
            213.31561279296875,
            128.6905975341797,
            225.82144165039062
        ],
        [
            225.5872039794922,
            219.40292358398438,
            232.61441040039062,
            229.41136169433594
        ],
        [
            0.0,
            415.9590148925781,
            0.0308992862701416,
            416.0
        ]
    ],
    "scores": [
        0.9983237385749817,
        0.8818495273590088,
        0.3260984718799591,
        0.24416334927082062
    ]
}