{
    "predicted_boxes": [
        [
            223.76028442382812,
            220.05029296875,
            230.09347534179688,
            229.19154357910156
        ],
        [
            0.0,
            415.95416259765625,
            0.03230656683444977,
            416.0
        ],
        [
            68.61321258544922,
            214.2307586669922,
            74.070068359375,
            222.87033081054688
        ]
    ],
    "scores": [
        0.9195530414581299,
        0.24416334927082062,
        0.11641840636730194
    ]
}