{
    "predicted_boxes": [
        [
            78.69159698486328,
            196.382568359375,
            88.94725036621094,
            219.36322021484375
        ],
        [
            0.0,
            415.95758056640625,
            0.03146640583872795,
            416.0
        ]
    ],
    "scores": [
        0.9586597084999084,
        0.24416334927082062
    ]
}