{
    "predicted_boxes": [
        [
            0.0,
            415.9534912109375,
            0.03246251866221428,
            416.0
        ],
        [
            216.8616485595703,
            48.527015686035156,
            224.1146697998047,
            60.08341598510742
        ]
    ],
    "scores": [
        0.24416334927082062,
        0.16324768960475922
    ]
}