{
    "predicted_boxes": [
        [
            385.51348876953125,
            157.75604248046875,
            404.222900390625,
            205.51043701171875
        ],
        [
            0.0,
            415.9508361816406,
            0.03337322920560837,
            416.0
        ],
        [
            268.3346862792969,
            219.86610412597656,
            273.8887634277344,
            229.9722137451172
        ],
        [
            387.1444396972656,
            162.3518524169922,
            398.78228759765625,
            199.56076049804688
        ]
    ],
    "scores": [
        0.9967741370201111,
        0.24416334927082062,
        0.17936280369758606,
        0.08825182914733887
    ]
}