{
    "predicted_boxes": [
        [
            79.18067932128906,
            214.26937866210938,
            84.9493637084961,
            223.48593139648438
        ],
        [
            0.0,
            415.9476318359375,
            0.03273407742381096,
            416.0
        ]
    ],
    "scores": [
        0.9630987048149109,
        0.24416334927082062
    ]
}