{
    "predicted_boxes": [
        [
            285.6202392578125,
            180.30931091308594,
            309.1629333496094,
            219.5360870361328
        ],
        [
            87.58184051513672,
            206.41065979003906,
            98.32259368896484,
            221.71255493164062
        ],
        [
            211.86415100097656,
            218.7383270263672,
            219.18829345703125,
            229.80679321289062
        ]
    ],
    "scores": [
        0.9989953637123108,
        0.9436410069465637,
        0.8181255459785461
    ]
}