{
    "predicted_boxes": [
        [
            240.02481079101562,
            161.09608459472656,
            256.0862121582031,
            172.7376251220703
        ],
        [
            0.0,
            415.9583740234375,
            0.03046138398349285,
            416.0
        ]
    ],
    "scores": [
        0.40875259041786194,
        0.24416334927082062
    ]
}