{
    "predicted_boxes": [
        [
            144.22164916992188,
            213.3023681640625,
            154.3197784423828,
            226.59156799316406
        ],
        [
            0.0,
            415.95068359375,
            0.03150947764515877,
            416.0
        ],
        [
            86.3544921875,
            415.93377685546875,
            89.5133056640625,
            416.0
        ]
    ],
    "scores": [
        0.9937782287597656,
        0.24416334927082062,
        0.24416334927082062
    ]
}