{
    "predicted_boxes": [
        [
            185.5959014892578,
            217.84519958496094,
            192.6819305419922,
            228.27186584472656
        ],
        [
            0.0,
            415.9486083984375,
            0.03452058881521225,
            416.0
        ],
        [
            186.49229431152344,
            235.1974334716797,
            196.95726013183594,
            248.6642303466797
        ],
        [
            208.53305053710938,
            216.68389892578125,
            210.56747436523438,
            225.02377319335938
        ],
        [
            185.48536682128906,
            226.13397216796875,
            191.90823364257812,
            233.74192810058594
        ]
    ],
    "scores": [
        0.9621778130531311,
        0.24416334927082062,
        0.080837182700634,
        0.05784357711672783,
        0.05364970862865448
    ]
}