{
    "predicted_boxes": [
        [
            0.0,
            415.9514465332031,
            0.03204565495252609,
            416.0
        ],
        [
            185.46839904785156,
            224.44606018066406,
            190.71994018554688,
            233.29190063476562
        ]
    ],
    "scores": [
        0.24416334927082062,
        0.15625454485416412
    ]
}