{
    "predicted_boxes": [
        [
            0.0,
            415.9526062011719,
            0.03169340267777443,
            416.0
        ]
    ],
    "scores": [
        0.24416334927082062
    ]
}