{
    "predicted_boxes": [
        [
            136.8078155517578,
            208.36798095703125,
            150.36782836914062,
            225.93324279785156
        ],
        [
            0.0,
            415.958251953125,
            0.02696632593870163,
            416.0
        ],
        [
            185.98953247070312,
            224.06642150878906,
            189.60496520996094,
            230.89846801757812
        ]
    ],
    "scores": [
        0.995896577835083,
        0.24416334927082062,
        0.0765770748257637
    ]
}