{
    "predicted_boxes": [
        [
            309.0600891113281,
            199.1929473876953,
            322.29071044921875,
            221.0516815185547
        ],
        [
            34.91205596923828,
            205.14801025390625,
            42.055511474609375,
            217.40469360351562
        ],
        [
            0.0,
            415.9532470703125,
            0.030167797580361366,
            416.0
        ]
    ],
    "scores": [
        0.9877187013626099,
        0.5942910313606262,
        0.24416334927082062
    ]
}