{
    "predicted_boxes": [
        [
            293.89453125,
            205.93373107910156,
            309.3103332519531,
            232.5373077392578
        ]
    ],
    "scores": [
        0.9992222785949707
    ]
}