{
    "predicted_boxes": [
        [
            215.07298278808594,
            88.96668243408203,
            220.59341430664062,
            96.74420928955078
        ],
        [
            0.0,
            415.9517822265625,
            0.03220755234360695,
            416.0
        ],
        [
            210.11363220214844,
            88.77767944335938,
            214.017822265625,
            96.72299194335938
        ]
    ],
    "scores": [
        0.43820834159851074,
        0.24416334927082062,
        0.07954902946949005
    ]
}