{
    "predicted_boxes": [
        [
            253.6467742919922,
            221.76658630371094,
            257.3718566894531,
            228.5720672607422
        ],
        [
            0.0,
            415.9490661621094,
            0.03184019774198532,
            416.0
        ]
    ],
    "scores": [
        0.3286258280277252,
        0.24416334927082062
    ]
}