{
    "predicted_boxes": [
        [
            0.0,
            415.95721435546875,
            0.031453780829906464,
            416.0
        ],
        [
            415.9477844238281,
            258.6296081542969,
            415.9998779296875,
            301.8956604003906
        ],
        [
            81.15721130371094,
            415.95379638671875,
            84.01255798339844,
            416.0
        ],
        [
            233.73394775390625,
            415.98638916015625,
            236.79005432128906,
            416.0
        ],
        [
            70.00240325927734,
            415.81005859375,
            73.98314666748047,
            415.99542236328125
        ],
        [
            363.4179382324219,
            415.86090087890625,
            367.11944580078125,
            415.9960632324219
        ],
        [
            365.639404296875,
            415.91729736328125,
            369.270263671875,
            415.99774169921875
        ]
    ],
    "scores": [
        0.24416334927082062,
        0.24416334927082062,
        0.24416334927082062,
        0.24416334927082062,
        0.07068600505590439,
        0.06441313028335571,
        0.06210188567638397
    ]
}