{
    "predicted_boxes": [
        [
            156.30479431152344,
            214.55075073242188,
            165.52940368652344,
            227.995849609375
        ],
        [
            158.74429321289062,
            225.77320861816406,
            165.2615966796875,
            233.74774169921875
        ],
        [
            157.9672393798828,
            230.01641845703125,
            165.3001251220703,
            234.26602172851562
        ],
        [
            415.98858642578125,
            201.56788635253906,
            415.99993896484375,
            220.80328369140625
        ],
        [
            157.4498748779297,
            234.09222412109375,
            171.35073852539062,
            248.3291015625
        ],
        [
            156.9521942138672,
            232.15150451660156,
            165.80873107910156,
            236.2273406982422
        ]
    ],
    "scores": [
        0.9971017241477966,
        0.49232155084609985,
        0.40526440739631653,
        0.24416334927082062,
        0.13228943943977356,
        0.06562728434801102
    ]
}