{
    "predicted_boxes": [
        [
            151.8593292236328,
            214.71786499023438,
            161.5046844482422,
            227.35911560058594
        ],
        [
            0.0,
            415.9505615234375,
            0.03135872632265091,
            416.0
        ],
        [
            83.884521484375,
            415.888427734375,
            86.98804473876953,
            415.9976806640625
        ],
        [
            86.17500305175781,
            415.8794860839844,
            89.48426818847656,
            415.99676513671875
        ]
    ],
    "scores": [
        0.9901318550109863,
        0.24416334927082062,
        0.0928518995642662,
        0.09261821955442429
    ]
}