{
    "predicted_boxes": [
        [
            231.757568359375,
            209.7093048095703,
            244.92457580566406,
            227.504638671875
        ],
        [
            47.85261917114258,
            191.99557495117188,
            60.697265625,
            216.9534454345703
        ],
        [
            199.8457794189453,
            221.99346923828125,
            205.21754455566406,
            229.86398315429688
        ],
        [
            192.248779296875,
            224.79049682617188,
            195.25137329101562,
            229.78404235839844
        ],
        [
            386.45751953125,
            146.66552734375,
            401.96307373046875,
            205.01168823242188
        ]
    ],
    "scores": [
        0.9959681034088135,
        0.9927268028259277,
        0.3654026687145233,
        0.16250520944595337,
        0.05207912251353264
    ]
}