{
    "predicted_boxes": [
        [
            372.7482604980469,
            185.84449768066406,
            387.9473571777344,
            211.9816436767578
        ],
        [
            0.0,
            415.95733642578125,
            0.030466828495264053,
            416.0
        ],
        [
            363.59649658203125,
            415.9591064453125,
            367.01971435546875,
            416.0
        ],
        [
            361.37554931640625,
            415.83941650390625,
            365.205078125,
            415.9954528808594
        ]
    ],
    "scores": [
        0.9921159148216248,
        0.24416334927082062,
        0.24416334927082062,
        0.0667695552110672
    ]
}