{
    "predicted_boxes": [
        [
            0.0,
            415.9510803222656,
            0.030613373965024948,
            416.0
        ],
        [
            251.75062561035156,
            222.55873107910156,
            255.1375732421875,
            228.82708740234375
        ]
    ],
    "scores": [
        0.24416334927082062,
        0.07936551421880722
    ]
}