{
    "predicted_boxes": [
        [
            240.852294921875,
            208.6099090576172,
            254.68759155273438,
            227.312255859375
        ],
        [
            220.52163696289062,
            221.42999267578125,
            226.40985107421875,
            230.7548065185547
        ],
        [
            139.56224060058594,
            217.7703857421875,
            146.4904022216797,
            227.00009155273438
        ],
        [
            0.0,
            415.9585876464844,
            0.028880080208182335,
            416.0
        ]
    ],
    "scores": [
        0.9977952241897583,
        0.744070291519165,
        0.5475302338600159,
        0.24416334927082062
    ]
}