{
    "predicted_boxes": [
        [
            0.0,
            415.94891357421875,
            0.030882949009537697,
            416.0
        ],
        [
            234.74012756347656,
            224.67823791503906,
            242.6715850830078,
            230.09754943847656
        ]
    ],
    "scores": [
        0.24416334927082062,
        0.11392173171043396
    ]
}