{
    "predicted_boxes": [
        [
            312.13525390625,
            191.91668701171875,
            322.5615234375,
            220.2477569580078
        ],
        [
            313.610107421875,
            220.30673217773438,
            320.0916442871094,
            229.2606658935547
        ],
        [
            0.0,
            415.9551086425781,
            0.03054901212453842,
            416.0
        ]
    ],
    "scores": [
        0.9981122016906738,
        0.8790184855461121,
        0.24416334927082062
    ]
}