{
    "predicted_boxes": [
        [
            305.890625,
            209.00242614746094,
            316.6288757324219,
            224.24600219726562
        ],
        [
            0.0,
            415.95416259765625,
            0.03352968022227287,
            416.0
        ]
    ],
    "scores": [
        0.9874494075775146,
        0.24416334927082062
    ]
}