{
    "predicted_boxes": [
        [
            353.9457092285156,
            185.7821502685547,
            368.0186462402344,
            230.03607177734375
        ],
        [
            0.0,
            415.9552307128906,
            0.034190863370895386,
            416.0
        ]
    ],
    "scores": [
        0.9976605176925659,
        0.24416334927082062
    ]
}