{
    "predicted_boxes": [
        [
            124.02629089355469,
            162.78109741210938,
            136.50732421875,
            203.5261993408203
        ],
        [
            0.0,
            415.96014404296875,
            0.026446731761097908,
            416.0
        ],
        [
            192.35595703125,
            415.9824523925781,
            195.42105102539062,
            416.0
        ],
        [
            194.27976989746094,
            415.9526062011719,
            197.38265991210938,
            416.0
        ],
        [
            210.51416015625,
            161.95352172851562,
            225.89808654785156,
            202.97369384765625
        ],
        [
            69.76512145996094,
            415.84710693359375,
            73.78561401367188,
            415.99615478515625
        ],
        [
            201.94435119628906,
            415.8905029296875,
            205.65274047851562,
            415.9979553222656
        ],
        [
            200.00848388671875,
            415.9070129394531,
            203.6417236328125,
            415.99835205078125
        ],
        [
            198.0934600830078,
            415.9165344238281,
            201.6924285888672,
            415.9985046386719
        ],
        [
            196.3350067138672,
            415.9086608886719,
            199.810302734375,
            415.99835205078125
        ]
    ],
    "scores": [
        0.46146342158317566,
        0.24416334927082062,
        0.24416334927082062,
        0.24416334927082062,
        0.14659073948860168,
        0.069831982254982,
        0.05958632379770279,
        0.05798669904470444,
        0.05599839612841606,
        0.05440918356180191
    ]
}