{
    "predicted_boxes": [
        [
            68.05873107910156,
            183.49171447753906,
            87.16239929199219,
            216.2425994873047
        ],
        [
            0.0,
            415.9588928222656,
            0.029674939811229706,
            416.0
        ],
        [
            181.0369873046875,
            222.46246337890625,
            186.07763671875,
            230.01065063476562
        ]
    ],
    "scores": [
        0.9927757978439331,
        0.24416334927082062,
        0.059076838195323944
    ]
}