{
    "predicted_boxes": [
        [
            247.48387145996094,
            215.51470947265625,
            256.38427734375,
            228.2144317626953
        ],
        [
            0.0,
            415.9592590332031,
            0.02854490652680397,
            416.0
        ],
        [
            55.70368576049805,
            210.99908447265625,
            62.30154800415039,
            220.69078063964844
        ]
    ],
    "scores": [
        0.9791881442070007,
        0.24416334927082062,
        0.14719511568546295
    ]
}