{
    "predicted_boxes": [
        [
            0.0,
            415.9521789550781,
            0.03557338938117027,
            416.0
        ],
        [
            69.99258422851562,
            415.95648193359375,
            73.58241271972656,
            416.0
        ],
        [
            347.39019775390625,
            415.9453430175781,
            350.8598327636719,
            416.0
        ],
        [
            349.3684387207031,
            415.9486083984375,
            352.8168640136719,
            416.0
        ],
        [
            353.47833251953125,
            415.790771484375,
            357.2503662109375,
            415.99395751953125
        ],
        [
            351.3262634277344,
            415.8734436035156,
            355.0764465332031,
            415.996337890625
        ]
    ],
    "scores": [
        0.24416334927082062,
        0.24416334927082062,
        0.24416334927082062,
        0.24416334927082062,
        0.06705423444509506,
        0.06690207868814468
    ]
}