{
    "predicted_boxes": [
        [
            304.2522277832031,
            208.3778076171875,
            312.2501525878906,
            224.10240173339844
        ],
        [
            0.0,
            415.94818115234375,
            0.03261302784085274,
            416.0
        ]
    ],
    "scores": [
        0.9855648875236511,
        0.24416334927082062
    ]
}