{
    "predicted_boxes": [
        [
            162.5895538330078,
            216.99168395996094,
            170.64842224121094,
            228.1883544921875
        ],
        [
            0.0,
            415.96221923828125,
            0.02763345278799534,
            416.0
        ]
    ],
    "scores": [
        0.9919176697731018,
        0.24416334927082062
    ]
}