{
    "predicted_boxes": [
        [
            125.3765640258789,
            209.83493041992188,
            134.8322296142578,
            225.7576141357422
        ],
        [
            415.96087646484375,
            201.5200958251953,
            415.9999084472656,
            220.7660369873047
        ],
        [
            126.37384796142578,
            224.2145233154297,
            133.40676879882812,
            230.73486328125
        ]
    ],
    "scores": [
        0.9957665205001831,
        0.24416334927082062,
        0.12426725775003433
    ]
}