{
    "predicted_boxes": [
        [
            0.0,
            415.9565734863281,
            0.03191544860601425,
            416.0
        ],
        [
            212.5180206298828,
            116.16961669921875,
            219.3950958251953,
            122.65192413330078
        ],
        [
            205.24314880371094,
            116.61857604980469,
            212.03443908691406,
            123.3137435913086
        ]
    ],
    "scores": [
        0.24416334927082062,
        0.11520864069461823,
        0.05361846461892128
    ]
}