{
    "predicted_boxes": [
        [
            0.0,
            415.95159912109375,
            0.03478496894240379,
            416.0
        ]
    ],
    "scores": [
        0.24416334927082062
    ]
}