{
    "predicted_boxes": [
        [
            125.0872573852539,
            207.05587768554688,
            137.91729736328125,
            225.8636932373047
        ],
        [
            0.0,
            415.95758056640625,
            0.031947631388902664,
            416.0
        ]
    ],
    "scores": [
        0.997391939163208,
        0.24416334927082062
    ]
}