{
    "predicted_boxes": [
        [
            0.0,
            415.95623779296875,
            0.031376298516988754,
            416.0
        ],
        [
            75.57772827148438,
            415.9385070800781,
            78.82969665527344,
            416.0
        ],
        [
            196.15966796875,
            415.98486328125,
            199.35659790039062,
            416.0
        ],
        [
            204.40670776367188,
            415.93109130859375,
            208.0174102783203,
            416.0
        ],
        [
            363.343994140625,
            415.8202209472656,
            367.0513916015625,
            415.9949645996094
        ],
        [
            202.12799072265625,
            415.84783935546875,
            205.94656372070312,
            415.99688720703125
        ],
        [
            200.1436004638672,
            415.81927490234375,
            203.83580017089844,
            415.9966125488281
        ],
        [
            365.5612487792969,
            415.9291687011719,
            369.18780517578125,
            415.998046875
        ],
        [
            197.95216369628906,
            415.88433837890625,
            201.50376892089844,
            415.9978332519531
        ]
    ],
    "scores": [
        0.24416334927082062,
        0.24416334927082062,
        0.24416334927082062,
        0.24416334927082062,
        0.06466062366962433,
        0.06351908296346664,
        0.06338378041982651,
        0.06242739409208298,
        0.06056245416402817
    ]
}