{
    "predicted_boxes": [
        [
            236.20697021484375,
            212.11126708984375,
            247.73193359375,
            227.29071044921875
        ],
        [
            60.91018295288086,
            197.44903564453125,
            71.53209686279297,
            218.22450256347656
        ],
        [
            0.0,
            415.9566955566406,
            0.029943276196718216,
            416.0
        ]
    ],
    "scores": [
        0.9900631308555603,
        0.43924659490585327,
        0.24416334927082062
    ]
}