{
    "predicted_boxes": [
        [
            0.0,
            415.95794677734375,
            0.02956453524529934,
            416.0
        ]
    ],
    "scores": [
        0.24416334927082062
    ]
}