{
    "predicted_boxes": [
        [
            0.0,
            415.9542236328125,
            0.032816506922245026,
            416.0
        ]
    ],
    "scores": [
        0.24416334927082062
    ]
}