{
    "predicted_boxes": [
        [
            102.00343322753906,
            198.326416015625,
            118.9545669555664,
            221.99688720703125
        ],
        [
            150.30516052246094,
            217.97994995117188,
            157.48077392578125,
            228.402587890625
        ],
        [
            251.26560974121094,
            215.38760375976562,
            260.1529235839844,
            227.92539978027344
        ],
        [
            161.52215576171875,
            221.65528869628906,
            166.13607788085938,
            229.25393676757812
        ]
    ],
    "scores": [
        0.9625811576843262,
        0.8808045387268066,
        0.5463844537734985,
        0.24714960157871246
    ]
}