{
    "predicted_boxes": [
        [
            0.0,
            415.9583740234375,
            0.0301583893597126,
            416.0
        ],
        [
            142.5437774658203,
            180.67002868652344,
            148.67767333984375,
            187.26388549804688
        ]
    ],
    "scores": [
        0.24416334927082062,
        0.08706138283014297
    ]
}