{
    "predicted_boxes": [
        [
            210.2664794921875,
            140.48101806640625,
            218.64901733398438,
            146.2221221923828
        ],
        [
            0.0,
            415.95556640625,
            0.03237959370017052,
            416.0
        ]
    ],
    "scores": [
        0.5734708905220032,
        0.24416334927082062
    ]
}