{
    "predicted_boxes": [
        [
            246.1590118408203,
            206.01051330566406,
            261.3302917480469,
            226.31716918945312
        ],
        [
            136.0147705078125,
            217.0326385498047,
            143.0966796875,
            226.32269287109375
        ],
        [
            222.249267578125,
            221.1679229736328,
            228.5083465576172,
            230.0683135986328
        ],
        [
            0.0,
            415.9578552246094,
            0.029366500675678253,
            416.0
        ]
    ],
    "scores": [
        0.9953008890151978,
        0.5170555114746094,
        0.4300992488861084,
        0.24416334927082062
    ]
}