{
    "predicted_boxes": [
        [
            202.62820434570312,
            100.34080505371094,
            219.43955993652344,
            108.79473876953125
        ],
        [
            0.0,
            415.9580993652344,
            0.03130773454904556,
            416.0
        ],
        [
            327.55145263671875,
            415.9715881347656,
            330.7467346191406,
            416.0
        ],
        [
            208.6376495361328,
            100.5960464477539,
            217.54185485839844,
            108.09615325927734
        ],
        [
            203.28086853027344,
            101.02313232421875,
            210.63787841796875,
            109.07239532470703
        ],
        [
            70.05191040039062,
            415.87689208984375,
            74.10192108154297,
            415.99688720703125
        ],
        [
            365.5907897949219,
            415.80743408203125,
            369.248779296875,
            415.99468994140625
        ]
    ],
    "scores": [
        0.40269866585731506,
        0.24416334927082062,
        0.24416334927082062,
        0.13607539236545563,
        0.07670939713716507,
        0.06993915140628815,
        0.06395696848630905
    ]
}