{
    "predicted_boxes": [
        [
            44.57436752319336,
            185.60760498046875,
            60.076786041259766,
            214.61927795410156
        ],
        [
            0.0,
            415.9521484375,
            0.030473018065094948,
            416.0
        ],
        [
            349.13043212890625,
            415.9376525878906,
            352.6976318359375,
            416.0
        ],
        [
            363.6611633300781,
            415.9446716308594,
            367.06597900390625,
            416.0
        ],
        [
            347.03228759765625,
            415.79718017578125,
            350.9335021972656,
            415.99432373046875
        ],
        [
            351.1593933105469,
            415.91339111328125,
            354.9957275390625,
            415.99749755859375
        ],
        [
            353.3558654785156,
            415.8136291503906,
            357.20849609375,
            415.9946594238281
        ],
        [
            361.43133544921875,
            415.85406494140625,
            365.23480224609375,
            415.995849609375
        ]
    ],
    "scores": [
        0.9956527948379517,
        0.24416334927082062,
        0.24416334927082062,
        0.24416334927082062,
        0.07036633044481277,
        0.06757502257823944,
        0.06695627421140671,
        0.0657215341925621
    ]
}