{
    "predicted_boxes": [
        [
            254.06944274902344,
            208.1787872314453,
            258.4950866699219,
            219.74612426757812
        ],
        [
            104.77967834472656,
            216.2811737060547,
            107.29991912841797,
            221.9215087890625
        ],
        [
            62.48781204223633,
            212.36373901367188,
            70.6483154296875,
            228.19808959960938
        ],
        [
            95.16674041748047,
            211.50808715820312,
            99.87906646728516,
            219.77232360839844
        ]
    ],
    "scores": [
        0.7767502665519714,
        0.6194745898246765,
        0.16914601624011993,
        0.06796994060277939
    ]
}