{
    "predicted_boxes": [
        [
            289.12030029296875,
            173.56307983398438,
            323.6285095214844,
            220.53182983398438
        ],
        [
            64.63392639160156,
            201.76881408691406,
            76.40978240966797,
            219.33697509765625
        ],
        [
            0.0,
            415.9588623046875,
            0.033373475074768066,
            416.0
        ]
    ],
    "scores": [
        0.998700737953186,
        0.9853255152702332,
        0.24416334927082062
    ]
}