{
    "predicted_boxes": [
        [
            99.50858306884766,
            192.29930114746094,
            118.54069519042969,
            220.3378143310547
        ],
        [
            0.0,
            415.9551696777344,
            0.02577143721282482,
            416.0
        ]
    ],
    "scores": [
        0.9950262904167175,
        0.24416334927082062
    ]
}