{
    "predicted_boxes": [
        [
            0.0,
            415.9453125,
            0.03112652897834778,
            416.0
        ],
        [
            415.9291687011719,
            197.39309692382812,
            415.9998779296875,
            216.95555114746094
        ],
        [
            351.0506286621094,
            415.8548278808594,
            354.98016357421875,
            415.995849609375
        ]
    ],
    "scores": [
        0.24416334927082062,
        0.24416334927082062,
        0.06895837187767029
    ]
}