{
    "predicted_boxes": [
        [
            0.0,
            415.9540100097656,
            0.03292195498943329,
            416.0
        ],
        [
            81.53276062011719,
            415.94671630859375,
            84.28780364990234,
            416.0
        ],
        [
            374.10638427734375,
            415.95233154296875,
            377.4640197753906,
            416.0
        ],
        [
            372.06097412109375,
            415.9464416503906,
            375.4139404296875,
            416.0
        ],
        [
            370.0054016113281,
            415.9328918457031,
            373.3437805175781,
            416.0
        ],
        [
            139.5577392578125,
            415.88818359375,
            143.3828125,
            415.99810791015625
        ],
        [
            363.4110412597656,
            415.7959899902344,
            367.1177673339844,
            415.9942321777344
        ],
        [
            297.38037109375,
            415.8575134277344,
            300.8659973144531,
            415.9964599609375
        ],
        [
            365.6208801269531,
            415.8598937988281,
            369.2549133300781,
            415.9961242675781
        ],
        [
            294.8107604980469,
            415.92669677734375,
            298.40155029296875,
            415.998291015625
        ],
        [
            367.7834167480469,
            415.9267578125,
            371.40106201171875,
            415.99798583984375
        ]
    ],
    "scores": [
        0.24416334927082062,
        0.24416334927082062,
        0.24416334927082062,
        0.24416334927082062,
        0.24416334927082062,
        0.06660091131925583,
        0.06484364718198776,
        0.06280992925167084,
        0.06254114210605621,
        0.060023561120033264,
        0.05994705110788345
    ]
}