{
    "predicted_boxes": [
        [
            269.5469970703125,
            216.40333557128906,
            283.69464111328125,
            227.18606567382812
        ],
        [
            0.0,
            415.96014404296875,
            0.03494240343570709,
            416.0
        ],
        [
            415.9945373535156,
            201.3634033203125,
            416.0,
            220.5657958984375
        ]
    ],
    "scores": [
        0.7687612771987915,
        0.24416334927082062,
        0.24416334927082062
    ]
}