{
    "predicted_boxes": [
        [
            261.84130859375,
            217.9783477783203,
            274.43994140625,
            227.2899169921875
        ],
        [
            0.0,
            415.9588928222656,
            0.03376583382487297,
            416.0
        ],
        [
            415.9386901855469,
            205.92140197753906,
            415.9998779296875,
            225.3450164794922
        ]
    ],
    "scores": [
        0.4712521731853485,
        0.24416334927082062,
        0.24416334927082062
    ]
}