{
    "predicted_boxes": [
        [
            0.0,
            415.95709228515625,
            0.032091204077005386,
            416.0
        ]
    ],
    "scores": [
        0.24416334927082062
    ]
}