{
    "predicted_boxes": [
        [
            376.5642395019531,
            204.725341796875,
            383.1847229003906,
            216.2891845703125
        ],
        [
            293.5508728027344,
            166.59864807128906,
            308.48797607421875,
            174.91163635253906
        ],
        [
            0.0,
            415.9596252441406,
            0.02857065014541149,
            416.0
        ],
        [
            69.95553588867188,
            415.88037109375,
            73.94487762451172,
            415.9969177246094
        ],
        [
            363.38916015625,
            415.78924560546875,
            367.101318359375,
            415.9940185546875
        ]
    ],
    "scores": [
        0.5534350872039795,
        0.4527268409729004,
        0.24416334927082062,
        0.06938374787569046,
        0.06496370583772659
    ]
}