{
    "predicted_boxes": [
        [
            0.0,
            415.9570617675781,
            0.03020096942782402,
            416.0
        ]
    ],
    "scores": [
        0.24416334927082062
    ]
}