{
    "predicted_boxes": [
        [
            0.0,
            415.9621887207031,
            0.028672141954302788,
            416.0
        ],
        [
            189.28269958496094,
            207.88546752929688,
            193.52735900878906,
            219.55833435058594
        ]
    ],
    "scores": [
        0.24416334927082062,
        0.06637722253799438
    ]
}