{
    "predicted_boxes": [
        [
            341.9519958496094,
            195.4149932861328,
            354.4997253417969,
            218.18136596679688
        ],
        [
            0.0,
            415.95697021484375,
            0.029508838430047035,
            416.0
        ],
        [
            70.15596008300781,
            415.9793701171875,
            73.8254623413086,
            416.0
        ],
        [
            365.77081298828125,
            415.92742919921875,
            369.10809326171875,
            416.0
        ],
        [
            141.417236328125,
            415.9464416503906,
            144.91403198242188,
            416.0
        ],
        [
            81.35047912597656,
            415.8986511230469,
            84.32868957519531,
            415.99798583984375
        ],
        [
            363.4280090332031,
            415.85479736328125,
            367.1208190917969,
            415.9958190917969
        ]
    ],
    "scores": [
        0.6386123895645142,
        0.24416334927082062,
        0.24416334927082062,
        0.24416334927082062,
        0.24416334927082062,
        0.08141458034515381,
        0.06446018815040588
    ]
}