{
    "predicted_boxes": [
        [
            312.1319580078125,
            191.9139404296875,
            322.556640625,
            220.24691772460938
        ],
        [
            313.6046447753906,
            220.30203247070312,
            320.08819580078125,
            229.2619171142578
        ],
        [
            0.0,
            415.9551086425781,
            0.03050445392727852,
            416.0
        ]
    ],
    "scores": [
        0.9980740547180176,
        0.8727012872695923,
        0.24416334927082062
    ]
}