{
    "predicted_boxes": [
        [
            83.90155792236328,
            190.89793395996094,
            102.21465301513672,
            220.44883728027344
        ],
        [
            0.0,
            415.95794677734375,
            0.03178870677947998,
            416.0
        ],
        [
            68.26431274414062,
            415.9681091308594,
            72.07179260253906,
            416.0
        ],
        [
            81.04037475585938,
            415.9561767578125,
            84.03662872314453,
            416.0
        ],
        [
            349.1830139160156,
            415.9471130371094,
            352.7264404296875,
            416.0
        ],
        [
            345.3033752441406,
            415.78875732421875,
            349.16021728515625,
            415.9938659667969
        ],
        [
            343.6025390625,
            415.8376770019531,
            347.5010070800781,
            415.9951477050781
        ],
        [
            347.106201171875,
            415.9288635253906,
            350.9569396972656,
            415.9979248046875
        ],
        [
            341.5086975097656,
            415.828125,
            345.36297607421875,
            415.9951171875
        ],
        [
            351.15374755859375,
            415.8825988769531,
            355.00177001953125,
            415.99652099609375
        ],
        [
            353.32403564453125,
            415.8154602050781,
            357.203125,
            415.9945983886719
        ],
        [
            297.6723327636719,
            415.8680114746094,
            301.02630615234375,
            415.9966125488281
        ]
    ],
    "scores": [
        0.9949613809585571,
        0.24416334927082062,
        0.24416334927082062,
        0.24416334927082062,
        0.24416334927082062,
        0.06884091347455978,
        0.0687999352812767,
        0.06781285256147385,
        0.06741568446159363,
        0.06711458414793015,
        0.06700094789266586,
        0.05962475761771202
    ]
}