{
    "predicted_boxes": [
        [
            0.0,
            415.95172119140625,
            0.029778411611914635,
            416.0
        ],
        [
            365.79339599609375,
            415.9593505859375,
            369.1423645019531,
            416.0
        ],
        [
            81.23129272460938,
            415.7989501953125,
            84.26223754882812,
            415.9961853027344
        ],
        [
            348.86865234375,
            415.7919921875,
            352.75811767578125,
            415.9940490722656
        ],
        [
            363.46746826171875,
            415.8789978027344,
            367.1625061035156,
            415.9965515136719
        ]
    ],
    "scores": [
        0.24416334927082062,
        0.24416334927082062,
        0.08319161832332611,
        0.06859172880649567,
        0.06450289487838745
    ]
}