{
    "predicted_boxes": [
        [
            161.23492431640625,
            225.19154357910156,
            164.29737854003906,
            229.91761779785156
        ],
        [
            112.1846923828125,
            220.6291961669922,
            117.91667938232422,
            231.87451171875
        ],
        [
            162.5276641845703,
            225.64659118652344,
            164.85081481933594,
            229.76980590820312
        ]
    ],
    "scores": [
        0.4710521996021271,
        0.294357568025589,
        0.06076332926750183
    ]
}