{
    "predicted_boxes": [
        [
            0.0,
            415.95623779296875,
            0.03285982832312584,
            416.0
        ],
        [
            70.05455017089844,
            415.95159912109375,
            73.77899169921875,
            416.0
        ],
        [
            374.1127014160156,
            415.9933166503906,
            377.4664611816406,
            416.0
        ],
        [
            372.0660095214844,
            415.986328125,
            375.41845703125,
            416.0
        ],
        [
            370.0130615234375,
            415.971923828125,
            373.35528564453125,
            416.0
        ],
        [
            81.2912826538086,
            415.8945007324219,
            84.23916625976562,
            415.9977722167969
        ],
        [
            363.4535827636719,
            415.8534851074219,
            367.1542053222656,
            415.99578857421875
        ],
        [
            365.6514587402344,
            415.9029235839844,
            369.2889709472656,
            415.997314453125
        ]
    ],
    "scores": [
        0.24416334927082062,
        0.24416334927082062,
        0.24416334927082062,
        0.24416334927082062,
        0.24416334927082062,
        0.0797600969672203,
        0.06455067545175552,
        0.06251133978366852
    ]
}