{
    "predicted_boxes": [
        [
            329.9823303222656,
            199.90652465820312,
            341.61712646484375,
            220.57528686523438
        ],
        [
            0.0,
            415.95770263671875,
            0.03008536621928215,
            416.0
        ],
        [
            70.2040023803711,
            415.98382568359375,
            73.87542724609375,
            416.0
        ],
        [
            238.2746124267578,
            415.9616394042969,
            241.48858642578125,
            416.0
        ],
        [
            365.78765869140625,
            415.9600830078125,
            369.12042236328125,
            416.0
        ],
        [
            361.3448181152344,
            415.808349609375,
            365.16802978515625,
            415.9945373535156
        ],
        [
            139.7035675048828,
            415.92352294921875,
            143.47740173339844,
            415.9985656738281
        ],
        [
            363.45159912109375,
            415.896240234375,
            367.14569091796875,
            415.9970397949219
        ],
        [
            165.0727996826172,
            415.90771484375,
            168.27157592773438,
            415.9988708496094
        ],
        [
            166.94296264648438,
            415.8980407714844,
            170.10906982421875,
            415.99847412109375
        ]
    ],
    "scores": [
        0.5816959142684937,
        0.24416334927082062,
        0.24416334927082062,
        0.24416334927082062,
        0.24416334927082062,
        0.06646915525197983,
        0.06557941436767578,
        0.0639016330242157,
        0.05434039607644081,
        0.05317426845431328
    ]
}