{
    "predicted_boxes": [
        [
            141.24195861816406,
            209.55308532714844,
            153.96583557128906,
            226.43905639648438
        ],
        [
            168.02902221679688,
            220.685302734375,
            173.16233825683594,
            229.79307556152344
        ],
        [
            210.6658477783203,
            226.11053466796875,
            212.73648071289062,
            230.71585083007812
        ],
        [
            210.14700317382812,
            226.21726989746094,
            211.95802307128906,
            230.4903564453125
        ],
        [
            175.3751678466797,
            223.95040893554688,
            178.34701538085938,
            230.60598754882812
        ],
        [
            180.6165008544922,
            225.60655212402344,
            183.02305603027344,
            230.48049926757812
        ],
        [
            181.68511962890625,
            225.50819396972656,
            183.9319305419922,
            230.64468383789062
        ]
    ],
    "scores": [
        0.9976728558540344,
        0.4965798854827881,
        0.37618011236190796,
        0.30093643069267273,
        0.27113693952560425,
        0.13727104663848877,
        0.08163361251354218
    ]
}