{
    "predicted_boxes": [
        [
            165.2970733642578,
            217.48167419433594,
            173.2652587890625,
            228.8573760986328
        ],
        [
            0.0,
            415.9546203613281,
            0.03198501095175743,
            416.0
        ],
        [
            415.9286804199219,
            205.56138610839844,
            415.9998779296875,
            224.68185424804688
        ],
        [
            415.9931640625,
            258.28985595703125,
            415.99993896484375,
            301.62091064453125
        ],
        [
            65.66986083984375,
            415.92962646484375,
            69.37545776367188,
            416.0
        ],
        [
            365.7987365722656,
            415.9367980957031,
            369.14813232421875,
            416.0
        ],
        [
            327.37603759765625,
            415.89813232421875,
            330.7841491699219,
            415.9968566894531
        ],
        [
            363.4378967285156,
            415.8812255859375,
            367.13958740234375,
            415.9966125488281
        ]
    ],
    "scores": [
        0.9790570735931396,
        0.24416334927082062,
        0.24416334927082062,
        0.24416334927082062,
        0.24416334927082062,
        0.24416334927082062,
        0.11020310968160629,
        0.06442765146493912
    ]
}