{
    "predicted_boxes": [
        [
            20.54570960998535,
            176.64834594726562,
            36.16438293457031,
            209.8148193359375
        ],
        [
            0.0,
            415.95458984375,
            0.03074679896235466,
            416.0
        ],
        [
            69.84693145751953,
            415.87762451171875,
            73.92400360107422,
            415.9968566894531
        ]
    ],
    "scores": [
        0.9974297881126404,
        0.24416334927082062,
        0.06920196115970612
    ]
}