{
    "predicted_boxes": [
        [
            0.0,
            415.9607238769531,
            0.02718416228890419,
            416.0
        ],
        [
            208.67779541015625,
            211.25254821777344,
            212.78485107421875,
            223.92503356933594
        ],
        [
            182.4247283935547,
            211.32412719726562,
            186.4937744140625,
            223.81689453125
        ],
        [
            210.54042053222656,
            56.12981414794922,
            258.6978454589844,
            150.92037963867188
        ]
    ],
    "scores": [
        0.24416334927082062,
        0.16467010974884033,
        0.14450936019420624,
        0.1349031925201416
    ]
}