{
    "predicted_boxes": [
        [
            255.64187622070312,
            199.16183471679688,
            274.17315673828125,
            224.5157012939453
        ],
        [
            0.0,
            415.9589538574219,
            0.028945183381438255,
            416.0
        ]
    ],
    "scores": [
        0.9846753478050232,
        0.24416334927082062
    ]
}