{
    "predicted_boxes": [
        [
            118.42181396484375,
            204.7436981201172,
            132.09307861328125,
            223.90492248535156
        ],
        [
            0.0,
            415.95745849609375,
            0.032311517745256424,
            416.0
        ]
    ],
    "scores": [
        0.9918477535247803,
        0.24416334927082062
    ]
}