{
    "predicted_boxes": [
        [
            0.0,
            415.9534912109375,
            0.03522930666804314,
            416.0
        ]
    ],
    "scores": [
        0.24416334927082062
    ]
}