{
    "predicted_boxes": [
        [
            84.07522583007812,
            131.48809814453125,
            102.04702758789062,
            188.1399383544922
        ],
        [
            0.0,
            415.9588928222656,
            0.026805918663740158,
            416.0
        ],
        [
            210.02784729003906,
            114.35457611083984,
            238.61749267578125,
            186.35073852539062
        ]
    ],
    "scores": [
        0.42954182624816895,
        0.24416334927082062,
        0.21296042203903198
    ]
}