{
    "predicted_boxes": [
        [
            23.721837997436523,
            202.3977508544922,
            30.00628662109375,
            214.81475830078125
        ],
        [
            375.3459777832031,
            177.3675079345703,
            387.8144836425781,
            210.035400390625
        ],
        [
            0.0,
            415.9541320800781,
            0.027753015980124474,
            416.0
        ]
    ],
    "scores": [
        0.9926519989967346,
        0.9893691539764404,
        0.24416334927082062
    ]
}