{
    "predicted_boxes": [
        [
            353.9510803222656,
            185.7988739013672,
            368.0209045410156,
            230.0500030517578
        ],
        [
            0.0,
            415.9552917480469,
            0.03403367102146149,
            416.0
        ]
    ],
    "scores": [
        0.9976345300674438,
        0.24416334927082062
    ]
}