{
    "predicted_boxes": [
        [
            0.0,
            415.9609069824219,
            0.031107222661376,
            416.0
        ],
        [
            415.93743896484375,
            201.8850860595703,
            415.9998779296875,
            221.1041717529297
        ],
        [
            81.00775909423828,
            415.9192199707031,
            84.01751708984375,
            415.99822998046875
        ],
        [
            20.497560501098633,
            200.07383728027344,
            27.010414123535156,
            215.84156799316406
        ]
    ],
    "scores": [
        0.24416334927082062,
        0.24416334927082062,
        0.08057084679603577,
        0.052851155400276184
    ]
}