{
    "predicted_boxes": [
        [
            298.361083984375,
            210.7066192626953,
            304.9184875488281,
            225.09043884277344
        ],
        [
            0.0,
            415.9521789550781,
            0.031083209440112114,
            416.0
        ]
    ],
    "scores": [
        0.5371859669685364,
        0.24416334927082062
    ]
}