{
    "predicted_boxes": [
        [
            239.80775451660156,
            112.12503051757812,
            260.4073181152344,
            128.11277770996094
        ],
        [
            0.0,
            415.95770263671875,
            0.028956817463040352,
            416.0
        ]
    ],
    "scores": [
        0.32301390171051025,
        0.24416334927082062
    ]
}