{
    "predicted_boxes": [
        [
            0.0,
            415.9565734863281,
            0.03027968667447567,
            416.0
        ],
        [
            327.5542297363281,
            415.8896179199219,
            330.96673583984375,
            415.99676513671875
        ],
        [
            81.10386657714844,
            415.91156005859375,
            84.14013671875,
            415.9982604980469
        ]
    ],
    "scores": [
        0.24416334927082062,
        0.10087542235851288,
        0.08299288153648376
    ]
}