{
    "predicted_boxes": [
        [
            309.5655212402344,
            205.19354248046875,
            326.4894104003906,
            223.3999481201172
        ],
        [
            0.0,
            415.9561767578125,
            0.03471565246582031,
            416.0
        ]
    ],
    "scores": [
        0.992060661315918,
        0.24416334927082062
    ]
}