{
    "predicted_boxes": [
        [
            0.0,
            415.95233154296875,
            0.03251945599913597,
            416.0
        ],
        [
            415.97296142578125,
            209.81114196777344,
            415.99993896484375,
            229.12857055664062
        ]
    ],
    "scores": [
        0.24416334927082062,
        0.24416334927082062
    ]
}