{
    "predicted_boxes": [
        [
            88.33228302001953,
            191.19760131835938,
            107.46476745605469,
            220.1600799560547
        ],
        [
            0.0,
            415.9561767578125,
            0.03141392767429352,
            416.0
        ]
    ],
    "scores": [
        0.9934427738189697,
        0.24416334927082062
    ]
}