{
    "predicted_boxes": [
        [
            52.29483413696289,
            209.13876342773438,
            58.499271392822266,
            219.25181579589844
        ],
        [
            357.3249206542969,
            152.599609375,
            367.6444396972656,
            186.18463134765625
        ],
        [
            0.0,
            415.9518127441406,
            0.032495442777872086,
            416.0
        ],
        [
            70.91582489013672,
            208.20741271972656,
            73.18701171875,
            216.5789031982422
        ]
    ],
    "scores": [
        0.8466682434082031,
        0.24458426237106323,
        0.24416334927082062,
        0.05423863232135773
    ]
}