{
    "predicted_boxes": [
        [
            0.0,
            415.9565734863281,
            0.030956964939832687,
            416.0
        ],
        [
            327.7794494628906,
            415.9739990234375,
            330.93988037109375,
            416.0
        ],
        [
            374.05511474609375,
            415.92779541015625,
            377.41925048828125,
            416.0
        ],
        [
            365.5816345214844,
            415.84136962890625,
            369.2362365722656,
            415.99560546875
        ],
        [
            371.8579406738281,
            415.9234924316406,
            375.5122985839844,
            415.9978332519531
        ]
    ],
    "scores": [
        0.24416334927082062,
        0.24416334927082062,
        0.24416334927082062,
        0.06304074823856354,
        0.06066206470131874
    ]
}