{
    "predicted_boxes": [
        [
            196.0631103515625,
            165.31549072265625,
            203.85720825195312,
            175.8955841064453
        ],
        [
            0.0,
            415.966552734375,
            0.027841882780194283,
            416.0
        ],
        [
            70.42210388183594,
            415.98358154296875,
            73.86319732666016,
            416.0
        ],
        [
            187.11924743652344,
            164.5812225341797,
            195.37818908691406,
            175.32763671875
        ],
        [
            201.08773803710938,
            166.59808349609375,
            208.36611938476562,
            176.43988037109375
        ]
    ],
    "scores": [
        0.32676368951797485,
        0.24416334927082062,
        0.24416334927082062,
        0.1824539750814438,
        0.1445409506559372
    ]
}