{
    "predicted_boxes": [
        [
            212.21292114257812,
            123.6093978881836,
            219.4174346923828,
            129.54962158203125
        ],
        [
            0.0,
            415.95758056640625,
            0.03150328993797302,
            416.0
        ],
        [
            81.37631225585938,
            415.8346252441406,
            84.40862274169922,
            415.99688720703125
        ],
        [
            69.86719512939453,
            415.8088073730469,
            73.92424011230469,
            415.9949645996094
        ]
    ],
    "scores": [
        0.3162718117237091,
        0.24416334927082062,
        0.08243203163146973,
        0.07067620009183884
    ]
}