{
    "predicted_boxes": [
        [
            214.95156860351562,
            88.89512634277344,
            220.69810485839844,
            97.06169128417969
        ],
        [
            0.0,
            415.9517822265625,
            0.03220755234360695,
            416.0
        ],
        [
            210.19557189941406,
            88.77217864990234,
            213.99993896484375,
            96.6382827758789
        ],
        [
            205.65383911132812,
            88.29090118408203,
            209.51365661621094,
            96.14826965332031
        ]
    ],
    "scores": [
        0.560555636882782,
        0.24416334927082062,
        0.09038518369197845,
        0.05785481259226799
    ]
}