{
    "predicted_boxes": [
        [
            0.0,
            415.9593811035156,
            0.029787076637148857,
            416.0
        ],
        [
            327.4097900390625,
            415.9556884765625,
            330.62982177734375,
            416.0
        ],
        [
            369.23492431640625,
            206.46441650390625,
            374.9798889160156,
            217.08778381347656
        ],
        [
            77.94147491455078,
            415.8215637207031,
            81.05329895019531,
            415.9964904785156
        ],
        [
            139.43002319335938,
            415.8126220703125,
            143.40708923339844,
            415.9969177246094
        ],
        [
            365.6009826660156,
            415.8229064941406,
            369.2397766113281,
            415.9951171875
        ],
        [
            373.94610595703125,
            415.9164733886719,
            377.5911865234375,
            415.99761962890625
        ],
        [
            369.8489685058594,
            415.9001770019531,
            373.4812316894531,
            415.9972839355469
        ],
        [
            371.9006652832031,
            415.9122619628906,
            375.545166015625,
            415.99755859375
        ],
        [
            367.7731628417969,
            415.89361572265625,
            371.3974304199219,
            415.9971008300781
        ]
    ],
    "scores": [
        0.24416334927082062,
        0.24416334927082062,
        0.0754782110452652,
        0.07543838769197464,
        0.06864412873983383,
        0.06317337602376938,
        0.06083415076136589,
        0.06056704744696617,
        0.060545921325683594,
        0.06048601493239403
    ]
}