{
    "predicted_boxes": [
        [
            57.3772087097168,
            210.2078857421875,
            63.465087890625,
            220.77394104003906
        ],
        [
            0.0,
            415.9481201171875,
            0.032834574580192566,
            416.0
        ],
        [
            415.9823913574219,
            214.2792510986328,
            416.0,
            233.20384216308594
        ],
        [
            71.28518676757812,
            208.49850463867188,
            73.85676574707031,
            216.61659240722656
        ]
    ],
    "scores": [
        0.6719427704811096,
        0.24416334927082062,
        0.24416334927082062,
        0.1368413269519806
    ]
}