{
    "predicted_boxes": [
        [
            0.0,
            415.9561767578125,
            0.030814627185463905,
            416.0
        ],
        [
            81.18220520019531,
            415.9905090332031,
            84.02576446533203,
            416.0
        ],
        [
            327.71893310546875,
            415.9222412109375,
            331.17523193359375,
            415.9977111816406
        ],
        [
            365.56927490234375,
            415.80010986328125,
            369.2104187011719,
            415.9944763183594
        ],
        [
            373.904541015625,
            415.899658203125,
            377.54461669921875,
            415.9971618652344
        ],
        [
            369.7939453125,
            415.8713684082031,
            373.428466796875,
            415.9964904785156
        ],
        [
            371.8475036621094,
            415.889404296875,
            375.49029541015625,
            415.9969482421875
        ],
        [
            367.7273864746094,
            415.8544616699219,
            371.3568420410156,
            415.99603271484375
        ]
    ],
    "scores": [
        0.24416334927082062,
        0.24416334927082062,
        0.10283597558736801,
        0.06329825520515442,
        0.06112249568104744,
        0.060865841805934906,
        0.060830771923065186,
        0.06081938371062279
    ]
}