{
    "predicted_boxes": [
        [
            217.47679138183594,
            11.954657554626465,
            225.66075134277344,
            23.569944381713867
        ],
        [
            0.0,
            415.95428466796875,
            0.03236176818609238,
            416.0
        ]
    ],
    "scores": [
        0.8955563306808472,
        0.24416334927082062
    ]
}