{
    "predicted_boxes": [
        [
            0.0,
            415.9570007324219,
            0.03068714402616024,
            416.0
        ],
        [
            349.15289306640625,
            415.9369201660156,
            352.7133483886719,
            416.0
        ],
        [
            363.67510986328125,
            415.9510498046875,
            367.0830383300781,
            416.0
        ],
        [
            347.03985595703125,
            415.7925720214844,
            350.92327880859375,
            415.9941711425781
        ],
        [
            351.16546630859375,
            415.912841796875,
            355.0290222167969,
            415.9974365234375
        ],
        [
            353.31011962890625,
            415.83380126953125,
            357.183837890625,
            415.9951477050781
        ]
    ],
    "scores": [
        0.24416334927082062,
        0.24416334927082062,
        0.24416334927082062,
        0.07028890401124954,
        0.06816896051168442,
        0.06814956665039062
    ]
}