{
    "predicted_boxes": [
        [
            327.41656494140625,
            194.25714111328125,
            341.34161376953125,
            219.08644104003906
        ],
        [
            31.97373390197754,
            205.069580078125,
            38.00186538696289,
            216.06280517578125
        ],
        [
            0.0,
            415.9540100097656,
            0.029543988406658173,
            416.0
        ],
        [
            32.0829963684082,
            205.69744873046875,
            35.7901725769043,
            214.5981903076172
        ]
    ],
    "scores": [
        0.9971464276313782,
        0.9915499687194824,
        0.24416334927082062,
        0.1868305802345276
    ]
}