{
    "predicted_boxes": [
        [
            209.30271911621094,
            189.8686065673828,
            218.1344451904297,
            214.49053955078125
        ],
        [
            154.75970458984375,
            189.72576904296875,
            163.25001525878906,
            214.2710418701172
        ],
        [
            208.27169799804688,
            216.59010314941406,
            211.78871154785156,
            225.8924560546875
        ],
        [
            189.22555541992188,
            216.49769592285156,
            192.7498779296875,
            226.18580627441406
        ]
    ],
    "scores": [
        0.564578652381897,
        0.484493613243103,
        0.46494260430336,
        0.3128916621208191
    ]
}