{
    "predicted_boxes": [
        [
            0.0,
            415.9543762207031,
            0.030657930299639702,
            416.0
        ],
        [
            69.99832153320312,
            415.84576416015625,
            74.00288391113281,
            415.9959411621094
        ],
        [
            363.4532775878906,
            415.89654541015625,
            367.171142578125,
            415.9971008300781
        ]
    ],
    "scores": [
        0.24416334927082062,
        0.0705355629324913,
        0.06439373642206192
    ]
}