{
    "predicted_boxes": [
        [
            0.0,
            415.947998046875,
            0.03258802369236946,
            416.0
        ]
    ],
    "scores": [
        0.24416334927082062
    ]
}