{
    "predicted_boxes": [
        [
            0.0,
            415.9548034667969,
            0.031100044026970863,
            416.0
        ],
        [
            415.9496765136719,
            206.0256805419922,
            415.9998779296875,
            225.50448608398438
        ],
        [
            415.9943542480469,
            201.5018310546875,
            416.0,
            220.92636108398438
        ]
    ],
    "scores": [
        0.24416334927082062,
        0.24416334927082062,
        0.24416334927082062
    ]
}