{
    "predicted_boxes": [
        [
            224.59559631347656,
            215.89927673339844,
            233.29147338867188,
            228.54754638671875
        ],
        [
            62.708770751953125,
            198.67355346679688,
            74.00367736816406,
            218.43894958496094
        ],
        [
            0.0,
            415.95843505859375,
            0.028528567403554916,
            416.0
        ],
        [
            146.9932861328125,
            220.34925842285156,
            152.51536560058594,
            228.46359252929688
        ]
    ],
    "scores": [
        0.9418461322784424,
        0.9178619384765625,
        0.24416334927082062,
        0.1962020844221115
    ]
}