{
    "predicted_boxes": [
        [
            0.0,
            415.9513244628906,
            0.028699371963739395,
            416.0
        ]
    ],
    "scores": [
        0.24416334927082062
    ]
}