{
    "predicted_boxes": [
        [
            304.3013000488281,
            202.77391052246094,
            320.63800048828125,
            232.45960998535156
        ],
        [
            0.0,
            415.9530334472656,
            0.033593542873859406,
            416.0
        ]
    ],
    "scores": [
        0.998157799243927,
        0.24416334927082062
    ]
}