{
    "predicted_boxes": [
        [
            0.0,
            415.9518127441406,
            0.034552525728940964,
            416.0
        ]
    ],
    "scores": [
        0.24416334927082062
    ]
}