{
    "predicted_boxes": [
        [
            227.12953186035156,
            224.55625915527344,
            234.0461883544922,
            234.16192626953125
        ],
        [
            247.5496063232422,
            223.87416076660156,
            249.84332275390625,
            229.42918395996094
        ],
        [
            0.0,
            415.9472351074219,
            0.030650505796074867,
            416.0
        ],
        [
            247.63059997558594,
            224.0941162109375,
            249.0040740966797,
            228.12969970703125
        ],
        [
            217.94004821777344,
            34.391944885253906,
            224.79229736328125,
            47.469085693359375
        ],
        [
            247.02920532226562,
            224.11756896972656,
            248.78782653808594,
            229.232666015625
        ],
        [
            227.56895446777344,
            229.0297088623047,
            233.8706512451172,
            235.36680603027344
        ]
    ],
    "scores": [
        0.8890219330787659,
        0.25659698247909546,
        0.24416334927082062,
        0.16655348241329193,
        0.09316986054182053,
        0.08324682712554932,
        0.05130980163812637
    ]
}