{
    "predicted_boxes": [
        [
            106.95323181152344,
            198.26318359375,
            123.42926025390625,
            222.21536254882812
        ],
        [
            0.0,
            415.961181640625,
            0.029550177976489067,
            416.0
        ]
    ],
    "scores": [
        0.9559818506240845,
        0.24416334927082062
    ]
}