{
    "predicted_boxes": [
        [
            41.36079025268555,
            174.66390991210938,
            62.44270706176758,
            212.56268310546875
        ],
        [
            159.76539611816406,
            221.2357635498047,
            165.5244903564453,
            229.52069091796875
        ],
        [
            0.0,
            415.9570617675781,
            0.030027439817786217,
            416.0
        ]
    ],
    "scores": [
        0.9974905252456665,
        0.9473302960395813,
        0.24416334927082062
    ]
}