{
    "predicted_boxes": [
        [
            0.0,
            415.957275390625,
            0.03148423135280609,
            416.0
        ],
        [
            81.15165710449219,
            415.9583740234375,
            84.00804138183594,
            416.0
        ],
        [
            69.99940490722656,
            415.80224609375,
            73.98489379882812,
            415.9952392578125
        ],
        [
            363.3987121582031,
            415.8455505371094,
            367.10479736328125,
            415.99560546875
        ],
        [
            365.6242980957031,
            415.90594482421875,
            369.25933837890625,
            415.9974060058594
        ]
    ],
    "scores": [
        0.24416334927082062,
        0.24416334927082062,
        0.07084017992019653,
        0.06465108692646027,
        0.062327608466148376
    ]
}