{
    "predicted_boxes": [
        [
            123.46769714355469,
            221.766845703125,
            128.0578155517578,
            232.07681274414062
        ],
        [
            166.15711975097656,
            225.78636169433594,
            168.92002868652344,
            230.20338439941406
        ],
        [
            135.38308715820312,
            221.09022521972656,
            137.91815185546875,
            226.05462646484375
        ]
    ],
    "scores": [
        0.2638415992259979,
        0.12518323957920074,
        0.08424517512321472
    ]
}