{
    "predicted_boxes": [
        [
            0.0,
            415.9485168457031,
            0.03153052181005478,
            416.0
        ],
        [
            291.06207275390625,
            168.94007873535156,
            306.54058837890625,
            176.94151306152344
        ]
    ],
    "scores": [
        0.24416334927082062,
        0.05381803214550018
    ]
}