{
    "predicted_boxes": [
        [
            135.3455352783203,
            222.94837951660156,
            140.3395538330078,
            232.1756134033203
        ],
        [
            302.4642333984375,
            155.21823120117188,
            320.1363525390625,
            167.9781951904297
        ],
        [
            169.47280883789062,
            225.57302856445312,
            173.11636352539062,
            230.39674377441406
        ]
    ],
    "scores": [
        0.39649537205696106,
        0.3720855414867401,
        0.09145434200763702
    ]
}