{
    "predicted_boxes": [
        [
            208.4905242919922,
            213.24575805664062,
            212.02041625976562,
            224.88377380371094
        ],
        [
            185.0760955810547,
            213.4134979248047,
            188.9164276123047,
            224.82582092285156
        ],
        [
            0.0,
            415.9648742675781,
            0.02544245310127735,
            416.0
        ],
        [
            103.14573669433594,
            151.70680236816406,
            117.60758209228516,
            195.27943420410156
        ],
        [
            211.28408813476562,
            137.21456909179688,
            231.6255340576172,
            195.67349243164062
        ]
    ],
    "scores": [
        0.4331419765949249,
        0.29447704553604126,
        0.24416334927082062,
        0.14836804568767548,
        0.06506048142910004
    ]
}