{
    "predicted_boxes": [
        [
            255.95046997070312,
            221.5366973876953,
            259.53411865234375,
            228.2451934814453
        ],
        [
            0.0,
            415.94964599609375,
            0.03168003633618355,
            416.0
        ],
        [
            236.38230895996094,
            225.25399780273438,
            239.5034942626953,
            229.5118865966797
        ]
    ],
    "scores": [
        0.5901271104812622,
        0.24416334927082062,
        0.20723296701908112
    ]
}