{
    "predicted_boxes": [
        [
            295.69842529296875,
            213.78695678710938,
            304.67572021484375,
            225.85235595703125
        ],
        [
            309.9287109375,
            202.90139770507812,
            323.2820129394531,
            221.41539001464844
        ],
        [
            221.23736572265625,
            221.25306701660156,
            226.925048828125,
            229.65982055664062
        ],
        [
            0.0,
            415.9530944824219,
            0.03216026723384857,
            416.0
        ]
    ],
    "scores": [
        0.9940335154533386,
        0.9883937835693359,
        0.6960521936416626,
        0.24416334927082062
    ]
}