{
    "predicted_boxes": [
        [
            291.5626220703125,
            198.45834350585938,
            299.8218078613281,
            223.2551727294922
        ],
        [
            306.13555908203125,
            220.7840118408203,
            310.76629638671875,
            231.03189086914062
        ],
        [
            0.0,
            415.952880859375,
            0.03091314807534218,
            416.0
        ],
        [
            292.3517150878906,
            207.31654357910156,
            299.0722961425781,
            222.48497009277344
        ]
    ],
    "scores": [
        0.9930740594863892,
        0.4283970594406128,
        0.24416334927082062,
        0.0594940222799778
    ]
}