{
    "predicted_boxes": [
        [
            262.978515625,
            209.78530883789062,
            277.4393615722656,
            226.81434631347656
        ],
        [
            343.9410095214844,
            173.85989379882812,
            364.146240234375,
            213.31488037109375
        ],
        [
            144.18617248535156,
            216.03536987304688,
            152.69361877441406,
            227.3262176513672
        ],
        [
            84.34664916992188,
            216.94369506835938,
            87.90682220458984,
            230.0043487548828
        ]
    ],
    "scores": [
        0.9987339377403259,
        0.9982256293296814,
        0.9859107732772827,
        0.0784415602684021
    ]
}