{
    "predicted_boxes": [
        [
            293.185546875,
            150.12220764160156,
            308.6392822265625,
            188.78175354003906
        ],
        [
            0.0,
            415.9506530761719,
            0.030495790764689445,
            416.0
        ]
    ],
    "scores": [
        0.5481770634651184,
        0.24416334927082062
    ]
}