{
    "predicted_boxes": [
        [
            318.2668762207031,
            214.7704620361328,
            322.8572998046875,
            223.3379669189453
        ],
        [
            0.0,
            415.9553527832031,
            0.03397129476070404,
            416.0
        ],
        [
            70.12882995605469,
            415.9271240234375,
            73.79103088378906,
            416.0
        ],
        [
            77.88847351074219,
            415.8728332519531,
            80.9177017211914,
            415.9976501464844
        ]
    ],
    "scores": [
        0.9177472591400146,
        0.24416334927082062,
        0.24416334927082062,
        0.07758801430463791
    ]
}