{
    "predicted_boxes": [
        [
            0.0,
            415.95623779296875,
            0.033729199320077896,
            416.0
        ],
        [
            415.98248291015625,
            206.2539520263672,
            415.99993896484375,
            225.44967651367188
        ],
        [
            234.46871948242188,
            225.72752380371094,
            235.873046875,
            229.46311950683594
        ],
        [
            233.9635467529297,
            225.5576629638672,
            235.49392700195312,
            229.23196411132812
        ],
        [
            235.1216583251953,
            225.6403045654297,
            236.5435028076172,
            229.5774383544922
        ]
    ],
    "scores": [
        0.24416334927082062,
        0.24416334927082062,
        0.18218331038951874,
        0.1615147888660431,
        0.062074437737464905
    ]
}