{
    "predicted_boxes": [
        [
            159.8499755859375,
            225.29776000976562,
            162.58285522460938,
            229.55526733398438
        ],
        [
            332.13482666015625,
            213.92393493652344,
            336.86248779296875,
            222.6159210205078
        ],
        [
            109.64945220947266,
            220.3182373046875,
            115.25628662109375,
            231.46995544433594
        ],
        [
            159.59869384765625,
            226.883544921875,
            162.1659698486328,
            229.8905792236328
        ]
    ],
    "scores": [
        0.4699145257472992,
        0.16848666965961456,
        0.15202708542346954,
        0.05271954834461212
    ]
}