{
    "predicted_boxes": [
        [
            79.28717803955078,
            187.25790405273438,
            98.0322494506836,
            218.36172485351562
        ],
        [
            181.33441162109375,
            225.21792602539062,
            184.23023986816406,
            230.46112060546875
        ],
        [
            167.81277465820312,
            226.52040100097656,
            170.30575561523438,
            230.67897033691406
        ],
        [
            182.39480590820312,
            225.2174835205078,
            185.057861328125,
            230.06430053710938
        ],
        [
            180.067626953125,
            225.20730590820312,
            183.4259490966797,
            230.62681579589844
        ],
        [
            168.462646484375,
            226.17405700683594,
            170.9678192138672,
            230.15032958984375
        ]
    ],
    "scores": [
        0.9981546998023987,
        0.24645571410655975,
        0.16689498722553253,
        0.09625367820262909,
        0.05780641362071037,
        0.05172575265169144
    ]
}