{
    "predicted_boxes": [
        [
            0.0,
            415.95758056640625,
            0.030344294384121895,
            416.0
        ],
        [
            128.23699951171875,
            186.51251220703125,
            136.6051483154297,
            192.46966552734375
        ],
        [
            134.30706787109375,
            186.3338623046875,
            162.54039001464844,
            194.0690155029297
        ]
    ],
    "scores": [
        0.24416334927082062,
        0.09485449641942978,
        0.05308123677968979
    ]
}