{
    "predicted_boxes": [
        [
            0.0,
            415.953125,
            0.031839702278375626,
            416.0
        ],
        [
            238.48721313476562,
            415.9422302246094,
            241.49473571777344,
            416.0
        ],
        [
            69.83851623535156,
            415.8454284667969,
            73.89427185058594,
            415.9959716796875
        ],
        [
            363.4352722167969,
            415.8678894042969,
            367.1680603027344,
            415.9963073730469
        ],
        [
            365.6293640136719,
            415.9242858886719,
            369.2906188964844,
            415.9979248046875
        ]
    ],
    "scores": [
        0.24416334927082062,
        0.24416334927082062,
        0.06842043995857239,
        0.06418465077877045,
        0.062112923711538315
    ]
}