{
    "predicted_boxes": [
        [
            269.47747802734375,
            222.1041717529297,
            272.8898010253906,
            228.57919311523438
        ],
        [
            257.9223327636719,
            221.17434692382812,
            261.7867431640625,
            228.28965759277344
        ],
        [
            0.0,
            415.9554748535156,
            0.03198624774813652,
            416.0
        ],
        [
            236.86863708496094,
            224.9446563720703,
            240.13999938964844,
            229.79534912109375
        ]
    ],
    "scores": [
        0.9029630422592163,
        0.5065390467643738,
        0.24416334927082062,
        0.14649657905101776
    ]
}