{
    "predicted_boxes": [
        [
            268.7875671386719,
            218.19595336914062,
            275.23333740234375,
            227.99021911621094
        ],
        [
            279.90765380859375,
            220.907470703125,
            283.0011901855469,
            227.78604125976562
        ],
        [
            0.0,
            415.9582214355469,
            0.03178895637392998,
            416.0
        ],
        [
            281.1039733886719,
            221.19802856445312,
            283.83282470703125,
            227.69265747070312
        ]
    ],
    "scores": [
        0.9554916620254517,
        0.5148077011108398,
        0.24416334927082062,
        0.09977998584508896
    ]
}