{
    "predicted_boxes": [
        [
            208.3292236328125,
            216.33177185058594,
            211.67666625976562,
            225.61143493652344
        ],
        [
            209.73390197753906,
            184.33319091796875,
            219.78662109375,
            212.8284454345703
        ],
        [
            0.0,
            415.95733642578125,
            0.028510497882962227,
            416.0
        ],
        [
            147.73788452148438,
            184.4764862060547,
            157.41094970703125,
            212.3731689453125
        ],
        [
            188.4633331298828,
            216.0192413330078,
            191.92747497558594,
            225.7026824951172
        ]
    ],
    "scores": [
        0.32374143600463867,
        0.32161393761634827,
        0.24416334927082062,
        0.21862754225730896,
        0.20048153400421143
    ]
}