{
    "predicted_boxes": [
        [
            113.34773254394531,
            206.04827880859375,
            126.26226043701172,
            224.38475036621094
        ],
        [
            0.0,
            415.9513244628906,
            0.03109731897711754,
            416.0
        ],
        [
            83.97758483886719,
            415.9540710449219,
            86.90213775634766,
            416.0
        ],
        [
            69.8283920288086,
            415.9471130371094,
            73.70231628417969,
            416.0
        ],
        [
            351.37103271484375,
            415.9262390136719,
            354.8960266113281,
            416.0
        ],
        [
            349.1980895996094,
            415.9429931640625,
            352.728759765625,
            416.0
        ],
        [
            361.61468505859375,
            415.96697998046875,
            365.1191711425781,
            416.0
        ],
        [
            86.41938781738281,
            415.8685302734375,
            89.72843170166016,
            415.9964294433594
        ],
        [
            353.3744201660156,
            415.8576965332031,
            357.20599365234375,
            415.9959411621094
        ],
        [
            355.5052490234375,
            415.80413818359375,
            359.3799133300781,
            415.99456787109375
        ]
    ],
    "scores": [
        0.994222104549408,
        0.24416334927082062,
        0.24416334927082062,
        0.24416334927082062,
        0.24416334927082062,
        0.24416334927082062,
        0.24416334927082062,
        0.0963779017329216,
        0.06690215319395065,
        0.06686996668577194
    ]
}