{
    "predicted_boxes": [
        [
            0.0,
            415.95428466796875,
            0.031026523560285568,
            416.0
        ],
        [
            365.7992858886719,
            415.9891662597656,
            369.1588439941406,
            416.0
        ],
        [
            69.98755645751953,
            415.92266845703125,
            73.97767639160156,
            415.9979553222656
        ],
        [
            363.4768371582031,
            415.9291687011719,
            367.1900939941406,
            415.99798583984375
        ]
    ],
    "scores": [
        0.24416334927082062,
        0.24416334927082062,
        0.06946104764938354,
        0.0640459805727005
    ]
}