{
    "predicted_boxes": [
        [
            0.0,
            415.9600524902344,
            0.030309639871120453,
            416.0
        ],
        [
            81.3379135131836,
            415.9787292480469,
            84.3273696899414,
            416.0
        ],
        [
            261.8751525878906,
            108.29241180419922,
            272.0054931640625,
            121.08032989501953
        ]
    ],
    "scores": [
        0.24416334927082062,
        0.24416334927082062,
        0.059818316251039505
    ]
}