{
    "predicted_boxes": [
        [
            265.4887390136719,
            217.13304138183594,
            278.702392578125,
            227.46128845214844
        ],
        [
            0.0,
            415.9605407714844,
            0.03453098610043526,
            416.0
        ],
        [
            415.9535827636719,
            210.07472229003906,
            415.9999084472656,
            229.53945922851562
        ]
    ],
    "scores": [
        0.6043131947517395,
        0.24416334927082062,
        0.24416334927082062
    ]
}