{
    "predicted_boxes": [
        [
            0.0,
            415.95806884765625,
            0.03149561583995819,
            416.0
        ],
        [
            365.83697509765625,
            415.93902587890625,
            369.1835632324219,
            416.0
        ],
        [
            368.0035400390625,
            415.9898681640625,
            371.333984375,
            416.0
        ],
        [
            236.00808715820312,
            415.9344787597656,
            239.02195739746094,
            416.0
        ],
        [
            312.7886047363281,
            415.9385070800781,
            316.1663818359375,
            416.0
        ],
        [
            81.1240005493164,
            415.84356689453125,
            84.16619873046875,
            415.9970703125
        ],
        [
            347.24444580078125,
            415.9063720703125,
            351.0741271972656,
            415.99737548828125
        ],
        [
            353.3208312988281,
            415.8260498046875,
            357.2071838378906,
            415.9950256347656
        ],
        [
            351.1946716308594,
            415.918212890625,
            355.06890869140625,
            415.9976501464844
        ],
        [
            361.42822265625,
            415.8788757324219,
            365.23779296875,
            415.9965515136719
        ],
        [
            363.51519775390625,
            415.92108154296875,
            367.2107849121094,
            415.9977722167969
        ]
    ],
    "scores": [
        0.24416334927082062,
        0.24416334927082062,
        0.24416334927082062,
        0.24416334927082062,
        0.24416334927082062,
        0.0811002179980278,
        0.06935218721628189,
        0.06853805482387543,
        0.06847046315670013,
        0.06618954241275787,
        0.06368069350719452
    ]
}