{
    "predicted_boxes": [
        [
            238.72909545898438,
            188.33900451660156,
            247.03797912597656,
            208.85557556152344
        ],
        [
            0.0,
            415.9544982910156,
            0.03399530425667763,
            416.0
        ],
        [
            27.549501419067383,
            202.90560913085938,
            36.057777404785156,
            224.64390563964844
        ]
    ],
    "scores": [
        0.4629664719104767,
        0.24416334927082062,
        0.06244216114282608
    ]
}