{
    "predicted_boxes": [
        [
            62.024654388427734,
            210.8966827392578,
            68.00443267822266,
            221.10800170898438
        ],
        [
            0.0,
            415.9470520019531,
            0.033450957387685776,
            416.0
        ],
        [
            72.05071258544922,
            208.80784606933594,
            74.69852447509766,
            216.843505859375
        ]
    ],
    "scores": [
        0.9380866289138794,
        0.24416334927082062,
        0.12173067778348923
    ]
}