{
    "predicted_boxes": [
        [
            159.21502685546875,
            215.66722106933594,
            167.8824462890625,
            227.99798583984375
        ],
        [
            0.0,
            415.95745849609375,
            0.027520325034856796,
            416.0
        ]
    ],
    "scores": [
        0.9597079157829285,
        0.24416334927082062
    ]
}