{
    "predicted_boxes": [
        [
            33.03599548339844,
            173.80349731445312,
            52.70039749145508,
            211.3921356201172
        ],
        [
            255.643310546875,
            210.93020629882812,
            267.0196228027344,
            227.04380798339844
        ],
        [
            128.58595275878906,
            214.1972198486328,
            137.0015869140625,
            226.20343017578125
        ],
        [
            146.60333251953125,
            220.86972045898438,
            151.2206573486328,
            229.2855682373047
        ],
        [
            218.8231201171875,
            219.837646484375,
            225.794189453125,
            229.37353515625
        ],
        [
            192.8455047607422,
            225.6133270263672,
            195.3751983642578,
            231.4318084716797
        ]
    ],
    "scores": [
        0.9972264170646667,
        0.9801660180091858,
        0.8755959868431091,
        0.1454002559185028,
        0.12483608722686768,
        0.0862012505531311
    ]
}