{
    "predicted_boxes": [
        [
            383.79058837890625,
            202.78997802734375,
            388.9073486328125,
            214.84925842285156
        ],
        [
            0.0,
            415.95513916015625,
            0.03256525099277496,
            416.0
        ]
    ],
    "scores": [
        0.8748732209205627,
        0.24416334927082062
    ]
}