{
    "predicted_boxes": [
        [
            0.0,
            415.95550537109375,
            0.030951766297221184,
            416.0
        ]
    ],
    "scores": [
        0.24416334927082062
    ]
}