{
    "predicted_boxes": [
        [
            0.0,
            415.9552917480469,
            0.030133141204714775,
            416.0
        ]
    ],
    "scores": [
        0.24416334927082062
    ]
}