{
    "predicted_boxes": [
        [
            0.0,
            415.958740234375,
            0.02946551702916622,
            416.0
        ],
        [
            81.16373443603516,
            415.84600830078125,
            84.18141174316406,
            415.9971008300781
        ]
    ],
    "scores": [
        0.24416334927082062,
        0.08147481828927994
    ]
}