{
    "predicted_boxes": [
        [
            374.76275634765625,
            204.4022216796875,
            382.07861328125,
            216.5572509765625
        ],
        [
            147.41241455078125,
            224.31166076660156,
            150.55477905273438,
            230.34222412109375
        ],
        [
            86.24506378173828,
            216.87850952148438,
            93.25074768066406,
            230.3019256591797
        ],
        [
            415.95343017578125,
            193.77796936035156,
            415.9998779296875,
            212.30941772460938
        ],
        [
            168.82086181640625,
            220.63893127441406,
            173.09600830078125,
            228.14402770996094
        ]
    ],
    "scores": [
        0.7955268621444702,
        0.4528980851173401,
        0.2669493556022644,
        0.24416334927082062,
        0.0979272872209549
    ]
}