{
    "predicted_boxes": [
        [
            146.60488891601562,
            216.38038635253906,
            155.05828857421875,
            227.43289184570312
        ],
        [
            0.0,
            415.9563903808594,
            0.03356161341071129,
            416.0
        ]
    ],
    "scores": [
        0.9931476712226868,
        0.24416334927082062
    ]
}