{
    "predicted_boxes": [
        [
            203.67599487304688,
            211.09803771972656,
            215.9479217529297,
            227.62582397460938
        ],
        [
            0.0,
            415.9582214355469,
            0.030407914891839027,
            416.0
        ]
    ],
    "scores": [
        0.9409614205360413,
        0.24416334927082062
    ]
}