{
    "predicted_boxes": [
        [
            285.2652587890625,
            211.84500122070312,
            301.4784851074219,
            225.96450805664062
        ],
        [
            0.0,
            415.95745849609375,
            0.03338932245969772,
            416.0
        ],
        [
            415.93975830078125,
            197.58888244628906,
            415.9998474121094,
            216.27650451660156
        ]
    ],
    "scores": [
        0.3114921748638153,
        0.24416334927082062,
        0.24416334927082062
    ]
}