{
    "predicted_boxes": [
        [
            0.0,
            415.95196533203125,
            0.034317851066589355,
            416.0
        ],
        [
            58.678184509277344,
            187.85841369628906,
            63.45613479614258,
            205.30397033691406
        ]
    ],
    "scores": [
        0.24416334927082062,
        0.055289823561906815
    ]
}