{
    "predicted_boxes": [
        [
            266.1334533691406,
            214.35121154785156,
            278.8099060058594,
            232.72073364257812
        ],
        [
            0.0,
            415.9603271484375,
            0.029239263385534286,
            416.0
        ]
    ],
    "scores": [
        0.9919821619987488,
        0.24416334927082062
    ]
}