{
    "predicted_boxes": [
        [
            0.0,
            415.954345703125,
            0.03400347754359245,
            416.0
        ],
        [
            125.73975372314453,
            221.9239044189453,
            131.05569458007812,
            232.5919647216797
        ]
    ],
    "scores": [
        0.24416334927082062,
        0.1465938240289688
    ]
}