{
    "predicted_boxes": [
        [
            245.5625762939453,
            200.888671875,
            267.47369384765625,
            226.24368286132812
        ],
        [
            89.27688598632812,
            208.20753479003906,
            99.8415756225586,
            223.15089416503906
        ],
        [
            0.0,
            415.9620361328125,
            0.031678054481744766,
            416.0
        ]
    ],
    "scores": [
        0.9962154030799866,
        0.9925547242164612,
        0.24416334927082062
    ]
}