{
    "predicted_boxes": [
        [
            187.58888244628906,
            221.30035400390625,
            193.30320739746094,
            229.28636169433594
        ],
        [
            0.0,
            415.9524230957031,
            0.0328647755086422,
            416.0
        ],
        [
            65.41175842285156,
            415.81158447265625,
            69.60195922851562,
            415.9946594238281
        ]
    ],
    "scores": [
        0.8723795413970947,
        0.24416334927082062,
        0.0665697529911995
    ]
}