{
    "predicted_boxes": [
        [
            278.6481018066406,
            211.83248901367188,
            290.3516540527344,
            226.39352416992188
        ],
        [
            315.96380615234375,
            194.19989013671875,
            332.58978271484375,
            219.9956512451172
        ],
        [
            186.6589813232422,
            219.83389282226562,
            192.99220275878906,
            229.2732391357422
        ],
        [
            0.0,
            415.95489501953125,
            0.02818671241402626,
            416.0
        ],
        [
            415.935791015625,
            201.64231872558594,
            415.9998779296875,
            220.81053161621094
        ]
    ],
    "scores": [
        0.9973580241203308,
        0.9914957284927368,
        0.9799245595932007,
        0.24416334927082062,
        0.24416334927082062
    ]
}