{
    "predicted_boxes": [
        [
            0.0,
            415.95367431640625,
            0.03193351998925209,
            416.0
        ]
    ],
    "scores": [
        0.24416334927082062
    ]
}