{
    "predicted_boxes": [
        [
            254.78575134277344,
            217.7764129638672,
            265.0530090332031,
            232.1814422607422
        ],
        [
            0.0,
            415.9472961425781,
            0.03301157057285309,
            416.0
        ]
    ],
    "scores": [
        0.8786190152168274,
        0.24416334927082062
    ]
}