{
    "predicted_boxes": [
        [
            121.4140396118164,
            221.62423706054688,
            124.99073791503906,
            227.31100463867188
        ],
        [
            257.36517333984375,
            205.8955535888672,
            261.84320068359375,
            218.03294372558594
        ],
        [
            48.92878723144531,
            209.75633239746094,
            57.5562744140625,
            225.59017944335938
        ],
        [
            49.96842575073242,
            220.56629943847656,
            59.24919128417969,
            227.38494873046875
        ],
        [
            52.95220947265625,
            221.88404846191406,
            64.17253875732422,
            228.1014404296875
        ]
    ],
    "scores": [
        0.6801589131355286,
        0.6250047087669373,
        0.22849315404891968,
        0.08942893892526627,
        0.08715483546257019
    ]
}