{
    "predicted_boxes": [
        [
            148.22901916503906,
            155.04891967773438,
            159.86180114746094,
            164.55062866210938
        ],
        [
            0.0,
            415.95684814453125,
            0.03198154270648956,
            416.0
        ],
        [
            195.60231018066406,
            152.9166717529297,
            205.36874389648438,
            161.6099395751953
        ],
        [
            203.58778381347656,
            153.1251983642578,
            211.3574676513672,
            161.8840789794922
        ]
    ],
    "scores": [
        0.37252700328826904,
        0.24416334927082062,
        0.2097148895263672,
        0.17545278370380402
    ]
}