{
    "predicted_boxes": [
        [
            0.0,
            415.95745849609375,
            0.033832669258117676,
            416.0
        ]
    ],
    "scores": [
        0.24416334927082062
    ]
}