{
    "predicted_boxes": [
        [
            262.6658935546875,
            219.57582092285156,
            267.6756286621094,
            228.1119842529297
        ],
        [
            0.0,
            415.95501708984375,
            0.03290042281150818,
            416.0
        ],
        [
            274.633056640625,
            221.4896697998047,
            277.71197509765625,
            227.80177307128906
        ]
    ],
    "scores": [
        0.8053563833236694,
        0.24416334927082062,
        0.13464613258838654
    ]
}