{
    "predicted_boxes": [
        [
            0.0,
            415.9622802734375,
            0.02536522038280964,
            416.0
        ],
        [
            209.13430786132812,
            198.3727264404297,
            215.99729919433594,
            217.61570739746094
        ],
        [
            81.07130432128906,
            415.80615234375,
            84.00806427001953,
            415.99603271484375
        ]
    ],
    "scores": [
        0.24416334927082062,
        0.16791962087154388,
        0.07912690937519073
    ]
}