{
    "predicted_boxes": [
        [
            209.5958251953125,
            187.45753479003906,
            218.92555236816406,
            214.03878784179688
        ],
        [
            208.1454315185547,
            216.2818603515625,
            211.6705780029297,
            225.939208984375
        ],
        [
            188.82261657714844,
            216.02737426757812,
            192.27110290527344,
            225.95266723632812
        ],
        [
            151.6734161376953,
            186.66836547851562,
            160.2975616455078,
            213.45782470703125
        ],
        [
            0.0,
            415.9551696777344,
            0.02489364892244339,
            416.0
        ]
    ],
    "scores": [
        0.6381007432937622,
        0.5512596368789673,
        0.39467230439186096,
        0.35261809825897217,
        0.24416334927082062
    ]
}