{
    "predicted_boxes": [
        [
            0.0,
            415.9550476074219,
            0.026095718145370483,
            416.0
        ]
    ],
    "scores": [
        0.24416334927082062
    ]
}