{
    "predicted_boxes": [
        [
            224.88546752929688,
            225.90643310546875,
            229.13494873046875,
            230.40371704101562
        ],
        [
            209.3923797607422,
            227.05384826660156,
            215.2954864501953,
            234.0275421142578
        ],
        [
            0.0,
            415.9520263671875,
            0.034481480717659,
            416.0
        ]
    ],
    "scores": [
        0.4180506467819214,
        0.3841809034347534,
        0.24416334927082062
    ]
}