{
    "predicted_boxes": [
        [
            0.0,
            415.95172119140625,
            0.031150542199611664,
            416.0
        ]
    ],
    "scores": [
        0.24416334927082062
    ]
}