{
    "predicted_boxes": [
        [
            0.0,
            415.9570617675781,
            0.02887042425572872,
            416.0
        ],
        [
            183.87803649902344,
            217.19833374023438,
            186.4829864501953,
            226.09683227539062
        ],
        [
            202.7189483642578,
            196.91876220703125,
            210.21273803710938,
            217.49465942382812
        ],
        [
            156.19180297851562,
            198.1351318359375,
            163.25938415527344,
            216.69900512695312
        ]
    ],
    "scores": [
        0.24416334927082062,
        0.13118061423301697,
        0.10134105384349823,
        0.07325461506843567
    ]
}