{
    "predicted_boxes": [
        [
            254.01126098632812,
            208.19369506835938,
            258.5942077636719,
            219.77975463867188
        ],
        [
            104.78231811523438,
            216.27903747558594,
            107.30184936523438,
            221.90264892578125
        ],
        [
            62.48993682861328,
            212.3697509765625,
            70.6570816040039,
            228.23159790039062
        ],
        [
            105.67092895507812,
            216.22540283203125,
            108.1954574584961,
            221.8896942138672
        ],
        [
            95.16297912597656,
            211.47854614257812,
            99.90225219726562,
            219.7568359375
        ]
    ],
    "scores": [
        0.7601242661476135,
        0.6351112723350525,
        0.1735282838344574,
        0.14107957482337952,
        0.06843344122171402
    ]
}