{
    "predicted_boxes": [
        [
            304.169189453125,
            180.99082946777344,
            312.08587646484375,
            203.24427795410156
        ],
        [
            0.0,
            415.94793701171875,
            0.03329203277826309,
            416.0
        ],
        [
            86.31707000732422,
            415.9613342285156,
            89.48099517822266,
            416.0
        ],
        [
            83.89537048339844,
            415.9645690917969,
            86.90116882324219,
            416.0
        ],
        [
            327.8403625488281,
            415.9693298339844,
            330.96380615234375,
            416.0
        ],
        [
            349.2380676269531,
            415.9756774902344,
            352.804931640625,
            416.0
        ],
        [
            347.1407165527344,
            415.9170227050781,
            351.02618408203125,
            415.9976501464844
        ],
        [
            69.95378875732422,
            415.91107177734375,
            73.97864532470703,
            415.99761962890625
        ],
        [
            351.20526123046875,
            415.9036560058594,
            355.09124755859375,
            415.9972229003906
        ],
        [
            353.3465270996094,
            415.8169860839844,
            357.2628479003906,
            415.9947204589844
        ]
    ],
    "scores": [
        0.3205421268939972,
        0.24416334927082062,
        0.24416334927082062,
        0.24416334927082062,
        0.24416334927082062,
        0.24416334927082062,
        0.0695447027683258,
        0.06857229024171829,
        0.06833433359861374,
        0.06821775436401367
    ]
}