{
    "predicted_boxes": [
        [
            0.0,
            415.9552917480469,
            0.032072145491838455,
            416.0
        ],
        [
            299.75927734375,
            415.8476867675781,
            303.24737548828125,
            415.99609375
        ]
    ],
    "scores": [
        0.24416334927082062,
        0.07854160666465759
    ]
}