{
    "predicted_boxes": [
        [
            0.0,
            415.9540710449219,
            0.030562132596969604,
            416.0
        ]
    ],
    "scores": [
        0.24416334927082062
    ]
}