{
    "predicted_boxes": [
        [
            0.0,
            415.9579772949219,
            0.031177029013633728,
            416.0
        ],
        [
            258.0282287597656,
            150.36253356933594,
            277.12518310546875,
            160.28671264648438
        ],
        [
            260.6893005371094,
            151.47918701171875,
            268.091064453125,
            160.06915283203125
        ]
    ],
    "scores": [
        0.24416334927082062,
        0.21287047863006592,
        0.1416812390089035
    ]
}