{
    "predicted_boxes": [
        [
            259.0211181640625,
            218.80618286132812,
            271.0863037109375,
            227.6385955810547
        ],
        [
            0.0,
            415.9564514160156,
            0.03571968525648117,
            416.0
        ],
        [
            415.9302062988281,
            206.0623016357422,
            415.9998779296875,
            225.4795379638672
        ]
    ],
    "scores": [
        0.7780007719993591,
        0.24416334927082062,
        0.24416334927082062
    ]
}