{
    "predicted_boxes": [
        [
            51.01951599121094,
            177.62998962402344,
            69.82274627685547,
            213.6790008544922
        ],
        [
            0.0,
            415.95806884765625,
            0.02913430519402027,
            416.0
        ],
        [
            148.9817352294922,
            218.0314483642578,
            156.93934631347656,
            229.21046447753906
        ]
    ],
    "scores": [
        0.9939873218536377,
        0.24416334927082062,
        0.17424897849559784
    ]
}