{
    "predicted_boxes": [
        [
            0.0,
            415.9580078125,
            0.03195282816886902,
            416.0
        ],
        [
            365.8381042480469,
            415.9599304199219,
            369.1784362792969,
            416.0
        ],
        [
            81.20833587646484,
            415.8752136230469,
            84.24066925048828,
            415.99761962890625
        ],
        [
            347.18121337890625,
            415.8466491699219,
            351.0494689941406,
            415.9956970214844
        ],
        [
            349.102294921875,
            415.9173278808594,
            352.9748840332031,
            415.9976501464844
        ],
        [
            351.1549377441406,
            415.8168640136719,
            355.0559387207031,
            415.9947814941406
        ],
        [
            361.3764953613281,
            415.8455810546875,
            365.1930236816406,
            415.9955749511719
        ],
        [
            363.498291015625,
            415.9208679199219,
            367.1887512207031,
            415.99774169921875
        ]
    ],
    "scores": [
        0.24416334927082062,
        0.24416334927082062,
        0.08061706274747849,
        0.06998641043901443,
        0.06896087527275085,
        0.06874091178178787,
        0.06625500321388245,
        0.06360377371311188
    ]
}