{
    "predicted_boxes": [
        [
            148.23789978027344,
            155.0407257080078,
            159.87059020996094,
            164.5510711669922
        ],
        [
            0.0,
            415.95684814453125,
            0.03198154270648956,
            416.0
        ],
        [
            195.61135864257812,
            152.91729736328125,
            205.3674774169922,
            161.60362243652344
        ],
        [
            203.588134765625,
            153.12461853027344,
            211.35572814941406,
            161.88209533691406
        ]
    ],
    "scores": [
        0.37683019042015076,
        0.24416334927082062,
        0.20182371139526367,
        0.1730206310749054
    ]
}