{
    "predicted_boxes": [
        [
            275.1269226074219,
            201.97535705566406,
            288.3778381347656,
            224.26663208007812
        ],
        [
            105.15552520751953,
            208.93890380859375,
            116.28355407714844,
            223.1007537841797
        ],
        [
            134.58619689941406,
            219.205810546875,
            140.8236541748047,
            227.5430450439453
        ],
        [
            220.13250732421875,
            217.4637451171875,
            227.97386169433594,
            229.22344970703125
        ],
        [
            189.86871337890625,
            225.1209259033203,
            192.44668579101562,
            230.40676879882812
        ]
    ],
    "scores": [
        0.9901842474937439,
        0.9326611161231995,
        0.7440433502197266,
        0.67364501953125,
        0.0552593469619751
    ]
}