{
    "predicted_boxes": [
        [
            257.28814697265625,
            207.7902374267578,
            273.31884765625,
            226.74960327148438
        ],
        [
            364.52813720703125,
            164.77972412109375,
            381.3988037109375,
            208.6789093017578
        ],
        [
            127.60907745361328,
            213.96051025390625,
            136.513671875,
            226.57171630859375
        ],
        [
            366.9923400878906,
            170.71983337402344,
            376.9154357910156,
            201.17848205566406
        ]
    ],
    "scores": [
        0.9983018636703491,
        0.9961202144622803,
        0.991672694683075,
        0.07160451263189316
    ]
}