{
    "predicted_boxes": [
        [
            0.0,
            415.957275390625,
            0.03094211034476757,
            416.0
        ],
        [
            415.9450988769531,
            252.78179931640625,
            415.9998779296875,
            294.52703857421875
        ],
        [
            81.22732543945312,
            415.9476318359375,
            84.07128143310547,
            416.0
        ],
        [
            349.052978515625,
            415.93505859375,
            352.6231994628906,
            416.0
        ],
        [
            367.9710998535156,
            415.9870300292969,
            371.29620361328125,
            416.0
        ],
        [
            346.957763671875,
            415.859130859375,
            350.8384094238281,
            415.9961853027344
        ],
        [
            351.0086364746094,
            415.8184814453125,
            354.9006652832031,
            415.99481201171875
        ],
        [
            361.2789611816406,
            415.7898254394531,
            365.11029052734375,
            415.99407958984375
        ],
        [
            363.4603271484375,
            415.8748474121094,
            367.1458435058594,
            415.9964599609375
        ],
        [
            365.6661071777344,
            415.92144775390625,
            369.28961181640625,
            415.997802734375
        ]
    ],
    "scores": [
        0.24416334927082062,
        0.24416334927082062,
        0.24416334927082062,
        0.24416334927082062,
        0.24416334927082062,
        0.06984701752662659,
        0.0685446634888649,
        0.06651468575000763,
        0.0640735775232315,
        0.06233381852507591
    ]
}