{
    "predicted_boxes": [
        [
            0.0,
            415.9592590332031,
            0.03041311353445053,
            416.0
        ],
        [
            415.97589111328125,
            0.0,
            415.99993896484375,
            65.39386749267578
        ],
        [
            297.7884216308594,
            415.97705078125,
            300.9986267089844,
            416.0
        ],
        [
            365.8053283691406,
            415.9830627441406,
            369.1617736816406,
            416.0
        ],
        [
            81.23409271240234,
            415.8072814941406,
            84.23528289794922,
            415.9962463378906
        ],
        [
            349.18316650390625,
            415.812744140625,
            353.0625305175781,
            415.9947204589844
        ],
        [
            361.3913269042969,
            415.8167724609375,
            365.2209777832031,
            415.99481201171875
        ],
        [
            363.477783203125,
            415.9221496582031,
            367.1901550292969,
            415.9978332519531
        ],
        [
            268.03485107421875,
            415.9071044921875,
            271.1707763671875,
            415.9980773925781
        ]
    ],
    "scores": [
        0.24416334927082062,
        0.24416334927082062,
        0.24416334927082062,
        0.24416334927082062,
        0.08058510720729828,
        0.06967264413833618,
        0.06699548661708832,
        0.06415148824453354,
        0.0634286105632782
    ]
}