{
    "predicted_boxes": [
        [
            136.40086364746094,
            213.431640625,
            145.2543182373047,
            226.76853942871094
        ],
        [
            0.0,
            415.9587707519531,
            0.031415168195962906,
            416.0
        ]
    ],
    "scores": [
        0.9952711462974548,
        0.24416334927082062
    ]
}