{
    "predicted_boxes": [
        [
            288.63031005859375,
            178.8059539794922,
            312.8854675292969,
            219.4074249267578
        ],
        [
            226.31167602539062,
            218.47064208984375,
            234.10755920410156,
            228.94944763183594
        ],
        [
            113.69061279296875,
            211.74603271484375,
            122.39874267578125,
            224.93246459960938
        ],
        [
            0.0,
            415.95721435546875,
            0.030176211148500443,
            416.0
        ]
    ],
    "scores": [
        0.9988920092582703,
        0.96312415599823,
        0.8861637115478516,
        0.24416334927082062
    ]
}