{
    "predicted_boxes": [
        [
            88.81938171386719,
            193.6167449951172,
            107.36754608154297,
            220.33465576171875
        ],
        [
            0.0,
            415.9592590332031,
            0.028009718284010887,
            416.0
        ],
        [
            152.54519653320312,
            220.63099670410156,
            159.30059814453125,
            228.86866760253906
        ]
    ],
    "scores": [
        0.9903557300567627,
        0.24416334927082062,
        0.24289608001708984
    ]
}