{
    "predicted_boxes": [
        [
            301.7995910644531,
            191.1833953857422,
            317.3182678222656,
            220.23526000976562
        ],
        [
            85.56221008300781,
            203.8225860595703,
            98.19686126708984,
            221.24798583984375
        ],
        [
            126.96958923339844,
            217.4216766357422,
            133.50570678710938,
            226.58892822265625
        ],
        [
            222.52035522460938,
            215.04396057128906,
            231.98219299316406,
            228.2415313720703
        ],
        [
            147.3349609375,
            223.0069122314453,
            152.65576171875,
            229.89688110351562
        ]
    ],
    "scores": [
        0.9969770908355713,
        0.9904597997665405,
        0.9166527390480042,
        0.6858254671096802,
        0.050677210092544556
    ]
}