{
    "predicted_boxes": [
        [
            270.83270263671875,
            168.53826904296875,
            282.3462219238281,
            198.1576690673828
        ],
        [
            0.0,
            415.95611572265625,
            0.032996468245983124,
            416.0
        ],
        [
            33.36085891723633,
            204.32192993164062,
            42.04263687133789,
            224.6555938720703
        ]
    ],
    "scores": [
        0.3826437294483185,
        0.24416334927082062,
        0.18615953624248505
    ]
}