{
    "predicted_boxes": [
        [
            0.0,
            415.9559326171875,
            0.03282591328024864,
            416.0
        ]
    ],
    "scores": [
        0.24416334927082062
    ]
}