{
    "predicted_boxes": [
        [
            0.0,
            415.9506530761719,
            0.03125401586294174,
            416.0
        ],
        [
            248.33351135253906,
            223.28179931640625,
            251.4151611328125,
            228.8284149169922
        ]
    ],
    "scores": [
        0.24416334927082062,
        0.09603600949048996
    ]
}