{
    "predicted_boxes": [
        [
            0.0,
            415.9570007324219,
            0.03014601394534111,
            416.0
        ]
    ],
    "scores": [
        0.24416334927082062
    ]
}