{
    "predicted_boxes": [
        [
            0.0,
            415.958251953125,
            0.029567010700702667,
            416.0
        ],
        [
            365.7519226074219,
            415.9739685058594,
            369.0896301269531,
            416.0
        ],
        [
            297.77203369140625,
            415.96759033203125,
            301.02532958984375,
            416.0
        ],
        [
            81.2060317993164,
            415.879150390625,
            84.2369384765625,
            415.9976806640625
        ],
        [
            70.01372528076172,
            415.83111572265625,
            73.97467803955078,
            415.9958801269531
        ],
        [
            363.3710021972656,
            415.8848876953125,
            367.0640563964844,
            415.9967346191406
        ]
    ],
    "scores": [
        0.24416334927082062,
        0.24416334927082062,
        0.24416334927082062,
        0.08075528591871262,
        0.06960063427686691,
        0.06449352204799652
    ]
}