{
    "predicted_boxes": [
        [
            293.38922119140625,
            211.98428344726562,
            299.2054748535156,
            224.9241485595703
        ],
        [
            0.0,
            415.952880859375,
            0.030406426638364792,
            416.0
        ],
        [
            415.93798828125,
            205.53106689453125,
            415.9998779296875,
            224.82203674316406
        ],
        [
            81.05670166015625,
            415.7868957519531,
            84.05511474609375,
            415.9961242675781
        ]
    ],
    "scores": [
        0.988690972328186,
        0.24416334927082062,
        0.24416334927082062,
        0.08415829390287399
    ]
}