{
    "predicted_boxes": [
        [
            97.53535461425781,
            194.37701416015625,
            114.79732513427734,
            220.29586791992188
        ],
        [
            182.64089965820312,
            225.3011474609375,
            185.38914489746094,
            230.4385986328125
        ],
        [
            168.14187622070312,
            226.5465545654297,
            170.8592987060547,
            230.9388885498047
        ],
        [
            181.32545471191406,
            225.1122283935547,
            184.70863342285156,
            230.82847595214844
        ],
        [
            183.48477172851562,
            225.13522338867188,
            186.2731475830078,
            229.92529296875
        ],
        [
            180.16934204101562,
            225.26165771484375,
            183.30722045898438,
            230.95262145996094
        ]
    ],
    "scores": [
        0.9962847232818604,
        0.3609447479248047,
        0.23722831904888153,
        0.15674027800559998,
        0.07721123099327087,
        0.05205928161740303
    ]
}