{
    "predicted_boxes": [
        [
            96.05020904541016,
            206.87466430664062,
            108.0603256225586,
            223.23809814453125
        ],
        [
            286.1816711425781,
            196.74359130859375,
            301.26605224609375,
            222.5190887451172
        ],
        [
            220.87974548339844,
            215.72279357910156,
            229.88583374023438,
            228.846923828125
        ],
        [
            0.0,
            415.96142578125,
            0.029213519766926765,
            416.0
        ]
    ],
    "scores": [
        0.9913254380226135,
        0.981515645980835,
        0.6238783001899719,
        0.24416334927082062
    ]
}