{
    "predicted_boxes": [
        [
            301.1473083496094,
            213.81004333496094,
            309.2600402832031,
            225.33470153808594
        ],
        [
            310.7468566894531,
            204.61744689941406,
            322.9087829589844,
            222.27183532714844
        ],
        [
            0.0,
            415.9527282714844,
            0.03243875503540039,
            416.0
        ]
    ],
    "scores": [
        0.977497398853302,
        0.9672784209251404,
        0.24416334927082062
    ]
}