{
    "predicted_boxes": [
        [
            234.42422485351562,
            146.22459411621094,
            241.66452026367188,
            159.44195556640625
        ],
        [
            214.79408264160156,
            143.4863739013672,
            224.16578674316406,
            157.35186767578125
        ],
        [
            225.4712371826172,
            144.79617309570312,
            233.68931579589844,
            157.39163208007812
        ],
        [
            0.0,
            415.9619140625,
            0.023501716554164886,
            416.0
        ]
    ],
    "scores": [
        0.775359034538269,
        0.434253066778183,
        0.3734082877635956,
        0.24416334927082062
    ]
}