{
    "predicted_boxes": [
        [
            50.88941192626953,
            196.36001586914062,
            62.752227783203125,
            217.803466796875
        ],
        [
            63.74156951904297,
            215.90040588378906,
            67.85022735595703,
            223.7135467529297
        ],
        [
            0.0,
            415.9576416015625,
            0.032604608684778214,
            416.0
        ],
        [
            59.508731842041016,
            215.44747924804688,
            68.58538055419922,
            225.01687622070312
        ]
    ],
    "scores": [
        0.99530029296875,
        0.25265365839004517,
        0.24416334927082062,
        0.06889121234416962
    ]
}