{
    "predicted_boxes": [
        [
            0.0,
            415.954345703125,
            0.03402451425790787,
            416.0
        ],
        [
            125.69499969482422,
            221.92982482910156,
            131.0789794921875,
            232.60519409179688
        ],
        [
            328.5566101074219,
            134.3679962158203,
            345.89410400390625,
            150.67080688476562
        ]
    ],
    "scores": [
        0.24416334927082062,
        0.17398156225681305,
        0.05083050951361656
    ]
}