{
    "predicted_boxes": [
        [
            0.0,
            415.9566345214844,
            0.03392896428704262,
            416.0
        ],
        [
            77.99188995361328,
            415.9346008300781,
            81.06697845458984,
            416.0
        ]
    ],
    "scores": [
        0.24416334927082062,
        0.24416334927082062
    ]
}