{
    "predicted_boxes": [
        [
            201.59024047851562,
            189.8231658935547,
            210.7708282470703,
            195.6772918701172
        ],
        [
            0.0,
            415.95758056640625,
            0.031627558171749115,
            416.0
        ],
        [
            174.81707763671875,
            188.99795532226562,
            207.84860229492188,
            197.85755920410156
        ]
    ],
    "scores": [
        0.25508296489715576,
        0.24416334927082062,
        0.09404756128787994
    ]
}