{
    "predicted_boxes": [
        [
            105.21342468261719,
            197.4061279296875,
            122.20651245117188,
            221.62828063964844
        ],
        [
            0.0,
            415.9576110839844,
            0.030244287103414536,
            416.0
        ]
    ],
    "scores": [
        0.898007333278656,
        0.24416334927082062
    ]
}