{
    "predicted_boxes": [
        [
            0.0,
            415.95318603515625,
            0.032945722341537476,
            416.0
        ],
        [
            65.57453918457031,
            415.9636535644531,
            69.42191314697266,
            416.0
        ],
        [
            67.94181823730469,
            415.932373046875,
            71.79594421386719,
            416.0
        ],
        [
            190.38636779785156,
            221.07273864746094,
            196.90426635742188,
            229.2869873046875
        ],
        [
            363.41473388671875,
            415.9208679199219,
            367.1069030761719,
            415.99774169921875
        ]
    ],
    "scores": [
        0.24416334927082062,
        0.24416334927082062,
        0.24416334927082062,
        0.10116612166166306,
        0.06432700902223587
    ]
}