{
    "predicted_boxes": [
        [
            0.0,
            415.9588623046875,
            0.029688553884625435,
            416.0
        ],
        [
            86.282958984375,
            415.97271728515625,
            89.3623046875,
            416.0
        ],
        [
            349.19012451171875,
            415.92645263671875,
            352.7107238769531,
            416.0
        ],
        [
            65.72840881347656,
            415.93353271484375,
            69.55106353759766,
            416.0
        ],
        [
            361.4954528808594,
            415.9464416503906,
            365.0021057128906,
            416.0
        ],
        [
            236.0440673828125,
            415.981689453125,
            239.06190490722656,
            416.0
        ],
        [
            139.71658325195312,
            415.97589111328125,
            143.25839233398438,
            416.0
        ],
        [
            83.82555389404297,
            415.7882385253906,
            86.895751953125,
            415.9949645996094
        ],
        [
            67.93221282958984,
            415.8806457519531,
            72.08763885498047,
            415.9966125488281
        ],
        [
            353.30859375,
            415.825927734375,
            357.1462707519531,
            415.9949645996094
        ],
        [
            351.166015625,
            415.9056396484375,
            354.9910583496094,
            415.9972839355469
        ]
    ],
    "scores": [
        0.24416334927082062,
        0.24416334927082062,
        0.24416334927082062,
        0.24416334927082062,
        0.24416334927082062,
        0.24416334927082062,
        0.24416334927082062,
        0.09253006428480148,
        0.06841889768838882,
        0.06807008385658264,
        0.0680241510272026
    ]
}