{
    "predicted_boxes": [
        [
            372.76788330078125,
            185.8225555419922,
            387.94207763671875,
            211.9933319091797
        ],
        [
            0.0,
            415.95733642578125,
            0.030466828495264053,
            416.0
        ],
        [
            363.59637451171875,
            415.9591369628906,
            367.01953125,
            416.0
        ],
        [
            361.37530517578125,
            415.83935546875,
            365.20477294921875,
            415.9954528808594
        ]
    ],
    "scores": [
        0.9925920963287354,
        0.24416334927082062,
        0.24416334927082062,
        0.06677118688821793
    ]
}