{
    "predicted_boxes": [
        [
            198.20236206054688,
            218.59915161132812,
            204.4959716796875,
            227.97787475585938
        ],
        [
            0.0,
            415.95068359375,
            0.034071050584316254,
            416.0
        ],
        [
            415.9361572265625,
            213.427734375,
            415.9998779296875,
            233.1292724609375
        ]
    ],
    "scores": [
        0.9329322576522827,
        0.24416334927082062,
        0.24416334927082062
    ]
}