{
    "predicted_boxes": [
        [
            108.10218811035156,
            204.2508544921875,
            120.16382598876953,
            224.00672912597656
        ],
        [
            108.81758117675781,
            235.93234252929688,
            114.50724029541016,
            248.386474609375
        ]
    ],
    "scores": [
        0.9981776475906372,
        0.1069457158446312
    ]
}