{
    "predicted_boxes": [
        [
            0.0,
            415.951904296875,
            0.03356358781456947,
            416.0
        ]
    ],
    "scores": [
        0.24416334927082062
    ]
}