{
    "predicted_boxes": [
        [
            149.57424926757812,
            212.54087829589844,
            161.0596923828125,
            227.37335205078125
        ],
        [
            188.1871795654297,
            224.65167236328125,
            190.97982788085938,
            230.17745971679688
        ]
    ],
    "scores": [
        0.9937558174133301,
        0.19495904445648193
    ]
}