{
    "predicted_boxes": [
        [
            0.0,
            415.9603576660156,
            0.025792229920625687,
            416.0
        ],
        [
            145.57151794433594,
            180.8968963623047,
            155.4568328857422,
            210.50486755371094
        ],
        [
            210.28170776367188,
            180.80154418945312,
            220.15025329589844,
            210.3448028564453
        ]
    ],
    "scores": [
        0.24416334927082062,
        0.21832242608070374,
        0.0857200101017952
    ]
}