{
    "predicted_boxes": [
        [
            170.671875,
            218.3135986328125,
            178.08717346191406,
            228.50035095214844
        ],
        [
            0.0,
            415.95599365234375,
            0.03245459869503975,
            416.0
        ]
    ],
    "scores": [
        0.9841101169586182,
        0.24416334927082062
    ]
}