{
    "predicted_boxes": [
        [
            158.87249755859375,
            215.76974487304688,
            167.57005310058594,
            228.1917266845703
        ],
        [
            0.0,
            415.9547119140625,
            0.03250633552670479,
            416.0
        ],
        [
            363.3934631347656,
            415.9148254394531,
            367.0910339355469,
            415.9975280761719
        ]
    ],
    "scores": [
        0.9798371195793152,
        0.24416334927082062,
        0.06497401744127274
    ]
}