{
    "predicted_boxes": [
        [
            354.8728942871094,
            138.72357177734375,
            380.9609375,
            205.8615264892578
        ],
        [
            96.0332260131836,
            207.33151245117188,
            106.34085083007812,
            223.32518005371094
        ],
        [
            229.41551208496094,
            216.04354858398438,
            238.1080780029297,
            228.81761169433594
        ],
        [
            0.0,
            415.9569396972656,
            0.029935849830508232,
            416.0
        ],
        [
            358.25238037109375,
            143.8720245361328,
            372.71533203125,
            189.68209838867188
        ]
    ],
    "scores": [
        0.9961557984352112,
        0.9768193364143372,
        0.9705197811126709,
        0.24416334927082062,
        0.20581912994384766
    ]
}