{
    "predicted_boxes": [
        [
            0.0,
            415.9512634277344,
            0.03169117495417595,
            416.0
        ]
    ],
    "scores": [
        0.24416334927082062
    ]
}