{
    "predicted_boxes": [
        [
            265.7054748535156,
            192.87901306152344,
            286.8122863769531,
            222.45132446289062
        ],
        [
            0.0,
            415.9588928222656,
            0.031024545431137085,
            416.0
        ]
    ],
    "scores": [
        0.9972319006919861,
        0.24416334927082062
    ]
}