{
    "predicted_boxes": [
        [
            128.87879943847656,
            208.24559020996094,
            141.42857360839844,
            226.3230438232422
        ],
        [
            0.0,
            415.9582214355469,
            0.0291197020560503,
            416.0
        ]
    ],
    "scores": [
        0.9976632595062256,
        0.24416334927082062
    ]
}