{
    "predicted_boxes": [
        [
            121.8209228515625,
            205.51649475097656,
            136.28201293945312,
            224.87442016601562
        ],
        [
            163.9715118408203,
            222.89071655273438,
            168.08309936523438,
            229.46755981445312
        ],
        [
            157.6516876220703,
            224.228759765625,
            159.78720092773438,
            230.28302001953125
        ],
        [
            158.18756103515625,
            224.44223022460938,
            160.62635803222656,
            229.79718017578125
        ]
    ],
    "scores": [
        0.997426450252533,
        0.1977241039276123,
        0.07254451513290405,
        0.051086969673633575
    ]
}