{
    "predicted_boxes": [
        [
            263.365478515625,
            186.87490844726562,
            294.11474609375,
            223.81068420410156
        ],
        [
            69.9488296508789,
            204.7949676513672,
            79.9967269897461,
            220.4971923828125
        ]
    ],
    "scores": [
        0.998354434967041,
        0.9945823550224304
    ]
}