{
    "predicted_boxes": [
        [
            208.6925811767578,
            206.80018615722656,
            214.25071716308594,
            221.0100555419922
        ],
        [
            0.0,
            415.9583740234375,
            0.02689676731824875,
            416.0
        ],
        [
            175.39825439453125,
            205.88021850585938,
            179.97999572753906,
            220.9506072998047
        ],
        [
            78.0185775756836,
            415.8226623535156,
            81.26509094238281,
            415.99676513671875
        ]
    ],
    "scores": [
        0.4883275032043457,
        0.24416334927082062,
        0.11018051207065582,
        0.07896251976490021
    ]
}