{
    "predicted_boxes": [
        [
            141.72950744628906,
            214.27243041992188,
            150.38999938964844,
            226.81301879882812
        ]
    ],
    "scores": [
        0.9936588406562805
    ]
}