{
    "predicted_boxes": [
        [
            172.00192260742188,
            202.98309326171875,
            178.0332794189453,
            219.70408630371094
        ],
        [
            208.7042694091797,
            204.82533264160156,
            214.8302001953125,
            220.21405029296875
        ],
        [
            0.0,
            415.96014404296875,
            0.030749524012207985,
            416.0
        ]
    ],
    "scores": [
        0.5901551246643066,
        0.2519513666629791,
        0.24416334927082062
    ]
}