{
    "predicted_boxes": [
        [
            391.1042785644531,
            177.77447509765625,
            404.4165954589844,
            208.6864776611328
        ],
        [
            0.0,
            415.9581298828125,
            0.027544338256120682,
            416.0
        ],
        [
            64.03907775878906,
            415.98358154296875,
            67.73726654052734,
            416.0
        ],
        [
            363.59967041015625,
            415.9876403808594,
            366.9954833984375,
            416.0
        ],
        [
            347.27392578125,
            415.7967834472656,
            351.1019287109375,
            415.99420166015625
        ],
        [
            351.206298828125,
            415.8137512207031,
            355.0426940917969,
            415.9945983886719
        ],
        [
            349.17156982421875,
            415.89599609375,
            352.9936828613281,
            415.99700927734375
        ],
        [
            65.5458984375,
            415.8454895019531,
            69.63653564453125,
            415.99554443359375
        ],
        [
            361.376220703125,
            415.8978576660156,
            365.1680603027344,
            415.9970703125
        ]
    ],
    "scores": [
        0.6090903282165527,
        0.24416334927082062,
        0.24416334927082062,
        0.24416334927082062,
        0.06826827675104141,
        0.06819696724414825,
        0.06804700940847397,
        0.06608621776103973,
        0.06586667150259018
    ]
}