{
    "predicted_boxes": [
        [
            176.03973388671875,
            180.52749633789062,
            186.4439239501953,
            186.53619384765625
        ],
        [
            150.87652587890625,
            178.8099365234375,
            178.50555419921875,
            186.42791748046875
        ],
        [
            146.81410217285156,
            178.76841735839844,
            153.18710327148438,
            185.4716339111328
        ]
    ],
    "scores": [
        0.14279383420944214,
        0.10294602066278458,
        0.07031865417957306
    ]
}