{
    "predicted_boxes": [
        [
            0.0,
            415.9550476074219,
            0.03389183431863785,
            416.0
        ],
        [
            261.24542236328125,
            174.087158203125,
            271.8509521484375,
            201.0720977783203
        ],
        [
            32.11629867553711,
            203.5818634033203,
            41.04832458496094,
            222.09410095214844
        ]
    ],
    "scores": [
        0.24416334927082062,
        0.1584097295999527,
        0.05333634465932846
    ]
}