{
    "predicted_boxes": [
        [
            104.1484146118164,
            204.2745819091797,
            115.29597473144531,
            222.90121459960938
        ],
        [
            0.0,
            415.95660400390625,
            0.03384257107973099,
            416.0
        ]
    ],
    "scores": [
        0.9859738349914551,
        0.24416334927082062
    ]
}