{
    "predicted_boxes": [
        [
            289.6374206542969,
            213.74014282226562,
            294.5806579589844,
            225.8932342529297
        ],
        [
            0.0,
            415.95062255859375,
            0.030784178525209427,
            416.0
        ]
    ],
    "scores": [
        0.6575318574905396,
        0.24416334927082062
    ]
}