{
    "predicted_boxes": [
        [
            154.97540283203125,
            214.40419006347656,
            164.3978271484375,
            227.58782958984375
        ],
        [
            0.0,
            415.9591369628906,
            0.02631627954542637,
            416.0
        ],
        [
            187.9564208984375,
            224.48284912109375,
            191.4215850830078,
            229.8009796142578
        ]
    ],
    "scores": [
        0.8961412310600281,
        0.24416334927082062,
        0.08550389111042023
    ]
}