{
    "predicted_boxes": [
        [
            177.15826416015625,
            207.44454956054688,
            182.24652099609375,
            221.73519897460938
        ],
        [
            0.0,
            415.9606628417969,
            0.030250724405050278,
            416.0
        ],
        [
            349.3627624511719,
            415.98834228515625,
            352.83575439453125,
            416.0
        ],
        [
            347.4819641113281,
            415.9398193359375,
            350.9414367675781,
            416.0
        ],
        [
            327.2039794921875,
            415.8337097167969,
            330.4104309082031,
            415.994873046875
        ],
        [
            208.6603546142578,
            207.5120391845703,
            213.5125274658203,
            222.05902099609375
        ],
        [
            78.05359649658203,
            415.83880615234375,
            81.31392669677734,
            415.9969482421875
        ],
        [
            351.22552490234375,
            415.9101257324219,
            355.0162048339844,
            415.9974060058594
        ],
        [
            353.3448181152344,
            415.8341979980469,
            357.15252685546875,
            415.99530029296875
        ]
    ],
    "scores": [
        0.2747475206851959,
        0.24416334927082062,
        0.24416334927082062,
        0.24416334927082062,
        0.09176494926214218,
        0.07903064787387848,
        0.07519833743572235,
        0.06676097214221954,
        0.0665920078754425
    ]
}