{
    "predicted_boxes": [
        [
            199.44715881347656,
            155.4769287109375,
            208.7686309814453,
            168.24261474609375
        ],
        [
            0.0,
            415.95989990234375,
            0.022623680531978607,
            416.0
        ],
        [
            218.0772705078125,
            158.0846710205078,
            223.7919158935547,
            169.0548858642578
        ]
    ],
    "scores": [
        0.2631961703300476,
        0.24416334927082062,
        0.055487461388111115
    ]
}