{
    "predicted_boxes": [
        [
            61.612953186035156,
            190.02696228027344,
            71.61634826660156,
            217.81459045410156
        ],
        [
            0.0,
            415.94970703125,
            0.031021324917674065,
            416.0
        ]
    ],
    "scores": [
        0.9817366600036621,
        0.24416334927082062
    ]
}