{
    "predicted_boxes": [
        [
            121.84331512451172,
            205.93716430664062,
            135.98431396484375,
            224.90707397460938
        ],
        [
            0.0,
            415.958740234375,
            0.02898627519607544,
            416.0
        ],
        [
            128.04025268554688,
            224.99697875976562,
            133.99005126953125,
            229.9396514892578
        ]
    ],
    "scores": [
        0.996177077293396,
        0.24416334927082062,
        0.060417771339416504
    ]
}