{
    "predicted_boxes": [
        [
            164.85826110839844,
            225.3272705078125,
            167.60987854003906,
            229.95379638671875
        ],
        [
            120.7712631225586,
            221.28077697753906,
            125.64950561523438,
            232.1060028076172
        ]
    ],
    "scores": [
        0.16457879543304443,
        0.08396834135055542
    ]
}