{
    "predicted_boxes": [
        [
            0.0,
            415.9515380859375,
            0.03320886567234993,
            416.0
        ],
        [
            415.9922180175781,
            201.47332763671875,
            415.99993896484375,
            220.9072265625
        ],
        [
            243.92385864257812,
            222.75491333007812,
            252.8650665283203,
            228.1868896484375
        ]
    ],
    "scores": [
        0.24416334927082062,
        0.24416334927082062,
        0.09497086703777313
    ]
}