{
    "predicted_boxes": [
        [
            153.7183837890625,
            180.43972778320312,
            160.7484130859375,
            189.32113647460938
        ],
        [
            0.0,
            415.95513916015625,
            0.030997559428215027,
            416.0
        ],
        [
            161.0256805419922,
            182.51177978515625,
            169.0416717529297,
            190.5489501953125
        ]
    ],
    "scores": [
        0.659396767616272,
        0.24416334927082062,
        0.07802780717611313
    ]
}