{
    "predicted_boxes": [
        [
            0.0,
            415.9568176269531,
            0.030581193044781685,
            416.0
        ]
    ],
    "scores": [
        0.24416334927082062
    ]
}