{
    "predicted_boxes": [
        [
            312.54351806640625,
            205.53529357910156,
            324.0301513671875,
            222.21401977539062
        ],
        [
            241.70989990234375,
            221.77369689941406,
            247.33132934570312,
            229.45677185058594
        ],
        [
            0.0,
            415.9512939453125,
            0.032766006886959076,
            416.0
        ],
        [
            415.9552917480469,
            213.7014617919922,
            415.9999084472656,
            232.94879150390625
        ]
    ],
    "scores": [
        0.9813107252120972,
        0.481009304523468,
        0.24416334927082062,
        0.24416334927082062
    ]
}