{
    "predicted_boxes": [
        [
            115.20963287353516,
            220.6529083251953,
            120.6979751586914,
            232.0733184814453
        ],
        [
            162.9165496826172,
            225.3154296875,
            165.21604919433594,
            229.46832275390625
        ],
        [
            161.90061950683594,
            225.1868438720703,
            164.54031372070312,
            229.45672607421875
        ]
    ],
    "scores": [
        0.772367537021637,
        0.5816961526870728,
        0.0710977241396904
    ]
}