{
    "predicted_boxes": [
        [
            75.8907241821289,
            197.62551879882812,
            80.2030258178711,
            211.441650390625
        ],
        [
            0.0,
            415.95343017578125,
            0.03173672407865524,
            416.0
        ]
    ],
    "scores": [
        0.4442479908466339,
        0.24416334927082062
    ]
}