{
    "predicted_boxes": [
        [
            103.03826141357422,
            198.5419158935547,
            119.08269500732422,
            222.18014526367188
        ],
        [
            154.62355041503906,
            221.2494354248047,
            158.6658935546875,
            229.64227294921875
        ],
        [
            0.0,
            415.95733642578125,
            0.02732798457145691,
            416.0
        ],
        [
            151.65524291992188,
            220.61769104003906,
            159.404052734375,
            230.18096923828125
        ],
        [
            155.28005981445312,
            225.1407928466797,
            158.5496368408203,
            230.21157836914062
        ]
    ],
    "scores": [
        0.9677459001541138,
        0.29180479049682617,
        0.24416334927082062,
        0.06625890731811523,
        0.05472046509385109
    ]
}