{
    "predicted_boxes": [
        [
            0.0,
            415.950927734375,
            0.03162186220288277,
            416.0
        ]
    ],
    "scores": [
        0.24416334927082062
    ]
}