{
    "predicted_boxes": [
        [
            144.2099151611328,
            213.28488159179688,
            154.3123779296875,
            226.58404541015625
        ],
        [
            0.0,
            415.9508361816406,
            0.031691424548625946,
            416.0
        ],
        [
            86.33688354492188,
            415.9371643066406,
            89.49634552001953,
            416.0
        ]
    ],
    "scores": [
        0.9939426779747009,
        0.24416334927082062,
        0.24416334927082062
    ]
}