{
    "predicted_boxes": [
        [
            0.0,
            415.95452880859375,
            0.033371247351169586,
            416.0
        ]
    ],
    "scores": [
        0.24416334927082062
    ]
}