{
    "predicted_boxes": [
        [
            255.36209106445312,
            207.59121704101562,
            259.798095703125,
            219.52227783203125
        ],
        [
            0.0,
            415.9583435058594,
            0.03159487992525101,
            416.0
        ],
        [
            65.06946563720703,
            223.18675231933594,
            73.33309936523438,
            229.18370056152344
        ],
        [
            60.89210510253906,
            213.8610076904297,
            66.05558776855469,
            225.0481414794922
        ],
        [
            128.08534240722656,
            222.58279418945312,
            132.25350952148438,
            227.59397888183594
        ]
    ],
    "scores": [
        0.8757681250572205,
        0.24416334927082062,
        0.147793248295784,
        0.1090206652879715,
        0.07715118676424026
    ]
}