{
    "predicted_boxes": [
        [
            266.3498229980469,
            205.47140502929688,
            279.22979736328125,
            225.1250457763672
        ],
        [
            113.9864273071289,
            211.6324005126953,
            123.53356170654297,
            224.46897888183594
        ],
        [
            138.49513244628906,
            219.7070770263672,
            144.27371215820312,
            227.91030883789062
        ],
        [
            190.63612365722656,
            225.0922088623047,
            192.99366760253906,
            230.29002380371094
        ],
        [
            219.10769653320312,
            218.163330078125,
            226.68630981445312,
            229.31192016601562
        ],
        [
            153.330322265625,
            224.38619995117188,
            155.5606689453125,
            229.14141845703125
        ],
        [
            154.4740447998047,
            225.0615692138672,
            156.51974487304688,
            229.50868225097656
        ]
    ],
    "scores": [
        0.993335485458374,
        0.9745181202888489,
        0.8989871144294739,
        0.48018136620521545,
        0.3378739655017853,
        0.11054497957229614,
        0.059227969497442245
    ]
}