{
    "predicted_boxes": [
        [
            125.15355682373047,
            209.35911560058594,
            136.89007568359375,
            225.29942321777344
        ],
        [
            0.0,
            415.9501953125,
            0.03190901130437851,
            416.0
        ],
        [
            83.89602661132812,
            415.97515869140625,
            86.83270263671875,
            416.0
        ],
        [
            86.25789642333984,
            415.9107360839844,
            89.54926300048828,
            415.99755859375
        ]
    ],
    "scores": [
        0.996727466583252,
        0.24416334927082062,
        0.24416334927082062,
        0.09273117780685425
    ]
}