{
    "predicted_boxes": [
        [
            0.0,
            415.953857421875,
            0.03185851499438286,
            416.0
        ],
        [
            415.96063232421875,
            201.50576782226562,
            415.9999084472656,
            220.93353271484375
        ]
    ],
    "scores": [
        0.24416334927082062,
        0.24416334927082062
    ]
}