{
    "predicted_boxes": [
        [
            293.89434814453125,
            205.93341064453125,
            309.3103332519531,
            232.53726196289062
        ]
    ],
    "scores": [
        0.9992226362228394
    ]
}