{
    "predicted_boxes": [
        [
            321.7042541503906,
            172.16748046875,
            330.8416442871094,
            198.49415588378906
        ],
        [
            0.0,
            415.9474792480469,
            0.033783406019210815,
            416.0
        ]
    ],
    "scores": [
        0.649284303188324,
        0.24416334927082062
    ]
}