{
    "predicted_boxes": [
        [
            61.698726654052734,
            190.042236328125,
            71.65373992919922,
            217.97142028808594
        ],
        [
            0.0,
            415.9576416015625,
            0.03031879849731922,
            416.0
        ]
    ],
    "scores": [
        0.9801470637321472,
        0.24416334927082062
    ]
}