{
    "predicted_boxes": [
        [
            276.4399108886719,
            216.512451171875,
            283.2344970703125,
            227.0683135986328
        ],
        [
            286.06695556640625,
            218.97921752929688,
            290.60699462890625,
            227.2545928955078
        ],
        [
            0.0,
            415.9495849609375,
            0.030827993527054787,
            416.0
        ]
    ],
    "scores": [
        0.9917771816253662,
        0.2473265826702118,
        0.24416334927082062
    ]
}