{
    "predicted_boxes": [
        [
            144.7219696044922,
            223.808349609375,
            148.5519256591797,
            229.676025390625
        ],
        [
            82.19190979003906,
            216.05224609375,
            89.77324676513672,
            230.39297485351562
        ],
        [
            382.38311767578125,
            202.6212615966797,
            389.2283020019531,
            214.87950134277344
        ],
        [
            163.43296813964844,
            219.556640625,
            167.69650268554688,
            227.35137939453125
        ]
    ],
    "scores": [
        0.9499467015266418,
        0.3678285479545593,
        0.23764494061470032,
        0.1847236305475235
    ]
}