{
    "predicted_boxes": [
        [
            0.0,
            415.9530029296875,
            0.03242216631770134,
            416.0
        ],
        [
            365.7612609863281,
            415.9490051269531,
            369.10711669921875,
            416.0
        ],
        [
            375.6631164550781,
            205.76454162597656,
            381.83111572265625,
            216.71656799316406
        ],
        [
            327.30572509765625,
            415.9195251464844,
            330.74468994140625,
            415.99761962890625
        ],
        [
            81.17750549316406,
            415.79534912109375,
            84.2193374633789,
            415.9959716796875
        ],
        [
            363.3907165527344,
            415.8477783203125,
            367.0803527832031,
            415.99566650390625
        ]
    ],
    "scores": [
        0.24416334927082062,
        0.24416334927082062,
        0.11948339641094208,
        0.10727058351039886,
        0.08426237851381302,
        0.06531508266925812
    ]
}