{
    "predicted_boxes": [
        [
            146.76617431640625,
            211.3011474609375,
            158.2377471923828,
            227.92506408691406
        ],
        [
            0.0,
            415.9566955566406,
            0.030704716220498085,
            416.0
        ],
        [
            185.33753967285156,
            225.56419372558594,
            188.19180297851562,
            230.5883331298828
        ]
    ],
    "scores": [
        0.9965299963951111,
        0.24416334927082062,
        0.05895262211561203
    ]
}