{
    "predicted_boxes": [
        [
            0.0,
            415.9564514160156,
            0.033900000154972076,
            416.0
        ],
        [
            201.23023986816406,
            200.061767578125,
            208.29286193847656,
            204.41502380371094
        ]
    ],
    "scores": [
        0.24416334927082062,
        0.2380005121231079
    ]
}