{
    "predicted_boxes": [
        [
            236.8129425048828,
            218.0278778076172,
            243.88397216796875,
            228.6849822998047
        ],
        [
            0.0,
            415.95697021484375,
            0.03214888274669647,
            416.0
        ],
        [
            62.1592903137207,
            209.7549285888672,
            67.06369018554688,
            221.47793579101562
        ]
    ],
    "scores": [
        0.9816645383834839,
        0.24416334927082062,
        0.0629136860370636
    ]
}