{
    "predicted_boxes": [
        [
            0.0,
            415.9583740234375,
            0.030356425791978836,
            416.0
        ],
        [
            81.22380065917969,
            415.9842529296875,
            84.0223388671875,
            416.0
        ],
        [
            69.72789001464844,
            415.80126953125,
            73.94489288330078,
            415.99468994140625
        ]
    ],
    "scores": [
        0.24416334927082062,
        0.24416334927082062,
        0.0690949484705925
    ]
}