{
    "predicted_boxes": [
        [
            198.21591186523438,
            218.60723876953125,
            204.45213317871094,
            227.96981811523438
        ],
        [
            0.0,
            415.9508361816406,
            0.03422081470489502,
            416.0
        ]
    ],
    "scores": [
        0.9238275289535522,
        0.24416334927082062
    ]
}