{
    "predicted_boxes": [
        [
            324.7085266113281,
            125.98689270019531,
            344.47265625,
            173.4219207763672
        ],
        [
            0.0,
            415.951171875,
            0.031391650438308716,
            416.0
        ],
        [
            37.8773193359375,
            204.65936279296875,
            47.34821319580078,
            225.38226318359375
        ]
    ],
    "scores": [
        0.6257964372634888,
        0.24416334927082062,
        0.1509266197681427
    ]
}