{
    "predicted_boxes": [
        [
            0.0,
            415.9588623046875,
            0.034239135682582855,
            416.0
        ]
    ],
    "scores": [
        0.24416334927082062
    ]
}