{
    "predicted_boxes": [
        [
            0.0,
            415.9567565917969,
            0.03175083175301552,
            416.0
        ],
        [
            70.30970764160156,
            415.9576110839844,
            73.91419219970703,
            416.0
        ],
        [
            239.99874877929688,
            415.964111328125,
            243.20314025878906,
            416.0
        ],
        [
            374.0718994140625,
            415.9457092285156,
            377.4290466308594,
            416.0
        ],
        [
            372.0175476074219,
            415.92852783203125,
            375.3775634765625,
            416.0
        ],
        [
            81.45426177978516,
            415.8462829589844,
            84.43293762207031,
            415.99676513671875
        ],
        [
            365.61865234375,
            415.81744384765625,
            369.2746887207031,
            415.99493408203125
        ],
        [
            369.819580078125,
            415.9075927734375,
            373.4626159667969,
            415.9974670410156
        ],
        [
            367.7493896484375,
            415.8877258300781,
            371.3876037597656,
            415.9969177246094
        ],
        [
            241.93585205078125,
            415.80072021484375,
            245.38125610351562,
            415.9974365234375
        ]
    ],
    "scores": [
        0.24416334927082062,
        0.24416334927082062,
        0.24416334927082062,
        0.24416334927082062,
        0.24416334927082062,
        0.07924476265907288,
        0.06300410628318787,
        0.06047043576836586,
        0.06042372062802315,
        0.050983138382434845
    ]
}