{
    "predicted_boxes": [
        [
            0.0,
            415.95587158203125,
            0.031050780788064003,
            416.0
        ]
    ],
    "scores": [
        0.24416334927082062
    ]
}