{
    "predicted_boxes": [
        [
            55.94932556152344,
            177.99607849121094,
            75.49775695800781,
            213.4358367919922
        ],
        [
            180.82452392578125,
            225.181884765625,
            183.66439819335938,
            231.0110321044922
        ],
        [
            168.3500213623047,
            225.6160125732422,
            170.44700622558594,
            229.513916015625
        ],
        [
            179.56036376953125,
            225.07052612304688,
            182.69110107421875,
            231.2296905517578
        ],
        [
            176.88265991210938,
            225.35333251953125,
            179.5806884765625,
            230.71998596191406
        ],
        [
            177.97900390625,
            225.31048583984375,
            180.89915466308594,
            231.12864685058594
        ],
        [
            169.1458282470703,
            225.34243774414062,
            171.3157196044922,
            229.48507690429688
        ]
    ],
    "scores": [
        0.9930451512336731,
        0.5426874756813049,
        0.1234031617641449,
        0.12072980403900146,
        0.1174224242568016,
        0.08837691694498062,
        0.08178946375846863
    ]
}