{
    "predicted_boxes": [
        [
            23.35314178466797,
            185.49696350097656,
            32.774349212646484,
            211.20741271972656
        ],
        [
            0.0,
            415.9609375,
            0.029854655265808105,
            416.0
        ],
        [
            24.98980140686035,
            186.20870971679688,
            32.11741256713867,
            200.90185546875
        ]
    ],
    "scores": [
        0.9957568049430847,
        0.24416334927082062,
        0.051612041890621185
    ]
}