{
    "predicted_boxes": [
        [
            33.69818878173828,
            189.78070068359375,
            44.22309494018555,
            214.1659393310547
        ],
        [
            0.0,
            415.9609069824219,
            0.030384644865989685,
            416.0
        ]
    ],
    "scores": [
        0.9937207698822021,
        0.24416334927082062
    ]
}