{
    "predicted_boxes": [
        [
            0.0,
            415.9527587890625,
            0.03345590829849243,
            416.0
        ]
    ],
    "scores": [
        0.24416334927082062
    ]
}