{
    "predicted_boxes": [
        [
            0.0,
            415.9571533203125,
            0.03207288682460785,
            416.0
        ]
    ],
    "scores": [
        0.24416334927082062
    ]
}