{
    "predicted_boxes": [
        [
            208.6278076171875,
            214.27728271484375,
            212.1168670654297,
            225.22390747070312
        ],
        [
            185.9936981201172,
            214.27529907226562,
            189.8703155517578,
            225.29978942871094
        ],
        [
            0.0,
            415.9618225097656,
            0.027027221396565437,
            416.0
        ],
        [
            121.00387573242188,
            162.6866455078125,
            133.76211547851562,
            202.93557739257812
        ],
        [
            210.42041015625,
            160.08815002441406,
            227.09510803222656,
            202.94984436035156
        ]
    ],
    "scores": [
        0.7910881042480469,
        0.6404611468315125,
        0.24416334927082062,
        0.2281349003314972,
        0.21010059118270874
    ]
}