{
    "predicted_boxes": [
        [
            349.6463317871094,
            186.4176483154297,
            363.14263916015625,
            215.23733520507812
        ],
        [
            27.780961990356445,
            204.12684631347656,
            34.20785903930664,
            215.2446746826172
        ],
        [
            0.0,
            415.9542236328125,
            0.028958549723029137,
            416.0
        ]
    ],
    "scores": [
        0.9931166172027588,
        0.9862632751464844,
        0.24416334927082062
    ]
}