{
    "predicted_boxes": [
        [
            308.4206237792969,
            140.25137329101562,
            325.0438537597656,
            181.6853485107422
        ],
        [
            0.0,
            415.9495849609375,
            0.031160691753029823,
            416.0
        ]
    ],
    "scores": [
        0.7195076942443848,
        0.24416334927082062
    ]
}