{
    "predicted_boxes": [
        [
            0.0,
            415.95953369140625,
            0.03186742588877678,
            416.0
        ],
        [
            195.6178436279297,
            90.80377960205078,
            204.70748901367188,
            100.11582946777344
        ]
    ],
    "scores": [
        0.24416334927082062,
        0.05219024792313576
    ]
}