{
    "predicted_boxes": [
        [
            113.34697723388672,
            206.04835510253906,
            126.26102447509766,
            224.38217163085938
        ],
        [
            0.0,
            415.95196533203125,
            0.03078467585146427,
            416.0
        ],
        [
            86.4617919921875,
            415.9344787597656,
            89.61437225341797,
            416.0
        ],
        [
            69.8478012084961,
            415.98052978515625,
            73.71134948730469,
            416.0
        ],
        [
            349.1988525390625,
            415.9424133300781,
            352.73004150390625,
            416.0
        ],
        [
            361.6157531738281,
            415.96734619140625,
            365.1202697753906,
            416.0
        ],
        [
            353.37506103515625,
            415.8562316894531,
            357.2069396972656,
            415.9958801269531
        ],
        [
            355.50653076171875,
            415.8025817871094,
            359.3818359375,
            415.9945373535156
        ],
        [
            351.22705078125,
            415.9288635253906,
            355.0467529296875,
            415.99798583984375
        ],
        [
            359.2525329589844,
            415.8028869628906,
            363.1575622558594,
            415.9945373535156
        ]
    ],
    "scores": [
        0.9942268133163452,
        0.24416334927082062,
        0.24416334927082062,
        0.24416334927082062,
        0.24416334927082062,
        0.24416334927082062,
        0.06689136475324631,
        0.06685967743396759,
        0.06681410223245621,
        0.0663769468665123
    ]
}