{
    "predicted_boxes": [
        [
            179.48081970214844,
            219.95294189453125,
            186.33056640625,
            229.33865356445312
        ],
        [
            0.0,
            415.95367431640625,
            0.033106379210948944,
            416.0
        ],
        [
            349.0989685058594,
            415.8466491699219,
            352.9691162109375,
            415.9955749511719
        ]
    ],
    "scores": [
        0.9839014410972595,
        0.24416334927082062,
        0.06997624784708023
    ]
}