{
    "predicted_boxes": [
        [
            157.95416259765625,
            218.9467315673828,
            163.77227783203125,
            227.7984161376953
        ]
    ],
    "scores": [
        0.9906692504882812
    ]
}