{
    "predicted_boxes": [
        [
            0.0,
            415.9565734863281,
            0.029106829315423965,
            416.0
        ],
        [
            204.7828369140625,
            134.6709442138672,
            210.63392639160156,
            141.62229919433594
        ],
        [
            199.4447021484375,
            134.4139862060547,
            205.4777069091797,
            140.90858459472656
        ]
    ],
    "scores": [
        0.24416334927082062,
        0.20986373722553253,
        0.10369285196065903
    ]
}