{
    "predicted_boxes": [
        [
            0.0,
            415.9497985839844,
            0.031376298516988754,
            416.0
        ],
        [
            365.8177795410156,
            415.9848327636719,
            369.1521911621094,
            416.0
        ],
        [
            167.0425262451172,
            415.9296569824219,
            170.03036499023438,
            416.0
        ],
        [
            81.24694061279297,
            415.7850341796875,
            84.29348754882812,
            415.9959411621094
        ],
        [
            363.4751281738281,
            415.907470703125,
            367.13818359375,
            415.9972839355469
        ],
        [
            163.10244750976562,
            415.9024353027344,
            166.31207275390625,
            415.99908447265625
        ],
        [
            165.02349853515625,
            415.89410400390625,
            168.24757385253906,
            415.99896240234375
        ],
        [
            240.15811157226562,
            415.8170471191406,
            243.6270294189453,
            415.9978942871094
        ]
    ],
    "scores": [
        0.24416334927082062,
        0.24416334927082062,
        0.24416334927082062,
        0.08374757319688797,
        0.06486831605434418,
        0.056379061192274094,
        0.05352646857500076,
        0.05179910734295845
    ]
}