{
    "predicted_boxes": [
        [
            0.0,
            415.95831298828125,
            0.03344576060771942,
            416.0
        ]
    ],
    "scores": [
        0.24416334927082062
    ]
}