{
    "predicted_boxes": [
        [
            300.5,
            208.26719665527344,
            316.4444885253906,
            224.0645751953125
        ],
        [
            0.0,
            415.95550537109375,
            0.03361532464623451,
            416.0
        ]
    ],
    "scores": [
        0.9838730692863464,
        0.24416334927082062
    ]
}