{
    "predicted_boxes": [
        [
            0.0,
            415.95697021484375,
            0.0310567244887352,
            416.0
        ]
    ],
    "scores": [
        0.24416334927082062
    ]
}