{
    "predicted_boxes": [
        [
            239.80503845214844,
            112.1262435913086,
            260.4184875488281,
            128.11428833007812
        ],
        [
            0.0,
            415.95855712890625,
            0.029517997056245804,
            416.0
        ]
    ],
    "scores": [
        0.32080087065696716,
        0.24416334927082062
    ]
}