{
    "predicted_boxes": [
        [
            227.8450164794922,
            219.36558532714844,
            234.30372619628906,
            229.06886291503906
        ],
        [
            0.0,
            415.9537353515625,
            0.032348401844501495,
            416.0
        ]
    ],
    "scores": [
        0.9242124557495117,
        0.24416334927082062
    ]
}