{
    "predicted_boxes": [
        [
            0.0,
            415.9565124511719,
            0.032083529978990555,
            416.0
        ],
        [
            212.53793334960938,
            116.19448852539062,
            219.361083984375,
            122.62018585205078
        ]
    ],
    "scores": [
        0.24416334927082062,
        0.10105422139167786
    ]
}