{
    "predicted_boxes": [
        [
            160.20742797851562,
            197.69078063964844,
            167.52198791503906,
            216.68118286132812
        ],
        [
            204.8443145751953,
            198.7176971435547,
            212.14920043945312,
            218.00657653808594
        ],
        [
            0.0,
            415.9577331542969,
            0.029154356569051743,
            416.0
        ],
        [
            159.9654998779297,
            206.9053955078125,
            167.27432250976562,
            217.1189422607422
        ],
        [
            186.2003173828125,
            217.31735229492188,
            189.09793090820312,
            226.64602661132812
        ],
        [
            203.408447265625,
            217.75369262695312,
            206.9499053955078,
            226.3179473876953
        ],
        [
            160.7880096435547,
            197.64649963378906,
            166.9770050048828,
            207.83815002441406
        ]
    ],
    "scores": [
        0.5343464612960815,
        0.4573870301246643,
        0.24416334927082062,
        0.1986720860004425,
        0.14332303404808044,
        0.09621932357549667,
        0.0757010206580162
    ]
}