{
    "predicted_boxes": [
        [
            92.35984802246094,
            200.29745483398438,
            103.5567626953125,
            221.1139678955078
        ],
        [
            0.0,
            415.9571533203125,
            0.03378043696284294,
            416.0
        ]
    ],
    "scores": [
        0.9910422563552856,
        0.24416334927082062
    ]
}