{
    "predicted_boxes": [
        [
            66.57461547851562,
            182.92489624023438,
            84.18905639648438,
            216.97581481933594
        ],
        [
            0.0,
            415.9553527832031,
            0.026103142648935318,
            416.0
        ],
        [
            349.27459716796875,
            415.954345703125,
            352.8015441894531,
            416.0
        ],
        [
            347.4749755859375,
            415.9831237792969,
            350.9651794433594,
            416.0
        ],
        [
            341.50054931640625,
            415.9584655761719,
            344.7465515136719,
            416.0
        ],
        [
            370.0411376953125,
            415.97216796875,
            373.3895263671875,
            416.0
        ],
        [
            367.97113037109375,
            415.9557800292969,
            371.3108215332031,
            416.0
        ],
        [
            327.2082214355469,
            415.908935546875,
            330.4415283203125,
            415.9971618652344
        ],
        [
            81.04680633544922,
            415.82696533203125,
            84.11054992675781,
            415.99664306640625
        ],
        [
            351.09027099609375,
            415.870849609375,
            354.9372253417969,
            415.99627685546875
        ],
        [
            353.2339782714844,
            415.7927551269531,
            357.10235595703125,
            415.9940490722656
        ],
        [
            345.4723205566406,
            415.88616943359375,
            349.1024169921875,
            415.9966735839844
        ],
        [
            343.6902160644531,
            415.8946228027344,
            347.26470947265625,
            415.9967346191406
        ],
        [
            361.3200378417969,
            415.85150146484375,
            365.1510314941406,
            415.99578857421875
        ],
        [
            363.486083984375,
            415.8988952636719,
            367.1826477050781,
            415.9971008300781
        ],
        [
            365.68670654296875,
            415.9188232421875,
            369.3227233886719,
            415.99774169921875
        ]
    ],
    "scores": [
        0.9855345487594604,
        0.24416334927082062,
        0.24416334927082062,
        0.24416334927082062,
        0.24416334927082062,
        0.24416334927082062,
        0.24416334927082062,
        0.09418656677007675,
        0.08153160661458969,
        0.0680864229798317,
        0.06780049204826355,
        0.06776243448257446,
        0.06663515418767929,
        0.06563831865787506,
        0.06349094212055206,
        0.061968039721250534
    ]
}