{
    "predicted_boxes": [
        [
            0.0,
            415.95672607421875,
            0.03268332779407501,
            416.0
        ],
        [
            415.9660339355469,
            252.12351989746094,
            415.9999084472656,
            294.2851867675781
        ],
        [
            327.3883056640625,
            415.8258972167969,
            330.873779296875,
            415.99444580078125
        ],
        [
            81.39927673339844,
            415.789306640625,
            84.3837890625,
            415.9954833984375
        ],
        [
            207.6111297607422,
            125.25666046142578,
            215.78062438964844,
            131.0106201171875
        ],
        [
            316.46661376953125,
            415.80810546875,
            320.7536315917969,
            415.9949645996094
        ],
        [
            69.92506408691406,
            415.8239440917969,
            73.9460220336914,
            415.9954528808594
        ],
        [
            363.4641418457031,
            415.82904052734375,
            367.154296875,
            415.9950866699219
        ],
        [
            365.6697692871094,
            415.87896728515625,
            369.30938720703125,
            415.99664306640625
        ]
    ],
    "scores": [
        0.24416334927082062,
        0.24416334927082062,
        0.11629030108451843,
        0.08140440285205841,
        0.07708866894245148,
        0.07066690176725388,
        0.0702638104557991,
        0.06530842185020447,
        0.06302261352539062
    ]
}