{
    "predicted_boxes": [
        [
            313.87200927734375,
            146.38540649414062,
            332.93890380859375,
            160.08558654785156
        ],
        [
            130.7252960205078,
            222.24993896484375,
            136.15980529785156,
            232.75978088378906
        ],
        [
            0.0,
            415.9571533203125,
            0.03426660969853401,
            416.0
        ],
        [
            323.86468505859375,
            149.32437133789062,
            331.84735107421875,
            160.3817596435547
        ]
    ],
    "scores": [
        0.8371135592460632,
        0.275592565536499,
        0.24416334927082062,
        0.06649302691221237
    ]
}