{
    "predicted_boxes": [
        [
            99.684814453125,
            197.46408081054688,
            117.00718688964844,
            221.3452911376953
        ],
        [
            162.7602996826172,
            221.9478759765625,
            167.00265502929688,
            229.08091735839844
        ]
    ],
    "scores": [
        0.9972015619277954,
        0.2446693778038025
    ]
}