{
    "predicted_boxes": [
        [
            158.7073516845703,
            225.2814483642578,
            161.27891540527344,
            229.61900329589844
        ],
        [
            106.41436767578125,
            219.4659423828125,
            111.91621398925781,
            230.72113037109375
        ],
        [
            335.8516845703125,
            207.77711486816406,
            342.7853088378906,
            222.4561004638672
        ]
    ],
    "scores": [
        0.6507992148399353,
        0.5817332863807678,
        0.11147032678127289
    ]
}