{
    "predicted_boxes": [
        [
            0.0,
            415.9524230957031,
            0.034416377544403076,
            416.0
        ]
    ],
    "scores": [
        0.24416334927082062
    ]
}