{
    "predicted_boxes": [
        [
            0.0,
            415.9552917480469,
            0.03207065910100937,
            416.0
        ],
        [
            365.7685852050781,
            415.94561767578125,
            369.1313781738281,
            416.0
        ],
        [
            363.4284362792969,
            415.8839416503906,
            367.14691162109375,
            415.9967346191406
        ]
    ],
    "scores": [
        0.24416334927082062,
        0.24416334927082062,
        0.06475009769201279
    ]
}