{
    "predicted_boxes": [
        [
            0.0,
            415.9584655761719,
            0.029215006157755852,
            416.0
        ],
        [
            415.9714660644531,
            252.38369750976562,
            415.99993896484375,
            294.55389404296875
        ],
        [
            81.14447021484375,
            415.89453125,
            84.16954040527344,
            415.99798583984375
        ]
    ],
    "scores": [
        0.24416334927082062,
        0.24416334927082062,
        0.08095203340053558
    ]
}