{
    "predicted_boxes": [
        [
            0.0,
            415.95855712890625,
            0.028095120564103127,
            416.0
        ],
        [
            72.63472747802734,
            120.83751678466797,
            90.97545623779297,
            181.91844177246094
        ],
        [
            207.52438354492188,
            94.38703918457031,
            245.86660766601562,
            173.91464233398438
        ]
    ],
    "scores": [
        0.24416334927082062,
        0.1028807982802391,
        0.08276597410440445
    ]
}