{
    "predicted_boxes": [
        [
            0.0,
            415.9572448730469,
            0.03237266093492508,
            416.0
        ]
    ],
    "scores": [
        0.24416334927082062
    ]
}