{
    "predicted_boxes": [
        [
            360.58953857421875,
            208.01475524902344,
            367.4521179199219,
            218.75869750976562
        ],
        [
            93.38813781738281,
            217.68475341796875,
            100.01829528808594,
            230.73826599121094
        ],
        [
            152.056884765625,
            224.64398193359375,
            154.2967071533203,
            229.73089599609375
        ],
        [
            415.95751953125,
            193.83102416992188,
            415.9999084472656,
            212.51036071777344
        ],
        [
            151.53622436523438,
            224.97406005859375,
            153.39576721191406,
            228.84567260742188
        ],
        [
            93.79881286621094,
            224.59130859375,
            99.62124633789062,
            230.5303955078125
        ],
        [
            100.75434875488281,
            226.853271484375,
            106.72496032714844,
            231.45513916015625
        ]
    ],
    "scores": [
        0.9860531091690063,
        0.773226261138916,
        0.5208370685577393,
        0.24416334927082062,
        0.21783728897571564,
        0.13839560747146606,
        0.06804190576076508
    ]
}