{
    "predicted_boxes": [
        [
            0.0,
            415.95428466796875,
            0.03454757481813431,
            416.0
        ]
    ],
    "scores": [
        0.24416334927082062
    ]
}