{
    "predicted_boxes": [
        [
            253.10711669921875,
            179.6648406982422,
            262.70135498046875,
            204.64111328125
        ],
        [
            0.0,
            415.9536437988281,
            0.03574765846133232,
            416.0
        ]
    ],
    "scores": [
        0.4761110544204712,
        0.24416334927082062
    ]
}