{
    "predicted_boxes": [
        [
            0.0,
            415.9550476074219,
            0.03135649859905243,
            416.0
        ],
        [
            81.18865203857422,
            415.8714599609375,
            84.17965698242188,
            415.9974365234375
        ]
    ],
    "scores": [
        0.24416334927082062,
        0.08340318500995636
    ]
}