{
    "predicted_boxes": [
        [
            137.64541625976562,
            208.7652130126953,
            150.4427947998047,
            225.5713348388672
        ],
        [
            0.0,
            415.95562744140625,
            0.03085918538272381,
            416.0
        ]
    ],
    "scores": [
        0.9823942184448242,
        0.24416334927082062
    ]
}