{
    "predicted_boxes": [
        [
            259.69097900390625,
            203.32127380371094,
            264.9921875,
            217.30947875976562
        ],
        [
            0.0,
            415.9576110839844,
            0.03183945268392563,
            416.0
        ]
    ],
    "scores": [
        0.9798064231872559,
        0.24416334927082062
    ]
}