{
    "predicted_boxes": [
        [
            0.0,
            415.9585876464844,
            0.030199728906154633,
            416.0
        ],
        [
            365.78753662109375,
            415.982177734375,
            369.1351623535156,
            416.0
        ],
        [
            349.1985168457031,
            415.869140625,
            353.0338439941406,
            415.996337890625
        ],
        [
            351.227783203125,
            415.79119873046875,
            355.0909423828125,
            415.99407958984375
        ],
        [
            361.41119384765625,
            415.8405456542969,
            365.22125244140625,
            415.99554443359375
        ],
        [
            363.4647216796875,
            415.9249267578125,
            367.1692810058594,
            415.9979248046875
        ]
    ],
    "scores": [
        0.24416334927082062,
        0.24416334927082062,
        0.06913398206233978,
        0.06891895830631256,
        0.06666509062051773,
        0.06395445764064789
    ]
}