{
    "predicted_boxes": [
        [
            0.0,
            415.9577941894531,
            0.03216967731714249,
            416.0
        ]
    ],
    "scores": [
        0.24416334927082062
    ]
}