{
    "predicted_boxes": [
        [
            0.0,
            415.9615173339844,
            0.025476614013314247,
            416.0
        ],
        [
            415.9875183105469,
            91.80030822753906,
            415.99993896484375,
            138.05209350585938
        ],
        [
            209.90869140625,
            188.01348876953125,
            218.763671875,
            213.43804931640625
        ],
        [
            152.47154235839844,
            187.3998260498047,
            161.618896484375,
            213.23898315429688
        ],
        [
            327.0902099609375,
            415.81158447265625,
            330.370361328125,
            415.9942626953125
        ],
        [
            77.9694595336914,
            415.9107971191406,
            81.188720703125,
            415.9982604980469
        ],
        [
            297.28271484375,
            415.9057922363281,
            300.79583740234375,
            415.9976501464844
        ],
        [
            69.80802917480469,
            415.8359069824219,
            73.78936004638672,
            415.995849609375
        ],
        [
            141.3267822265625,
            415.90234375,
            145.10818481445312,
            415.9983215332031
        ]
    ],
    "scores": [
        0.24416334927082062,
        0.24416334927082062,
        0.12687134742736816,
        0.11060355603694916,
        0.0956922248005867,
        0.07630207389593124,
        0.06906137615442276,
        0.06851792335510254,
        0.06687121838331223
    ]
}