{
    "predicted_boxes": [
        [
            65.22955322265625,
            183.64364624023438,
            85.30535125732422,
            216.50111389160156
        ],
        [
            0.0,
            415.9618225097656,
            0.02710767276585102,
            416.0
        ],
        [
            161.3468780517578,
            221.74134826660156,
            165.8892364501953,
            229.33323669433594
        ]
    ],
    "scores": [
        0.997346043586731,
        0.24416334927082062,
        0.23061484098434448
    ]
}