{
    "predicted_boxes": [
        [
            117.0772933959961,
            207.4545440673828,
            127.18370056152344,
            224.3063201904297
        ],
        [
            179.8812713623047,
            149.9213409423828,
            187.0586700439453,
            154.96315002441406
        ],
        [
            120.45484924316406,
            223.4261932373047,
            124.64070129394531,
            232.51022338867188
        ],
        [
            180.64300537109375,
            224.50596618652344,
            187.27256774902344,
            233.8236541748047
        ],
        [
            120.82190704345703,
            225.91567993164062,
            124.30859375,
            230.2180633544922
        ]
    ],
    "scores": [
        0.9983786344528198,
        0.11021441221237183,
        0.07162804156541824,
        0.0611274316906929,
        0.05657951161265373
    ]
}