{
    "predicted_boxes": [
        [
            249.0996856689453,
            221.14016723632812,
            259.77716064453125,
            228.71250915527344
        ],
        [
            415.9273681640625,
            206.15719604492188,
            415.9998474121094,
            225.57186889648438
        ],
        [
            214.91702270507812,
            224.8117218017578,
            219.58810424804688,
            232.1312713623047
        ]
    ],
    "scores": [
        0.4874313175678253,
        0.24416334927082062,
        0.051863979548215866
    ]
}