{
    "predicted_boxes": [
        [
            0.0,
            415.953369140625,
            0.03206570819020271,
            416.0
        ],
        [
            415.97467041015625,
            201.51614379882812,
            415.9999084472656,
            220.92832946777344
        ]
    ],
    "scores": [
        0.24416334927082062,
        0.24416334927082062
    ]
}