{
    "predicted_boxes": [
        [
            208.6121826171875,
            216.12953186035156,
            211.61474609375,
            225.51824951171875
        ],
        [
            187.87973022460938,
            215.91165161132812,
            191.66043090820312,
            225.25473022460938
        ],
        [
            143.8834228515625,
            181.09439086914062,
            153.66212463378906,
            211.15521240234375
        ],
        [
            0.0,
            415.9621887207031,
            0.024173298850655556,
            416.0
        ],
        [
            209.9129180908203,
            180.35903930664062,
            220.4768829345703,
            211.17837524414062
        ]
    ],
    "scores": [
        0.7675789594650269,
        0.5536855459213257,
        0.507480800151825,
        0.24416334927082062,
        0.17907477915287018
    ]
}