{
    "predicted_boxes": [
        [
            161.2384796142578,
            225.19752502441406,
            164.29747009277344,
            229.91380310058594
        ],
        [
            112.17922973632812,
            220.6695098876953,
            117.86473083496094,
            231.8634796142578
        ],
        [
            162.28091430664062,
            225.43344116210938,
            164.90805053710938,
            229.59652709960938
        ]
    ],
    "scores": [
        0.4630475342273712,
        0.331955224275589,
        0.09284596890211105
    ]
}