{
    "predicted_boxes": [
        [
            0.0,
            415.9569396972656,
            0.02939373068511486,
            416.0
        ],
        [
            70.05168914794922,
            415.96893310546875,
            73.73444366455078,
            416.0
        ]
    ],
    "scores": [
        0.24416334927082062,
        0.24416334927082062
    ]
}