{
    "predicted_boxes": [
        [
            0.0,
            415.9601745605469,
            0.030069027096033096,
            416.0
        ],
        [
            374.13525390625,
            415.9913024902344,
            377.4974060058594,
            416.0
        ],
        [
            372.10797119140625,
            415.9930725097656,
            375.4627685546875,
            416.0
        ],
        [
            370.0595397949219,
            415.9862976074219,
            373.3958740234375,
            416.0
        ],
        [
            367.97723388671875,
            415.9866638183594,
            371.3007507324219,
            416.0
        ],
        [
            363.3975524902344,
            415.846923828125,
            367.09063720703125,
            415.9956359863281
        ],
        [
            365.6273498535156,
            415.9256286621094,
            369.2504577636719,
            415.9979248046875
        ]
    ],
    "scores": [
        0.24416334927082062,
        0.24416334927082062,
        0.24416334927082062,
        0.24416334927082062,
        0.24416334927082062,
        0.06455840915441513,
        0.062036991119384766
    ]
}