{
    "predicted_boxes": [
        [
            0.0,
            415.9574890136719,
            0.03147878497838974,
            416.0
        ],
        [
            183.27194213867188,
            183.09584045410156,
            214.85276794433594,
            190.73301696777344
        ]
    ],
    "scores": [
        0.24416334927082062,
        0.06573314219713211
    ]
}