{
    "predicted_boxes": [
        [
            266.13494873046875,
            214.351318359375,
            278.80987548828125,
            232.7211151123047
        ],
        [
            0.0,
            415.9600830078125,
            0.029709842056035995,
            416.0
        ]
    ],
    "scores": [
        0.9919871091842651,
        0.24416334927082062
    ]
}