{
    "predicted_boxes": [
        [
            176.85438537597656,
            218.46974182128906,
            184.49166870117188,
            229.166015625
        ],
        [
            188.36721801757812,
            223.2942657470703,
            194.1918182373047,
            229.6392364501953
        ],
        [
            227.00009155273438,
            225.83900451660156,
            229.47364807128906,
            230.28460693359375
        ]
    ],
    "scores": [
        0.96885085105896,
        0.25141870975494385,
        0.07153210043907166
    ]
}