{
    "predicted_boxes": [
        [
            0.0,
            415.95416259765625,
            0.031528539955616,
            416.0
        ],
        [
            415.9623107910156,
            201.51535034179688,
            415.9998779296875,
            220.9484100341797
        ]
    ],
    "scores": [
        0.24416334927082062,
        0.24416334927082062
    ]
}