{
    "predicted_boxes": [
        [
            0.0,
            415.94940185546875,
            0.030671298503875732,
            416.0
        ]
    ],
    "scores": [
        0.24416334927082062
    ]
}