{
    "predicted_boxes": [
        [
            86.7408447265625,
            197.1666259765625,
            97.54843139648438,
            220.46200561523438
        ],
        [
            180.57388305664062,
            135.8131103515625,
            187.549072265625,
            142.0274658203125
        ]
    ],
    "scores": [
        0.9954804182052612,
        0.06916488707065582
    ]
}