{
    "predicted_boxes": [
        [
            0.0,
            415.9569396972656,
            0.03101959265768528,
            416.0
        ]
    ],
    "scores": [
        0.24416334927082062
    ]
}