{
    "predicted_boxes": [
        [
            0.0,
            415.9574890136719,
            0.03190282732248306,
            416.0
        ],
        [
            347.3424072265625,
            415.9424743652344,
            351.0255126953125,
            416.0
        ],
        [
            363.59320068359375,
            415.9789123535156,
            367.0564270019531,
            416.0
        ],
        [
            351.1316223144531,
            415.95513916015625,
            354.7613525390625,
            416.0
        ],
        [
            353.1921081542969,
            415.7942199707031,
            357.1466369628906,
            415.9941101074219
        ],
        [
            361.3513488769531,
            415.86700439453125,
            365.2326354980469,
            415.9963073730469
        ]
    ],
    "scores": [
        0.24416334927082062,
        0.24416334927082062,
        0.24416334927082062,
        0.24416334927082062,
        0.06556734442710876,
        0.06491773575544357
    ]
}