{
    "predicted_boxes": [
        [
            253.5998077392578,
            208.9498291015625,
            257.54986572265625,
            220.33914184570312
        ],
        [
            66.1000747680664,
            213.53558349609375,
            74.53358459472656,
            229.312744140625
        ],
        [
            0.0,
            415.95709228515625,
            0.03280685096979141,
            416.0
        ]
    ],
    "scores": [
        0.6748867034912109,
        0.39321479201316833,
        0.24416334927082062
    ]
}