{
    "predicted_boxes": [
        [
            261.77978515625,
            202.36685180664062,
            266.9953918457031,
            216.0867919921875
        ],
        [
            0.0,
            415.9570007324219,
            0.032456085085868835,
            416.0
        ]
    ],
    "scores": [
        0.9583523869514465,
        0.24416334927082062
    ]
}