{
    "predicted_boxes": [
        [
            146.12339782714844,
            223.8927001953125,
            151.10214233398438,
            232.6315155029297
        ],
        [
            0.0,
            415.948486328125,
            0.03315192833542824,
            416.0
        ]
    ],
    "scores": [
        0.2589288353919983,
        0.24416334927082062
    ]
}