{
    "predicted_boxes": [
        [
            97.88542938232422,
            196.60340881347656,
            114.64563751220703,
            221.91859436035156
        ],
        [
            0.0,
            415.95751953125,
            0.03249569237232208,
            416.0
        ],
        [
            346.7353820800781,
            415.90130615234375,
            350.6122741699219,
            415.9972229003906
        ],
        [
            351.1349792480469,
            415.90814208984375,
            355.0085754394531,
            415.997314453125
        ],
        [
            353.33489990234375,
            415.83551025390625,
            357.23828125,
            415.9952392578125
        ]
    ],
    "scores": [
        0.9961498975753784,
        0.24416334927082062,
        0.06830743700265884,
        0.06664799153804779,
        0.06660629063844681
    ]
}