{
    "predicted_boxes": [
        [
            0.0,
            415.9570007324219,
            0.03023488074541092,
            416.0
        ],
        [
            240.076416015625,
            415.9556884765625,
            243.1378173828125,
            416.0
        ],
        [
            327.7513427734375,
            415.8519287109375,
            331.2115783691406,
            415.9956970214844
        ],
        [
            81.14387512207031,
            415.9112243652344,
            84.16232299804688,
            415.99822998046875
        ],
        [
            297.6933898925781,
            415.8628234863281,
            300.9764099121094,
            415.9962463378906
        ],
        [
            365.5661315917969,
            415.807373046875,
            369.20989990234375,
            415.99468994140625
        ],
        [
            373.90008544921875,
            415.89898681640625,
            377.5444030761719,
            415.99713134765625
        ],
        [
            369.7937927246094,
            415.87615966796875,
            373.43072509765625,
            415.99658203125
        ],
        [
            371.8462829589844,
            415.891357421875,
            375.4925842285156,
            415.9969787597656
        ],
        [
            367.7261047363281,
            415.86187744140625,
            371.3574523925781,
            415.9962158203125
        ]
    ],
    "scores": [
        0.24416334927082062,
        0.24416334927082062,
        0.10153334587812424,
        0.08273380249738693,
        0.06443231552839279,
        0.06323583424091339,
        0.06103213131427765,
        0.06075941398739815,
        0.060732997953891754,
        0.06070735678076744
    ]
}