{
    "predicted_boxes": [
        [
            0.0,
            415.95074462890625,
            0.031171830371022224,
            416.0
        ],
        [
            248.32240295410156,
            223.27284240722656,
            251.426025390625,
            228.8386688232422
        ]
    ],
    "scores": [
        0.24416334927082062,
        0.10724560916423798
    ]
}