{
    "predicted_boxes": [
        [
            385.51318359375,
            157.7559814453125,
            404.2226257324219,
            205.51040649414062
        ],
        [
            0.0,
            415.9508361816406,
            0.03337322920560837,
            416.0
        ],
        [
            268.3360595703125,
            219.8631134033203,
            273.8862609863281,
            229.97625732421875
        ],
        [
            387.14080810546875,
            162.3339080810547,
            398.80279541015625,
            199.58274841308594
        ]
    ],
    "scores": [
        0.9967708587646484,
        0.24416334927082062,
        0.17548868060112,
        0.088543601334095
    ]
}