{
    "predicted_boxes": [
        [
            0.0,
            415.95196533203125,
            0.03428468108177185,
            416.0
        ]
    ],
    "scores": [
        0.24416334927082062
    ]
}