{
    "predicted_boxes": [
        [
            265.7528076171875,
            219.43643188476562,
            270.9456481933594,
            228.3645477294922
        ],
        [
            277.2583923339844,
            221.25672912597656,
            280.69854736328125,
            227.79290771484375
        ],
        [
            0.0,
            415.9551086425781,
            0.032666243612766266,
            416.0
        ],
        [
            278.5391845703125,
            221.47979736328125,
            281.6678161621094,
            227.8201904296875
        ],
        [
            240.13475036621094,
            224.58474731445312,
            243.01077270507812,
            230.0433807373047
        ]
    ],
    "scores": [
        0.8952041268348694,
        0.7632560729980469,
        0.24416334927082062,
        0.13253067433834076,
        0.0758245512843132
    ]
}