{
    "predicted_boxes": [
        [
            0.0,
            415.9527893066406,
            0.032337263226509094,
            416.0
        ]
    ],
    "scores": [
        0.24416334927082062
    ]
}