{
    "predicted_boxes": [
        [
            0.0,
            415.9512023925781,
            0.03170974180102348,
            416.0
        ]
    ],
    "scores": [
        0.24416334927082062
    ]
}