{
    "predicted_boxes": [
        [
            341.9693603515625,
            195.4298553466797,
            354.5051574707031,
            218.1708984375
        ],
        [
            0.0,
            415.95733642578125,
            0.029101630672812462,
            416.0
        ],
        [
            240.03662109375,
            415.96710205078125,
            243.1599884033203,
            416.0
        ],
        [
            365.7825622558594,
            415.9482421875,
            369.1178894042969,
            416.0
        ],
        [
            167.085693359375,
            415.97576904296875,
            170.00070190429688,
            416.0
        ],
        [
            165.1839599609375,
            415.9712829589844,
            168.1396484375,
            416.0
        ],
        [
            163.1142120361328,
            415.9616394042969,
            166.07669067382812,
            416.0
        ],
        [
            81.36943817138672,
            415.88995361328125,
            84.3445053100586,
            415.99786376953125
        ],
        [
            143.44239807128906,
            415.8022155761719,
            146.978515625,
            415.99627685546875
        ],
        [
            141.30528259277344,
            415.8432312011719,
            145.0891876220703,
            415.9969177246094
        ],
        [
            363.4445495605469,
            415.87542724609375,
            367.1332092285156,
            415.9964599609375
        ],
        [
            161.04568481445312,
            415.9215393066406,
            164.25613403320312,
            415.9991455078125
        ]
    ],
    "scores": [
        0.6234405040740967,
        0.24416334927082062,
        0.24416334927082062,
        0.24416334927082062,
        0.24416334927082062,
        0.24416334927082062,
        0.24416334927082062,
        0.08033091574907303,
        0.07490094751119614,
        0.0704360157251358,
        0.06422149389982224,
        0.051834527403116226
    ]
}