{
    "predicted_boxes": [
        [
            0.0,
            415.9540100097656,
            0.03034578077495098,
            416.0
        ]
    ],
    "scores": [
        0.24416334927082062
    ]
}