{
    "predicted_boxes": [
        [
            279.8155212402344,
            184.75332641601562,
            303.2970275878906,
            220.96774291992188
        ],
        [
            0.0,
            415.9594421386719,
            0.02976306341588497,
            416.0
        ]
    ],
    "scores": [
        0.9987693428993225,
        0.24416334927082062
    ]
}