{
    "predicted_boxes": [
        [
            0.0,
            415.959228515625,
            0.032941512763500214,
            416.0
        ]
    ],
    "scores": [
        0.24416334927082062
    ]
}