{
    "predicted_boxes": [
        [
            172.14993286132812,
            216.539306640625,
            179.64633178710938,
            228.3386688232422
        ],
        [
            172.87452697753906,
            227.10801696777344,
            178.92047119140625,
            233.8118438720703
        ],
        [
            173.1835174560547,
            234.43515014648438,
            184.62164306640625,
            248.12698364257812
        ]
    ],
    "scores": [
        0.9766286015510559,
        0.233993798494339,
        0.12833170592784882
    ]
}