{
    "predicted_boxes": [
        [
            278.21075439453125,
            210.6619873046875,
            290.7590637207031,
            233.2227325439453
        ],
        [
            0.0,
            415.95611572265625,
            0.03309325873851776,
            416.0
        ]
    ],
    "scores": [
        0.9976067543029785,
        0.24416334927082062
    ]
}