{
    "predicted_boxes": [
        [
            112.17250061035156,
            200.7921142578125,
            128.0493927001953,
            222.35272216796875
        ],
        [
            0.0,
            415.9601745605469,
            0.027101485058665276,
            416.0
        ],
        [
            183.32931518554688,
            225.44778442382812,
            186.14637756347656,
            230.04281616210938
        ]
    ],
    "scores": [
        0.9953988194465637,
        0.24416334927082062,
        0.14491772651672363
    ]
}