{
    "predicted_boxes": [
        [
            0.0,
            415.95672607421875,
            0.032852645963430405,
            416.0
        ],
        [
            77.96469116210938,
            415.90997314453125,
            81.23020935058594,
            415.9982604980469
        ]
    ],
    "scores": [
        0.24416334927082062,
        0.0767921432852745
    ]
}