{
    "predicted_boxes": [
        [
            274.8935546875,
            203.32139587402344,
            280.4490966796875,
            225.4178009033203
        ],
        [
            0.0,
            415.95458984375,
            0.03191594406962395,
            416.0
        ]
    ],
    "scores": [
        0.9186717867851257,
        0.24416334927082062
    ]
}