{
    "predicted_boxes": [
        [
            105.96005249023438,
            219.3516845703125,
            110.34867858886719,
            226.2576446533203
        ],
        [
            0.0,
            415.9570617675781,
            0.031140394508838654,
            416.0
        ],
        [
            264.03887939453125,
            201.1346435546875,
            269.6859436035156,
            215.38446044921875
        ]
    ],
    "scores": [
        0.4022313952445984,
        0.24416334927082062,
        0.18644966185092926
    ]
}