{
    "predicted_boxes": [
        [
            74.76019287109375,
            193.46847534179688,
            83.67100524902344,
            196.97601318359375
        ],
        [
            170.8577880859375,
            179.06251525878906,
            177.47833251953125,
            187.13400268554688
        ],
        [
            370.31097412109375,
            182.6865234375,
            376.98565673828125,
            194.11378479003906
        ],
        [
            169.1211700439453,
            177.05909729003906,
            179.96202087402344,
            189.06866455078125
        ],
        [
            75.1820297241211,
            193.78041076660156,
            80.0343017578125,
            198.27833557128906
        ],
        [
            74.81758880615234,
            191.3556365966797,
            83.31026458740234,
            196.22372436523438
        ],
        [
            74.88138580322266,
            194.61874389648438,
            83.18639373779297,
            198.91441345214844
        ],
        [
            20.044206619262695,
            173.92282104492188,
            33.522300720214844,
            186.4662628173828
        ],
        [
            171.4130859375,
            180.68505859375,
            175.72390747070312,
            187.9749298095703
        ],
        [
            170.3179473876953,
            176.73971557617188,
            177.8776397705078,
            184.0192108154297
        ],
        [
            73.69137573242188,
            192.60081481933594,
            84.50816345214844,
            200.92979431152344
        ],
        [
            243.75363159179688,
            172.26663208007812,
            248.45570373535156,
            177.01608276367188
        ],
        [
            169.43115234375,
            178.67398071289062,
            173.6556396484375,
            186.01437377929688
        ],
        [
            502.56756591796875,
            179.66786193847656,
            509.132568359375,
            196.47349548339844
        ],
        [
            73.48946380615234,
            185.06036376953125,
            84.15830993652344,
            196.85498046875
        ],
        [
            244.48529052734375,
            171.5902099609375,
            247.85458374023438,
            175.6398162841797
        ]
    ],
    "scores": [
        0.9577568173408508,
        0.7234830856323242,
        0.6404061913490295,
        0.4622567594051361,
        0.3932833671569824,
        0.36600929498672485,
        0.3220059871673584,
        0.30863386392593384,
        0.28101101517677307,
        0.14234599471092224,
        0.09068606793880463,
        0.08905427902936935,
        0.07811250537633896,
        0.06960134208202362,
        0.06537247449159622,
        0.06356767565011978
    ]
}