{
    "predicted_boxes": [
        [
            295.2298583984375,
            71.28662109375,
            299.8609924316406,
            81.3007583618164
        ],
        [
            406.0682678222656,
            0.0,
            450.59515380859375,
            72.67577362060547
        ],
        [
            505.9871520996094,
            51.063621520996094,
            512.0,
            85.56033325195312
        ],
        [
            83.16214752197266,
            369.03863525390625,
            94.91441345214844,
            381.5106506347656
        ],
        [
            320.1650085449219,
            46.73680114746094,
            324.0051574707031,
            59.77952575683594
        ],
        [
            296.3766784667969,
            65.16020202636719,
            299.79150390625,
            71.56703186035156
        ],
        [
            295.24615478515625,
            80.72640228271484,
            298.3097229003906,
            86.35822296142578
        ],
        [
            416.7751770019531,
            28.24094581604004,
            423.5450439453125,
            39.32439422607422
        ],
        [
            296.0293273925781,
            67.07546997070312,
            299.3778381347656,
            74.04940032958984
        ],
        [
            295.55126953125,
            73.80431365966797,
            299.01568603515625,
            83.05730438232422
        ],
        [
            296.2981262207031,
            69.72352600097656,
            299.8544616699219,
            77.93815612792969
        ]
    ],
    "scores": [
        0.9741060733795166,
        0.745711624622345,
        0.3556356430053711,
        0.27405911684036255,
        0.26130902767181396,
        0.11130718141794205,
        0.1018543541431427,
        0.10104061663150787,
        0.0854293629527092,
        0.06333619356155396,
        0.06109549477696419
    ]
}