{
    "predicted_boxes": [
        [
            252.401123046875,
            355.88128662109375,
            321.3478088378906,
            367.817138671875
        ],
        [
            251.4305419921875,
            359.0213928222656,
            258.6545104980469,
            366.47076416015625
        ],
        [
            257.0422058105469,
            350.1569519042969,
            262.1353759765625,
            356.7242736816406
        ],
        [
            297.6589050292969,
            357.1071472167969,
            319.67755126953125,
            365.0541687011719
        ],
        [
            257.642822265625,
            349.1957702636719,
            262.2717590332031,
            353.5810852050781
        ],
        [
            258.9929504394531,
            358.0154113769531,
            284.79583740234375,
            366.9659729003906
        ]
    ],
    "scores": [
        0.9793627262115479,
        0.9134230613708496,
        0.2660701274871826,
        0.13656841218471527,
        0.10775371640920639,
        0.08614781498908997
    ]
}