{
    "predicted_boxes": [
        [
            128.8905487060547,
            169.74057006835938,
            161.80767822265625,
            228.74685668945312
        ]
    ],
    "scores": [
        0.9994431138038635
    ]
}