{
    "predicted_boxes": [
        [
            80.64749908447266,
            211.2740936279297,
            90.62065887451172,
            227.40777587890625
        ]
    ],
    "scores": [
        0.8616952300071716
    ]
}