{
    "predicted_boxes": [
        [
            299.4361572265625,
            196.80796813964844,
            303.72454833984375,
            201.75230407714844
        ],
        [
            300.9921875,
            196.85821533203125,
            305.2536926269531,
            202.21731567382812
        ],
        [
            305.1363220214844,
            186.2692108154297,
            312.0559997558594,
            193.69691467285156
        ]
    ],
    "scores": [
        0.25364360213279724,
        0.11114871501922607,
        0.10494573414325714
    ]
}